t_s,i_amps,setpoint_amps
0.0,-0.00762939453125,-0.00762939453125
1.024e-06,-0.0152587890625,-0.00762939453125
2.048e-06,-0.00762939453125,-0.00762939453125
3.072e-06,-0.00762939453125,-0.00762939453125
4.096e-06,-0.00762939453125,-0.00762939453125
5.12e-06,0.0,-0.00762939453125
6.144e-06,-0.0152587890625,-0.00762939453125
7.168e-06,-0.00762939453125,-0.00762939453125
8.192e-06,0.0,0.0
9.216e-06,0.0,-0.00762939453125
1.024e-05,-0.00762939453125,-0.00762939453125
1.1264e-05,0.0,-0.00762939453125
1.2288e-05,0.0,-0.00762939453125
1.3312e-05,0.0,-0.00762939453125
1.4336e-05,0.0,-0.00762939453125
1.536e-05,0.0,-0.00762939453125
1.6384e-05,-0.0152587890625,-0.00762939453125
1.7408e-05,-0.00762939453125,-0.00762939453125
1.8432e-05,-0.00762939453125,-0.00762939453125
1.9456e-05,-0.00762939453125,-0.00762939453125
2.048e-05,0.0152587890625,-0.00762939453125
2.1504e-05,-0.02288818359375,-0.00762939453125
2.2528e-05,0.0152587890625,-0.00762939453125
2.3552e-05,-0.02288818359375,-0.00762939453125
2.4576e-05,0.0152587890625,-0.00762939453125
2.56e-05,-0.0152587890625,-0.00762939453125
2.6624e-05,0.00762939453125,-0.00762939453125
2.7648e-05,0.0,-0.00762939453125
2.8672e-05,0.00762939453125,-0.00762939453125
2.9696e-05,0.0,-0.00762939453125
3.072e-05,-0.00762939453125,-0.00762939453125
3.1744e-05,-0.00762939453125,-0.00762939453125
3.2768e-05,-0.00762939453125,-0.00762939453125
3.3792e-05,0.0,-0.00762939453125
3.4816e-05,0.0,-0.00762939453125
3.584e-05,0.0,-0.00762939453125
3.6864e-05,0.0,-0.00762939453125
3.7888e-05,-0.00762939453125,-0.00762939453125
3.8912e-05,0.00762939453125,-0.00762939453125
3.9936e-05,0.0,-0.00762939453125
4.096e-05,0.0,-0.00762939453125
4.1984e-05,0.02288818359375,-0.00762939453125
4.3008e-05,-0.02288818359375,-0.00762939453125
4.4032e-05,0.0152587890625,-0.00762939453125
4.5056e-05,-0.02288818359375,-0.00762939453125
4.608e-05,-0.0152587890625,-0.00762939453125
4.7104e-05,-0.0152587890625,-0.00762939453125
4.8128e-05,-0.0152587890625,-0.00762939453125
4.9152e-05,-0.00762939453125,-0.00762939453125
5.0176e-05,0.0,-0.00762939453125
5.12e-05,0.0,-0.00762939453125
5.2224e-05,0.0,-0.00762939453125
5.3248e-05,0.0,-0.00762939453125
5.4272e-05,0.00762939453125,-0.00762939453125
5.5296e-05,-0.02288818359375,-0.00762939453125
5.632e-05,0.02288818359375,-0.00762939453125
5.7344e-05,-0.00762939453125,-0.00762939453125
5.8368e-05,0.0,-0.00762939453125
5.9392e-05,0.0,-0.00762939453125
6.0416e-05,0.00762939453125,-0.00762939453125
6.144e-05,-0.030517578125,-0.00762939453125
6.2464e-05,0.00762939453125,-0.00762939453125
6.3488e-05,-0.0152587890625,-0.00762939453125
6.4512e-05,-0.00762939453125,-0.00762939453125
6.5536e-05,0.0,-0.00762939453125
6.656e-05,-0.0152587890625,-0.00762939453125
6.7584e-05,0.0,-0.00762939453125
6.8608e-05,0.0,-0.00762939453125
6.9632e-05,0.00762939453125,-0.00762939453125
7.0656e-05,0.0152587890625,-0.00762939453125
7.168e-05,-0.02288818359375,-0.00762939453125
7.2704e-05,0.00762939453125,-0.00762939453125
7.3728e-05,0.0152587890625,-0.00762939453125
7.4752e-05,-0.00762939453125,-0.00762939453125
7.5776e-05,0.0,-0.00762939453125
7.68e-05,-0.02288818359375,-0.00762939453125
7.7824e-05,-0.0152587890625,-0.00762939453125
7.8848e-05,-0.00762939453125,-0.00762939453125
7.9872e-05,-0.0152587890625,-0.00762939453125
8.0896e-05,0.0,-0.00762939453125
8.192e-05,0.0,-0.00762939453125
8.2944e-05,0.0152587890625,-0.00762939453125
8.3968e-05,-0.02288818359375,-0.00762939453125
8.4992e-05,0.02288818359375,-0.00762939453125
8.6016e-05,-0.02288818359375,-0.00762939453125
8.704e-05,0.0152587890625,-0.00762939453125
8.8064e-05,-0.00762939453125,-0.00762939453125
8.9088e-05,0.00762939453125,-0.00762939453125
9.0112e-05,0.00762939453125,-0.00762939453125
9.1136e-05,-0.0152587890625,-0.00762939453125
9.216e-05,0.0152587890625,-0.00762939453125
9.3184e-05,-0.030517578125,-0.00762939453125
9.4208e-05,0.0152587890625,-0.00762939453125
9.5232e-05,-0.0457763671875,-0.00762939453125
9.6256e-05,0.0,-0.00762939453125
9.728e-05,-0.00762939453125,-0.00762939453125
9.8304e-05,0.0,0.0
9.9328e-05,-0.00762939453125,-0.00762939453125
0.000100352,0.00762939453125,-0.00762939453125
0.000101376,-0.02288818359375,-0.00762939453125
0.0001024,0.00762939453125,-0.00762939453125
0.000103424,0.00762939453125,-0.00762939453125
0.000104448,0.0152587890625,-0.00762939453125
0.000105472,-0.00762939453125,-0.00762939453125
0.000106496,0.030517578125,-0.00762939453125
0.00010752,-0.00762939453125,-0.00762939453125
0.000108544,0.0,-0.00762939453125
0.000109568,-0.00762939453125,-0.00762939453125
0.000110592,-0.02288818359375,-0.00762939453125
0.000111616,-0.00762939453125,-0.00762939453125
0.00011264,-0.00762939453125,-0.00762939453125
0.000113664,-0.0152587890625,-0.00762939453125
0.000114688,0.0152587890625,-0.00762939453125
0.000115712,-0.030517578125,-0.00762939453125
0.000116736,0.030517578125,-0.00762939453125
0.00011776,-0.00762939453125,-0.00762939453125
0.000118784,0.0152587890625,-0.00762939453125
0.000119808,-0.0152587890625,-0.00762939453125
0.000120832,0.02288818359375,-0.00762939453125
0.000121856,-0.00762939453125,-0.00762939453125
0.00012288,0.0,0.0
0.000123904,-0.0152587890625,-0.00762939453125
0.000124928,-0.02288818359375,-0.00762939453125
0.000125952,-0.030517578125,-0.00762939453125
0.000126976,0.00762939453125,-0.00762939453125
0.000128,-0.00762939453125,-0.00762939453125
0.000129024,0.00762939453125,-0.00762939453125
0.000130048,0.00762939453125,-0.00762939453125
0.000131072,-0.00762939453125,-0.00762939453125
0.000132096,0.00762939453125,-0.00762939453125
0.00013312,-0.00762939453125,-0.00762939453125
0.000134144,0.0152587890625,-0.00762939453125
0.000135168,-0.0152587890625,-0.00762939453125
0.000136192,0.0152587890625,-0.00762939453125
0.000137216,-0.00762939453125,0.0
0.00013824,-0.0152587890625,-0.00762939453125
0.000139264,-0.02288818359375,-0.00762939453125
0.000140288,-0.03814697265625,-0.00762939453125
0.000141312,0.0,-0.00762939453125
0.000142336,-0.0152587890625,-0.00762939453125
0.00014336,-0.00762939453125,-0.00762939453125
0.000144384,0.0,-0.00762939453125
0.000145408,0.00762939453125,-0.00762939453125
0.000146432,0.0152587890625,-0.00762939453125
0.000147456,-0.00762939453125,-0.00762939453125
0.00014848,0.00762939453125,-0.00762939453125
0.000149504,-0.00762939453125,-0.00762939453125
0.000150528,0.0152587890625,-0.00762939453125
0.000151552,-0.02288818359375,-0.00762939453125
0.000152576,-0.00762939453125,-0.00762939453125
0.0001536,-0.02288818359375,-0.00762939453125
0.000154624,-0.03814697265625,-0.00762939453125
0.000155648,-0.02288818359375,-0.00762939453125
0.000156672,0.0,-0.00762939453125
0.000157696,-0.00762939453125,-0.00762939453125
0.00015872,-0.0152587890625,-0.00762939453125
0.000159744,0.00762939453125,-0.00762939453125
0.000160768,0.0,-0.00762939453125
0.000161792,0.00762939453125,-0.00762939453125
0.000162816,0.0152587890625,-0.00762939453125
0.00016384,0.00762939453125,-0.00762939453125
0.000164864,0.0152587890625,-0.00762939453125
0.000165888,-0.00762939453125,-0.00762939453125
0.000166912,0.02288818359375,-0.00762939453125
0.000167936,-0.02288818359375,-0.00762939453125
0.00016896,0.0152587890625,-0.00762939453125
0.000169984,-0.0457763671875,-0.00762939453125
0.000171008,-0.00762939453125,-0.00762939453125
0.000172032,0.0,-0.00762939453125
0.000173056,0.00762939453125,0.0
0.00017408,0.0,-0.00762939453125
0.000175104,0.0,-0.00762939453125
0.000176128,0.0152587890625,-0.00762939453125
0.000177152,-0.0152587890625,-0.00762939453125
0.000178176,0.0152587890625,-0.00762939453125
0.0001792,-0.0152587890625,-0.00762939453125
0.000180224,0.0152587890625,-0.00762939453125
0.000181248,-0.0152587890625,-0.00762939453125
0.000182272,0.00762939453125,-0.00762939453125
0.000183296,0.00762939453125,-0.00762939453125
0.00018432,-0.0457763671875,-0.00762939453125
0.000185344,-0.00762939453125,-0.00762939453125
0.000186368,-0.030517578125,-0.00762939453125
0.000187392,0.02288818359375,-0.00762939453125
0.000188416,-0.030517578125,-0.00762939453125
0.00018944,0.0152587890625,-0.00762939453125
0.000190464,-0.00762939453125,0.0
0.000191488,0.00762939453125,-0.00762939453125
0.000192512,0.0152587890625,-0.00762939453125
0.000193536,0.0,-0.00762939453125
0.00019456,0.0152587890625,-0.00762939453125
0.000195584,-0.00762939453125,-0.00762939453125
0.000196608,0.00762939453125,-0.00762939453125
0.000197632,-0.0152587890625,0.0
0.000198656,-0.02288818359375,-0.00762939453125
0.00019968,0.0152587890625,-0.00762939453125
0.000200704,-0.0457763671875,0.0
0.000201728,0.0,-0.00762939453125
0.000202752,-0.0152587890625,-0.00762939453125
0.000203776,-0.00762939453125,-0.00762939453125
0.0002048,-0.00762939453125,-0.00762939453125
0.000205824,0.00762939453125,-0.00762939453125
0.000206848,0.0,-0.00762939453125
0.000207872,0.030517578125,-0.00762939453125
0.000208896,0.0,-0.00762939453125
0.00020992,0.00762939453125,-0.00762939453125
0.000210944,0.0,-0.00762939453125
0.000211968,0.0,-0.00762939453125
0.000212992,-0.0152587890625,-0.00762939453125
0.000214016,-0.02288818359375,-0.00762939453125
0.00021504,-0.03814697265625,-0.00762939453125
0.000216064,0.00762939453125,-0.00762939453125
0.000217088,-0.03814697265625,-0.00762939453125
0.000218112,0.02288818359375,-0.00762939453125
0.000219136,-0.0152587890625,-0.00762939453125
0.00022016,0.0,-0.00762939453125
0.000221184,0.00762939453125,-0.00762939453125
0.000222208,0.00762939453125,-0.00762939453125
0.000223232,-0.02288818359375,-0.00762939453125
0.000224256,0.02288818359375,-0.00762939453125
0.00022528,-0.00762939453125,-0.00762939453125
0.000226304,0.0,-0.00762939453125
0.000227328,0.0152587890625,-0.00762939453125
0.000228352,-0.030517578125,-0.00762939453125
0.000229376,0.02288818359375,-0.00762939453125
0.0002304,-0.030517578125,-0.00762939453125
0.000231424,0.0,-0.00762939453125
0.000232448,-0.00762939453125,-0.00762939453125
0.000233472,-0.0152587890625,-0.00762939453125
0.000234496,0.00762939453125,-0.00762939453125
0.00023552,-0.0152587890625,-0.00762939453125
0.000236544,-0.00762939453125,-0.00762939453125
0.000237568,0.00762939453125,-0.00762939453125
0.000238592,0.00762939453125,-0.00762939453125
0.000239616,0.0,-0.00762939453125
0.00024064,0.00762939453125,-0.00762939453125
0.000241664,-0.0152587890625,0.0
0.000242688,-0.00762939453125,-0.00762939453125
0.000243712,0.0,-0.00762939453125
0.000244736,0.0,-0.00762939453125
0.00024576,-0.00762939453125,-0.00762939453125
0.000246784,-0.02288818359375,-0.00762939453125
0.000247808,-0.02288818359375,-0.00762939453125
0.000248832,-0.0152587890625,-0.00762939453125
0.000249856,-0.02288818359375,0.0
0.00025088,0.0152587890625,-0.00762939453125
0.000251904,-0.030517578125,-0.00762939453125
0.000252928,0.030517578125,-0.00762939453125
0.000253952,-0.02288818359375,-0.00762939453125
0.000254976,0.00762939453125,-0.00762939453125
0.000256,0.02288818359375,-0.00762939453125
0.000257024,-0.02288818359375,-0.00762939453125
0.000258048,0.030517578125,-0.00762939453125
0.000259072,-0.0152587890625,-0.00762939453125
0.000260096,0.00762939453125,-0.00762939453125
0.00026112,0.0152587890625,-0.00762939453125
0.000262144,-0.030517578125,-0.00762939453125
0.000263168,0.00762939453125,-0.00762939453125
0.000264192,-0.02288818359375,-0.00762939453125
0.000265216,-0.02288818359375,-0.00762939453125
0.00026624,0.0152587890625,-0.00762939453125
0.000267264,-0.02288818359375,-0.00762939453125
0.000268288,-0.00762939453125,-0.00762939453125
0.000269312,-0.00762939453125,-0.00762939453125
0.000270336,0.0,-0.00762939453125
0.00027136,0.0,-0.00762939453125
0.000272384,-0.00762939453125,-0.00762939453125
0.000273408,0.00762939453125,-0.00762939453125
0.000274432,-0.00762939453125,-0.00762939453125
0.000275456,0.0152587890625,-0.00762939453125
0.00027648,-0.00762939453125,0.0
0.000277504,-0.00762939453125,0.0
0.000278528,-0.02288818359375,-0.00762939453125
0.000279552,-0.02288818359375,-0.00762939453125
0.000280576,0.0152587890625,-0.00762939453125
0.0002816,-0.030517578125,-0.00762939453125
0.000282624,0.030517578125,-0.00762939453125
0.000283648,-0.02288818359375,-0.00762939453125
0.000284672,0.0152587890625,-0.00762939453125
0.000285696,-0.030517578125,-0.00762939453125
0.00028672,0.0152587890625,-0.00762939453125
0.000287744,0.0,-0.00762939453125
0.000288768,0.00762939453125,-0.00762939453125
0.000289792,0.00762939453125,-0.00762939453125
0.000290816,0.00762939453125,-0.00762939453125
0.00029184,0.0,-0.00762939453125
0.000292864,-0.00762939453125,-0.00762939453125
0.000293888,-0.030517578125,-0.00762939453125
0.000294912,0.0,-0.00762939453125
0.000295936,-0.0152587890625,-0.00762939453125
0.00029696,-0.0152587890625,-0.00762939453125
0.000297984,-0.0152587890625,-0.00762939453125
0.000299008,-0.00762939453125,-0.00762939453125
0.000300032,-0.00762939453125,-0.00762939453125
0.000301056,0.00762939453125,-0.00762939453125
0.00030208,0.0152587890625,-0.00762939453125
0.000303104,-0.0152587890625,-0.00762939453125
0.000304128,0.00762939453125,-0.00762939453125
0.000305152,0.00762939453125,-0.00762939453125
0.000306176,-0.030517578125,-0.00762939453125
0.0003072,0.00762939453125,-0.00762939453125
0.000308224,-0.02288818359375,-0.00762939453125
0.000309248,-0.030517578125,-0.00762939453125
0.000310272,0.00762939453125,-0.00762939453125
0.000311296,-0.00762939453125,-0.00762939453125
0.00031232,0.00762939453125,-0.00762939453125
0.000313344,0.0,-0.00762939453125
0.000314368,-0.00762939453125,-0.00762939453125
0.000315392,0.00762939453125,-0.00762939453125
0.000316416,0.0152587890625,-0.00762939453125
0.00031744,-0.030517578125,-0.00762939453125
0.000318464,0.030517578125,-0.00762939453125
0.000319488,-0.0152587890625,-0.00762939453125
0.000320512,0.0152587890625,-0.00762939453125
0.000321536,-0.0152587890625,-0.00762939453125
0.00032256,0.00762939453125,-0.00762939453125
0.000323584,-0.00762939453125,-0.00762939453125
0.000324608,-0.00762939453125,-0.00762939453125
0.000325632,-0.02288818359375,-0.00762939453125
0.000326656,0.0,-0.00762939453125
0.00032768,-0.00762939453125,-0.00762939453125
0.000328704,-0.00762939453125,-0.00762939453125
0.000329728,0.00762939453125,-0.00762939453125
0.000330752,-0.00762939453125,-0.00762939453125
0.000331776,0.00762939453125,-0.00762939453125
0.0003328,0.0,-0.00762939453125
0.000333824,-0.00762939453125,-0.00762939453125
0.000334848,0.0152587890625,-0.00762939453125
0.000335872,-0.0152587890625,-0.00762939453125
0.000336896,0.00762939453125,-0.00762939453125
0.00033792,-0.0152587890625,-0.00762939453125
0.000338944,0.00762939453125,-0.00762939453125
0.000339968,-0.00762939453125,-0.00762939453125
0.000340992,-0.00762939453125,-0.00762939453125
0.000342016,-0.02288818359375,-0.00762939453125
0.00034304,-0.02288818359375,-0.00762939453125
0.000344064,-0.00762939453125,-0.00762939453125
0.000345088,0.00762939453125,-0.00762939453125
0.000346112,-0.03814697265625,-0.00762939453125
0.000347136,0.0152587890625,-0.00762939453125
0.00034816,-0.00762939453125,-0.00762939453125
0.000349184,0.0,-0.00762939453125
0.000350208,0.0152587890625,-0.00762939453125
0.000351232,-0.0152587890625,-0.00762939453125
0.000352256,0.0,-0.00762939453125
0.00035328,0.0152587890625,-0.00762939453125
0.000354304,-0.0152587890625,-0.00762939453125
0.000355328,-0.0152587890625,-0.00762939453125
0.000356352,-0.0152587890625,-0.00762939453125
0.000357376,-0.02288818359375,-0.00762939453125
0.0003584,0.0152587890625,-0.00762939453125
0.000359424,-0.030517578125,-0.00762939453125
0.000360448,0.030517578125,-0.00762939453125
0.000361472,-0.0152587890625,-0.00762939453125
0.000362496,0.0,-0.00762939453125
0.00036352,0.0,-0.00762939453125
0.000364544,0.0,-0.00762939453125
0.000365568,0.0152587890625,-0.00762939453125
0.000366592,-0.0152587890625,-0.00762939453125
0.000367616,0.00762939453125,-0.00762939453125
0.00036864,-0.00762939453125,-0.00762939453125
0.000369664,-0.00762939453125,-0.00762939453125
0.000370688,-0.030517578125,-0.00762939453125
0.000371712,-0.00762939453125,-0.00762939453125
0.000372736,-0.02288818359375,-0.00762939453125
0.00037376,0.00762939453125,-0.00762939453125
0.000374784,0.0,-0.00762939453125
0.000375808,0.0,-0.00762939453125
0.000376832,0.0,-0.00762939453125
0.000377856,0.0,-0.00762939453125
0.00037888,0.00762939453125,-0.00762939453125
0.000379904,0.0152587890625,-0.00762939453125
0.000380928,-0.0152587890625,-0.00762939453125
0.000381952,0.0,-0.00762939453125
0.000382976,0.0,-0.00762939453125
0.000384,0.00762939453125,-0.00762939453125
0.000385024,0.0,-0.00762939453125
0.000386048,0.0,-0.00762939453125
0.000387072,-0.02288818359375,-0.00762939453125
0.000388096,-0.030517578125,-0.00762939453125
0.00038912,-0.00762939453125,-0.00762939453125
0.000390144,-0.02288818359375,-0.00762939453125
0.000391168,0.0152587890625,-0.00762939453125
0.000392192,-0.02288818359375,-0.00762939453125
0.000393216,-0.0152587890625,-0.00762939453125
0.00039424,0.0,-0.00762939453125
0.000395264,0.00762939453125,-0.00762939453125
0.000396288,0.02288818359375,-0.00762939453125
0.000397312,-0.02288818359375,-0.00762939453125
0.000398336,0.0457763671875,-0.00762939453125
0.00039936,-0.030517578125,-0.00762939453125
0.000400384,0.0457763671875,-0.00762939453125
0.000401408,-0.05340576171875,-0.00762939453125
0.000402432,0.0,-0.00762939453125
0.000403456,-0.00762939453125,-0.00762939453125
0.00040448,-0.02288818359375,-0.00762939453125
0.000405504,0.00762939453125,-0.00762939453125
0.000406528,0.0,-0.00762939453125
0.000407552,0.0152587890625,-0.00762939453125
0.000408576,-0.02288818359375,-0.00762939453125
0.0004096,0.02288818359375,-0.00762939453125
0.000410624,-0.0152587890625,-0.00762939453125
0.000411648,0.0,-0.00762939453125
0.000412672,0.0152587890625,-0.00762939453125
0.000413696,-0.030517578125,-0.00762939453125
0.00041472,0.02288818359375,-0.00762939453125
0.000415744,-0.02288818359375,-0.00762939453125
0.000416768,0.0,-0.00762939453125
0.000417792,0.00762939453125,-0.00762939453125
0.000418816,0.0,-0.00762939453125
0.00041984,-0.02288818359375,-0.00762939453125
0.000420864,-0.0152587890625,-0.00762939453125
0.000421888,-0.0152587890625,-0.00762939453125
0.000422912,-0.00762939453125,-0.00762939453125
0.000423936,0.0,-0.00762939453125
0.00042496,0.0,-0.00762939453125
0.000425984,0.0,-0.00762939453125
0.000427008,0.0,-0.00762939453125
0.000428032,0.0152587890625,-0.00762939453125
0.000429056,-0.0152587890625,-0.00762939453125
0.00043008,0.0152587890625,-0.00762939453125
0.000431104,-0.00762939453125,-0.00762939453125
0.000432128,0.00762939453125,-0.00762939453125
0.000433152,0.00762939453125,-0.00762939453125
0.000434176,-0.00762939453125,-0.00762939453125
0.0004352,-0.00762939453125,-0.00762939453125
0.000436224,-0.0152587890625,-0.00762939453125
0.000437248,-0.02288818359375,-0.00762939453125
0.000438272,-0.0152587890625,-0.00762939453125
0.000439296,0.0,-0.00762939453125
0.00044032,-0.00762939453125,-0.00762939453125
0.000441344,0.02288818359375,-0.00762939453125
0.000442368,-0.00762939453125,-0.00762939453125
0.000443392,-0.00762939453125,-0.00762939453125
0.000444416,0.0152587890625,-0.00762939453125
0.00044544,-0.0152587890625,-0.00762939453125
0.000446464,0.0,-0.00762939453125
0.000447488,0.0152587890625,-0.00762939453125
0.000448512,-0.0152587890625,-0.00762939453125
0.000449536,0.00762939453125,-0.00762939453125
0.00045056,-0.0152587890625,-0.00762939453125
0.000451584,0.0,-0.00762939453125
0.000452608,0.0,-0.00762939453125
0.000453632,-0.02288818359375,-0.00762939453125
0.000454656,-0.02288818359375,-0.00762939453125
0.00045568,0.0152587890625,-0.00762939453125
0.000456704,-0.02288818359375,-0.00762939453125
0.000457728,0.030517578125,-0.00762939453125
0.000458752,-0.0152587890625,-0.00762939453125
0.000459776,0.0,-0.00762939453125
0.0004608,0.0152587890625,-0.00762939453125
0.000461824,-0.0152587890625,-0.00762939453125
0.000462848,0.0152587890625,-0.00762939453125
0.000463872,0.0,-0.00762939453125
0.000464896,0.00762939453125,-0.00762939453125
0.00046592,0.00762939453125,-0.00762939453125
0.000466944,0.0152587890625,-0.00762939453125
0.000467968,-0.030517578125,-0.00762939453125
0.000468992,0.00762939453125,-0.00762939453125
0.000470016,-0.0152587890625,-0.00762939453125
0.00047104,-0.02288818359375,-0.00762939453125
0.000472064,0.0152587890625,-0.00762939453125
0.000473088,-0.02288818359375,-0.00762939453125
0.000474112,0.02288818359375,-0.00762939453125
0.000475136,-0.02288818359375,-0.00762939453125
0.00047616,0.00762939453125,-0.00762939453125
0.000477184,-0.0152587890625,-0.00762939453125
0.000478208,0.00762939453125,-0.00762939453125
0.000479232,0.0152587890625,-0.00762939453125
0.000480256,-0.00762939453125,-0.00762939453125
0.00048128,0.00762939453125,-0.00762939453125
0.000482304,-0.02288818359375,-0.00762939453125
0.000483328,-0.0152587890625,-0.00762939453125
0.000484352,-0.0152587890625,-0.00762939453125
0.000485376,-0.030517578125,-0.00762939453125
0.0004864,-0.00762939453125,-0.00762939453125
0.000487424,-0.00762939453125,-0.00762939453125
0.000488448,-0.00762939453125,-0.00762939453125
0.000489472,0.00762939453125,-0.00762939453125
0.000490496,-0.00762939453125,-0.00762939453125
0.00049152,0.0,-0.00762939453125
0.000492544,0.00762939453125,-0.00762939453125
0.000493568,0.0152587890625,-0.00762939453125
0.000494592,-0.02288818359375,-0.00762939453125
0.000495616,0.00762939453125,-0.00762939453125
0.00049664,0.00762939453125,-0.00762939453125
0.000497664,0.0,-0.00762939453125
0.000498688,-0.0152587890625,-0.00762939453125
0.000499712,-0.0152587890625,-0.00762939453125
0.000500736,-0.02288818359375,-0.00762939453125
0.00050176,-0.030517578125,-0.00762939453125
0.000502784,0.02288818359375,-0.00762939453125
0.000503808,-0.0152587890625,-0.00762939453125
0.000504832,-0.00762939453125,-0.00762939453125
0.000505856,-0.00762939453125,-0.00762939453125
0.00050688,0.0,-0.00762939453125
0.000507904,0.0152587890625,-0.00762939453125
0.000508928,-0.02288818359375,0.0
0.000509952,0.02288818359375,-0.00762939453125
0.000510976,0.0,-0.00762939453125
0.000512,0.0152587890625,-0.00762939453125
0.000513024,-0.00762939453125,-0.00762939453125
0.000514048,0.0,-0.00762939453125
0.000515072,0.0,-0.00762939453125
0.000516096,-0.00762939453125,-0.00762939453125
0.00051712,-0.02288818359375,-0.00762939453125
0.000518144,0.0,-0.00762939453125
0.000519168,-0.0152587890625,-0.00762939453125
0.000520192,-0.00762939453125,-0.00762939453125
0.000521216,0.00762939453125,-0.00762939453125
0.00052224,-0.0152587890625,-0.00762939453125
0.000523264,0.0,-0.00762939453125
0.000524288,0.00762939453125,-0.00762939453125
0.000525312,0.0,-0.00762939453125
0.000526336,0.02288818359375,-0.00762939453125
0.00052736,-0.0152587890625,-0.00762939453125
0.000528384,0.02288818359375,-0.00762939453125
0.000529408,0.0,-0.00762939453125
0.000530432,0.0,-0.00762939453125
0.000531456,-0.00762939453125,0.0
0.00053248,-0.0152587890625,-0.00762939453125
0.000533504,-0.02288818359375,-0.00762939453125
0.000534528,0.0152587890625,-0.00762939453125
0.000535552,-0.0152587890625,-0.00762939453125
0.000536576,0.0,-0.00762939453125
0.0005376,0.00762939453125,-0.00762939453125
0.000538624,0.00762939453125,-0.00762939453125
0.000539648,0.00762939453125,-0.00762939453125
0.000540672,-0.02288818359375,-0.00762939453125
0.000541696,0.0,-0.00762939453125
0.00054272,0.00762939453125,-0.00762939453125
0.000543744,0.0152587890625,-0.00762939453125
0.000544768,-0.02288818359375,-0.00762939453125
0.000545792,0.03814697265625,-0.00762939453125
0.000546816,-0.02288818359375,-0.00762939453125
0.00054784,-0.02288818359375,-0.00762939453125
0.000548864,-0.030517578125,-0.00762939453125
0.000549888,0.00762939453125,-0.00762939453125
0.000550912,-0.00762939453125,-0.00762939453125
0.000551936,-0.02288818359375,-0.00762939453125
0.00055296,0.0152587890625,-0.00762939453125
0.000553984,-0.02288818359375,-0.00762939453125
0.000555008,0.0152587890625,-0.00762939453125
0.000556032,-0.02288818359375,-0.00762939453125
0.000557056,-0.00762939453125,-0.00762939453125
0.00055808,0.0,-0.00762939453125
0.000559104,0.00762939453125,-0.00762939453125
0.000560128,-0.02288818359375,-0.00762939453125
0.000561152,0.0457763671875,-0.00762939453125
0.000562176,-0.0457763671875,-0.00762939453125
0.0005632,0.02288818359375,-0.00762939453125
0.000564224,-0.02288818359375,-0.00762939453125
0.000565248,0.0,-0.00762939453125
0.000566272,-0.0152587890625,-0.00762939453125
0.000567296,-0.00762939453125,-0.00762939453125
0.00056832,-0.00762939453125,-0.00762939453125
0.000569344,0.0,-0.00762939453125
0.000570368,0.00762939453125,-0.00762939453125
0.000571392,-0.00762939453125,-0.00762939453125
0.000572416,0.0,-0.00762939453125
0.00057344,0.0,-0.00762939453125
0.000574464,0.00762939453125,-0.00762939453125
0.000575488,-0.02288818359375,-0.00762939453125
0.000576512,0.02288818359375,-0.00762939453125
0.000577536,-0.02288818359375,-0.00762939453125
0.00057856,0.0152587890625,-0.00762939453125
0.000579584,-0.00762939453125,-0.00762939453125
0.000580608,-0.00762939453125,-0.00762939453125
0.000581632,-0.00762939453125,-0.00762939453125
0.000582656,-0.0152587890625,-0.00762939453125
0.00058368,-0.02288818359375,-0.00762939453125
0.000584704,0.0152587890625,-0.00762939453125
0.000585728,-0.030517578125,-0.00762939453125
0.000586752,0.00762939453125,-0.00762939453125
0.000587776,-0.0152587890625,-0.00762939453125
0.0005888,-0.02288818359375,-0.00762939453125
0.000589824,0.00762939453125,-0.00762939453125
0.000590848,0.0,-0.00762939453125
0.000591872,0.00762939453125,-0.00762939453125
0.000592896,0.00762939453125,-0.00762939453125
0.00059392,-0.02288818359375,-0.00762939453125
0.000594944,0.03814697265625,-0.00762939453125
0.000595968,-0.02288818359375,-0.00762939453125
0.000596992,0.0152587890625,-0.00762939453125
0.000598016,-0.0457763671875,-0.00762939453125
0.00059904,0.0152587890625,0.0
0.000600064,-0.05340576171875,-0.00762939453125
0.000601088,0.03814697265625,-0.00762939453125
0.000602112,-0.02288818359375,-0.00762939453125
0.000603136,0.02288818359375,-0.00762939453125
0.00060416,-0.030517578125,-0.00762939453125
0.000605184,0.0152587890625,-0.00762939453125
0.000606208,-0.030517578125,-0.00762939453125
0.000607232,0.030517578125,-0.00762939453125
0.000608256,-0.00762939453125,-0.00762939453125
0.00060928,0.00762939453125,-0.00762939453125
0.000610304,0.0,-0.00762939453125
0.000611328,0.00762939453125,-0.00762939453125
0.000612352,-0.02288818359375,-0.00762939453125
0.000613376,0.0152587890625,-0.00762939453125
0.0006144,-0.030517578125,-0.00762939453125
0.000615424,0.0,-0.00762939453125
0.000616448,-0.0152587890625,-0.00762939453125
0.000617472,-0.02288818359375,-0.00762939453125
0.000618496,0.0,-0.00762939453125
0.00061952,-0.00762939453125,-0.00762939453125
0.000620544,0.0152587890625,-0.00762939453125
0.000621568,-0.02288818359375,-0.00762939453125
0.000622592,0.030517578125,-0.00762939453125
0.000623616,-0.02288818359375,-0.00762939453125
0.00062464,0.0,-0.00762939453125
0.000625664,0.00762939453125,-0.00762939453125
0.000626688,-0.02288818359375,-0.00762939453125
0.000627712,0.02288818359375,-0.00762939453125
0.000628736,-0.00762939453125,-0.00762939453125
0.00062976,-0.00762939453125,-0.00762939453125
0.000630784,-0.03814697265625,-0.00762939453125
0.000631808,0.00762939453125,-0.00762939453125
0.000632832,-0.0152587890625,-0.00762939453125
0.000633856,-0.02288818359375,-0.00762939453125
0.00063488,0.0152587890625,-0.00762939453125
0.000635904,-0.02288818359375,-0.00762939453125
0.000636928,0.030517578125,-0.00762939453125
0.000637952,-0.030517578125,-0.00762939453125
0.000638976,0.0152587890625,-0.00762939453125
0.00064,-0.02288818359375,-0.00762939453125
0.000641024,0.030517578125,-0.00762939453125
0.000642048,-0.0152587890625,-0.00762939453125
0.000643072,0.00762939453125,-0.00762939453125
0.000644096,-0.0152587890625,-0.00762939453125
0.00064512,0.0,-0.00762939453125
0.000646144,-0.00762939453125,-0.00762939453125
0.000647168,-0.00762939453125,-0.00762939453125
0.000648192,-0.0152587890625,0.0
0.000649216,-0.02288818359375,-0.00762939453125
0.00065024,-0.00762939453125,-0.00762939453125
0.000651264,-0.00762939453125,0.0
0.000652288,0.0,-0.00762939453125
0.000653312,-0.00762939453125,-0.00762939453125
0.000654336,0.0,-0.00762939453125
0.00065536,-0.00762939453125,-0.00762939453125
0.000656384,0.0,-0.00762939453125
0.000657408,0.0,-0.00762939453125
0.000658432,0.00762939453125,-0.00762939453125
0.000659456,0.0152587890625,-0.00762939453125
0.00066048,-0.0152587890625,-0.00762939453125
0.000661504,0.00762939453125,-0.00762939453125
0.000662528,0.0,-0.00762939453125
0.000663552,-0.00762939453125,-0.00762939453125
0.000664576,-0.0152587890625,-0.00762939453125
0.0006656,-0.02288818359375,-0.00762939453125
0.000666624,0.0152587890625,-0.00762939453125
0.000667648,-0.00762939453125,-0.00762939453125
0.000668672,-0.0152587890625,-0.00762939453125
0.000669696,0.00762939453125,-0.00762939453125
0.00067072,0.00762939453125,-0.00762939453125
0.000671744,-0.00762939453125,-0.00762939453125
0.000672768,0.0152587890625,-0.00762939453125
0.000673792,-0.02288818359375,-0.00762939453125
0.000674816,0.00762939453125,-0.00762939453125
0.00067584,0.0152587890625,-0.00762939453125
0.000676864,-0.02288818359375,-0.00762939453125
0.000677888,0.03814697265625,-0.00762939453125
0.000678912,-0.03814697265625,-0.00762939453125
0.000679936,0.02288818359375,0.0
0.00068096,-0.02288818359375,-0.00762939453125
0.000681984,-0.030517578125,-0.00762939453125
0.000683008,0.0,0.0
0.000684032,-0.0152587890625,-0.00762939453125
0.000685056,-0.0152587890625,-0.00762939453125
0.00068608,-0.00762939453125,-0.00762939453125
0.000687104,0.0,-0.00762939453125
0.000688128,-0.0152587890625,-0.00762939453125
0.000689152,0.0,-0.00762939453125
0.000690176,0.00762939453125,-0.00762939453125
0.0006912,0.0,-0.00762939453125
0.000692224,0.0152587890625,-0.00762939453125
0.000693248,-0.0152587890625,0.0
0.000694272,0.00762939453125,-0.00762939453125
0.000695296,-0.0152587890625,-0.00762939453125
0.00069632,-0.02288818359375,-0.00762939453125
0.000697344,0.030517578125,-0.00762939453125
0.000698368,-0.05340576171875,-0.00762939453125
0.000699392,0.0152587890625,-0.00762939453125
0.000700416,-0.0152587890625,-0.00762939453125
0.00070144,-0.00762939453125,-0.00762939453125
0.000702464,0.0,-0.00762939453125
0.000703488,-0.00762939453125,-0.00762939453125
0.000704512,-0.00762939453125,-0.00762939453125
0.000705536,0.00762939453125,-0.00762939453125
0.00070656,0.00762939453125,-0.00762939453125
0.000707584,0.0152587890625,-0.00762939453125
0.000708608,-0.0152587890625,-0.00762939453125
0.000709632,0.0,-0.00762939453125
0.000710656,0.0152587890625,-0.00762939453125
0.00071168,-0.02288818359375,-0.00762939453125
0.000712704,0.0,-0.00762939453125
0.000713728,0.0,-0.00762939453125
0.000714752,-0.00762939453125,-0.00762939453125
0.000715776,-0.02288818359375,-0.00762939453125
0.0007168,0.0,-0.00762939453125
0.000717824,0.0,-0.00762939453125
0.000718848,-0.00762939453125,-0.00762939453125
0.000719872,0.0152587890625,-0.00762939453125
0.000720896,-0.02288818359375,-0.00762939453125
0.00072192,0.02288818359375,-0.00762939453125
0.000722944,-0.0152587890625,-0.00762939453125
0.000723968,0.0,-0.00762939453125
0.000724992,0.00762939453125,-0.00762939453125
0.000726016,0.0152587890625,-0.00762939453125
0.00072704,-0.00762939453125,-0.00762939453125
0.000728064,0.0,-0.00762939453125
0.000729088,-0.00762939453125,-0.00762939453125
0.000730112,-0.030517578125,-0.00762939453125
0.000731136,0.00762939453125,-0.00762939453125
0.00073216,-0.02288818359375,-0.00762939453125
0.000733184,-0.0152587890625,-0.00762939453125
0.000734208,-0.00762939453125,-0.00762939453125
0.000735232,0.00762939453125,-0.00762939453125
0.000736256,0.00762939453125,-0.00762939453125
0.00073728,0.00762939453125,-0.00762939453125
0.000738304,-0.00762939453125,-0.00762939453125
0.000739328,0.0,-0.00762939453125
0.000740352,0.0152587890625,-0.00762939453125
0.000741376,-0.0152587890625,-0.00762939453125
0.0007424,0.0,-0.00762939453125
0.000743424,0.00762939453125,-0.00762939453125
0.000744448,0.00762939453125,-0.00762939453125
0.000745472,-0.030517578125,-0.00762939453125
0.000746496,-0.02288818359375,-0.00762939453125
0.00074752,-0.0152587890625,-0.00762939453125
0.000748544,-0.0152587890625,-0.00762939453125
0.000749568,0.00762939453125,-0.00762939453125
0.000750592,0.00762939453125,-0.00762939453125
0.000751616,-0.00762939453125,-0.00762939453125
0.00075264,0.0,-0.00762939453125
0.000753664,0.00762939453125,-0.00762939453125
0.000754688,0.0152587890625,-0.00762939453125
0.000755712,-0.02288818359375,-0.00762939453125
0.000756736,0.03814697265625,-0.00762939453125
0.00075776,-0.00762939453125,-0.00762939453125
0.000758784,0.0,-0.00762939453125
0.000759808,0.0,-0.00762939453125
0.000760832,0.0,-0.00762939453125
0.000761856,-0.00762939453125,-0.00762939453125
0.00076288,-0.03814697265625,-0.00762939453125
0.000763904,0.0,-0.00762939453125
0.000764928,-0.02288818359375,-0.00762939453125
0.000765952,0.0,-0.00762939453125
0.000766976,-0.0152587890625,-0.00762939453125
0.000768,0.0,-0.00762939453125
0.000769024,0.0,-0.00762939453125
0.000770048,-0.00762939453125,-0.00762939453125
0.000771072,0.0,-0.00762939453125
0.000772096,-0.00762939453125,-0.00762939453125
0.00077312,0.0152587890625,-0.00762939453125
0.000774144,-0.0152587890625,-0.00762939453125
0.000775168,0.00762939453125,-0.00762939453125
0.000776192,0.00762939453125,-0.00762939453125
0.000777216,-0.02288818359375,-0.00762939453125
0.00077824,0.0,-0.00762939453125
0.000779264,-0.00762939453125,-0.00762939453125
0.000780288,-0.0152587890625,-0.00762939453125
0.000781312,-0.0152587890625,-0.00762939453125
0.000782336,-0.02288818359375,-0.00762939453125
0.00078336,-0.030517578125,-0.00762939453125
0.000784384,0.00762939453125,-0.00762939453125
0.000785408,0.00762939453125,-0.00762939453125
0.000786432,0.0,-0.00762939453125
0.000787456,0.0,-0.00762939453125
0.00078848,0.00762939453125,-0.00762939453125
0.000789504,0.0,-0.00762939453125
0.000790528,0.0152587890625,-0.00762939453125
0.000791552,-0.00762939453125,-0.00762939453125
0.000792576,0.0152587890625,-0.00762939453125
0.0007936,-0.0152587890625,-0.00762939453125
0.000794624,-0.00762939453125,-0.00762939453125
0.000795648,-0.00762939453125,-0.00762939453125
0.000796672,-0.0152587890625,-0.00762939453125
0.000797696,-0.03814697265625,-0.00762939453125
0.00079872,0.0152587890625,-0.00762939453125
0.000799744,-0.03814697265625,-0.00762939453125
0.000800768,0.030517578125,-0.00762939453125
0.000801792,-0.030517578125,-0.00762939453125
0.000802816,0.0152587890625,-0.00762939453125
0.00080384,-0.00762939453125,-0.00762939453125
0.000804864,0.0,-0.00762939453125
0.000805888,0.0152587890625,-0.00762939453125
0.000806912,-0.00762939453125,-0.00762939453125
0.000807936,0.00762939453125,-0.00762939453125
0.00080896,0.0152587890625,-0.00762939453125
0.000809984,-0.02288818359375,-0.00762939453125
0.000811008,0.030517578125,-0.00762939453125
0.000812032,-0.00762939453125,-0.00762939453125
0.000813056,0.00762939453125,-0.00762939453125
0.00081408,-0.0152587890625,-0.00762939453125
0.000815104,-0.00762939453125,-0.00762939453125
0.000816128,-0.030517578125,-0.00762939453125
0.000817152,0.0152587890625,-0.00762939453125
0.000818176,-0.02288818359375,-0.00762939453125
0.0008192,0.030517578125,-0.00762939453125
0.000820224,-0.00762939453125,-0.00762939453125
0.000821248,0.00762939453125,-0.00762939453125
0.000822272,0.00762939453125,-0.00762939453125
0.000823296,0.00762939453125,-0.00762939453125
0.00082432,0.0,-0.00762939453125
0.000825344,0.0152587890625,-0.00762939453125
0.000826368,-0.0152587890625,-0.00762939453125
0.000827392,0.00762939453125,-0.00762939453125
0.000828416,-0.02288818359375,-0.00762939453125
0.00082944,-0.02288818359375,-0.00762939453125
0.000830464,-0.02288818359375,-0.00762939453125
0.000831488,0.00762939453125,-0.00762939453125
0.000832512,-0.030517578125,-0.00762939453125
0.000833536,0.0152587890625,-0.00762939453125
0.00083456,-0.03814697265625,-0.00762939453125
0.000835584,0.030517578125,-0.00762939453125
0.000836608,-0.0152587890625,-0.00762939453125
0.000837632,0.00762939453125,-0.00762939453125
0.000838656,0.0152587890625,-0.00762939453125
0.00083968,0.0,-0.00762939453125
0.000840704,0.00762939453125,-0.00762939453125
0.000841728,0.00762939453125,-0.00762939453125
0.000842752,0.0,-0.00762939453125
0.000843776,0.00762939453125,-0.00762939453125
0.0008448,-0.00762939453125,-0.00762939453125
0.000845824,0.0152587890625,-0.00762939453125
0.000846848,-0.030517578125,0.0
0.000847872,0.0,-0.00762939453125
0.000848896,-0.0152587890625,-0.00762939453125
0.00084992,-0.02288818359375,-0.00762939453125
0.000850944,0.00762939453125,-0.00762939453125
0.000851968,-0.0457763671875,-0.00762939453125
0.000852992,0.00762939453125,-0.00762939453125
0.000854016,-0.00762939453125,-0.00762939453125
0.00085504,0.0,-0.00762939453125
0.000856064,0.00762939453125,-0.00762939453125
0.000857088,-0.0152587890625,-0.00762939453125
0.000858112,0.0,-0.00762939453125
0.000859136,0.02288818359375,-0.00762939453125
0.00086016,-0.0152587890625,-0.00762939453125
0.000861184,0.0,-0.00762939453125
0.000862208,0.0,-0.00762939453125
0.000863232,-0.0152587890625,-0.00762939453125
0.000864256,-0.030517578125,-0.00762939453125
0.00086528,-0.00762939453125,-0.00762939453125
0.000866304,-0.00762939453125,-0.00762939453125
0.000867328,-0.0152587890625,-0.00762939453125
0.000868352,-0.00762939453125,-0.00762939453125
0.000869376,0.0,-0.00762939453125
0.0008704,0.02288818359375,-0.00762939453125
0.000871424,-0.0152587890625,-0.00762939453125
0.000872448,0.00762939453125,-0.00762939453125
0.000873472,0.0152587890625,-0.00762939453125
0.000874496,0.0,-0.00762939453125
0.00087552,0.00762939453125,-0.00762939453125
0.000876544,-0.0152587890625,-0.00762939453125
0.000877568,0.00762939453125,-0.00762939453125
0.000878592,-0.02288818359375,-0.00762939453125
0.000879616,0.00762939453125,-0.00762939453125
0.00088064,-0.03814697265625,-0.00762939453125
0.000881664,-0.0152587890625,-0.00762939453125
0.000882688,-0.02288818359375,-0.00762939453125
0.000883712,-0.02288818359375,-0.00762939453125
0.000884736,-0.030517578125,-0.00762939453125
0.00088576,0.02288818359375,-0.00762939453125
0.000886784,-0.00762939453125,-0.00762939453125
0.000887808,0.0,-0.00762939453125
0.000888832,0.00762939453125,-0.00762939453125
0.000889856,-0.02288818359375,-0.00762939453125
0.00089088,0.0,-0.00762939453125
0.000891904,0.02288818359375,-0.00762939453125
0.000892928,-0.0152587890625,-0.00762939453125
0.000893952,0.00762939453125,-0.00762939453125
0.000894976,0.0,-0.00762939453125
0.000896,0.0,-0.00762939453125
0.000897024,0.0,-0.00762939453125
0.000898048,-0.00762939453125,-0.00762939453125
0.000899072,0.0,-0.00762939453125
0.000900096,-0.030517578125,-0.00762939453125
0.00090112,0.02288818359375,-0.00762939453125
0.000902144,-0.05340576171875,-0.00762939453125
0.000903168,0.0457763671875,-0.00762939453125
0.000904192,-0.030517578125,-0.00762939453125
0.000905216,0.02288818359375,-0.00762939453125
0.00090624,0.00762939453125,-0.00762939453125
0.000907264,0.0152587890625,-0.00762939453125
0.000908288,0.00762939453125,-0.00762939453125
0.000909312,0.0152587890625,-0.00762939453125
0.000910336,0.0,-0.00762939453125
0.00091136,0.02288818359375,-0.00762939453125
0.000912384,-0.0152587890625,-0.00762939453125
0.000913408,0.0152587890625,-0.00762939453125
0.000914432,-0.0152587890625,-0.00762939453125
0.000915456,0.0,-0.00762939453125
0.00091648,-0.02288818359375,-0.00762939453125
0.000917504,-0.00762939453125,-0.00762939453125
0.000918528,-0.0152587890625,-0.00762939453125
0.000919552,-0.0152587890625,-0.00762939453125
0.000920576,-0.00762939453125,-0.00762939453125
0.0009216,0.00762939453125,-0.00762939453125
0.000922624,0.02288818359375,-0.00762939453125
0.000923648,-0.0152587890625,-0.00762939453125
0.000924672,0.0152587890625,-0.00762939453125
0.000925696,0.00762939453125,-0.00762939453125
0.00092672,-0.0152587890625,-0.00762939453125
0.000927744,0.02288818359375,-0.00762939453125
0.000928768,0.00762939453125,-0.00762939453125
0.000929792,-0.02288818359375,-0.00762939453125
0.000930816,0.02288818359375,-0.00762939453125
0.00093184,-0.0152587890625,-0.00762939453125
0.000932864,0.00762939453125,-0.00762939453125
0.000933888,-0.02288818359375,-0.00762939453125
0.000934912,-0.03814697265625,-0.00762939453125
0.000935936,0.00762939453125,-0.00762939453125
0.00093696,-0.03814697265625,-0.00762939453125
0.000937984,0.0152587890625,-0.00762939453125
0.000939008,-0.030517578125,-0.00762939453125
0.000940032,0.0152587890625,-0.00762939453125
0.000941056,0.0,-0.00762939453125
0.00094208,0.0152587890625,-0.00762939453125
0.000943104,-0.00762939453125,-0.00762939453125
0.000944128,0.02288818359375,-0.00762939453125
0.000945152,0.0152587890625,-0.00762939453125
0.000946176,-0.02288818359375,-0.00762939453125
0.0009472,0.00762939453125,-0.00762939453125
0.000948224,-0.0152587890625,-0.00762939453125
0.000949248,0.0,-0.00762939453125
0.000950272,0.00762939453125,-0.00762939453125
0.000951296,0.00762939453125,-0.00762939453125
0.00095232,-0.0457763671875,-0.00762939453125
0.000953344,0.0,-0.00762939453125
0.000954368,-0.00762939453125,-0.00762939453125
0.000955392,-0.02288818359375,-0.00762939453125
0.000956416,-0.00762939453125,-0.00762939453125
0.00095744,-0.00762939453125,-0.00762939453125
0.000958464,-0.00762939453125,-0.00762939453125
0.000959488,0.00762939453125,-0.00762939453125
0.000960512,-0.030517578125,-0.00762939453125
0.000961536,0.03814697265625,-0.00762939453125
0.00096256,-0.02288818359375,-0.00762939453125
0.000963584,0.0457763671875,-0.00762939453125
0.000964608,-0.03814697265625,-0.00762939453125
0.000965632,0.0457763671875,-0.00762939453125
0.000966656,-0.0457763671875,-0.00762939453125
0.00096768,0.02288818359375,-0.00762939453125
0.000968704,-0.0457763671875,-0.00762939453125
0.000969728,0.0,-0.00762939453125
0.000970752,-0.0457763671875,-0.00762939453125
0.000971776,0.0,-0.00762939453125
0.0009728,0.0,-0.00762939453125
0.000973824,-0.00762939453125,-0.00762939453125
0.000974848,0.00762939453125,-0.00762939453125
0.000975872,-0.00762939453125,-0.00762939453125
0.000976896,0.02288818359375,-0.00762939453125
0.00097792,0.00762939453125,-0.00762939453125
0.000978944,0.0152587890625,-0.00762939453125
0.000979968,-0.00762939453125,-0.00762939453125
0.000980992,0.00762939453125,-0.00762939453125
0.000982016,0.0152587890625,-0.00762939453125
0.00098304,-0.00762939453125,-0.00762939453125
0.000984064,0.00762939453125,-0.00762939453125
0.000985088,-0.030517578125,-0.00762939453125
0.000986112,0.0152587890625,-0.00762939453125
0.000987136,-0.05340576171875,-0.00762939453125
0.00098816,0.0152587890625,-0.00762939453125
0.000989184,-0.0457763671875,-0.00762939453125
0.000990208,0.0152587890625,-0.00762939453125
0.000991232,-0.02288818359375,-0.00762939453125
0.000992256,0.0,-0.00762939453125
0.00099328,0.02288818359375,-0.00762939453125
0.000994304,-0.00762939453125,-0.00762939453125
0.000995328,0.0152587890625,-0.00762939453125
0.000996352,-0.00762939453125,-0.00762939453125
0.000997376,0.00762939453125,-0.00762939453125
0.0009984,0.0,-0.00762939453125
0.000999424,0.0152587890625,-0.00762939453125
0.001000448,0.0,-0.00762939453125
0.001001472,0.0,-0.00762939453125
0.001002496,-0.02288818359375,-0.00762939453125
0.00100352,-0.02288818359375,-0.00762939453125
0.001004544,-0.02288818359375,-0.00762939453125
0.001005568,-0.02288818359375,-0.00762939453125
0.001006592,-0.00762939453125,-0.00762939453125
0.001007616,0.0,-0.00762939453125
0.00100864,0.00762939453125,-0.00762939453125
0.001009664,0.02288818359375,-0.00762939453125
0.001010688,0.0,-0.00762939453125
0.001011712,0.02288818359375,-0.00762939453125
0.001012736,0.00762939453125,-0.00762939453125
0.00101376,-0.0152587890625,-0.00762939453125
0.001014784,0.0152587890625,-0.00762939453125
0.001015808,0.0,-0.00762939453125
0.001016832,0.00762939453125,-0.00762939453125
0.001017856,-0.00762939453125,-0.00762939453125
0.00101888,0.00762939453125,-0.00762939453125
0.001019904,-0.03814697265625,-0.00762939453125
0.001020928,0.0,-0.00762939453125
0.001021952,-0.00762939453125,-0.00762939453125
0.001022976,-0.02288818359375,-0.00762939453125
0.001024,-0.00762939453125,-0.00762939453125
0.001025024,0.00762939453125,-0.00762939453125
0.001026048,-0.0152587890625,-0.00762939453125
0.001027072,0.00762939453125,-0.00762939453125
0.001028096,-0.00762939453125,-0.00762939453125
0.00102912,0.00762939453125,-0.00762939453125
0.001030144,-0.00762939453125,-0.00762939453125
0.001031168,0.0152587890625,0.0
0.001032192,-0.00762939453125,-0.00762939453125
0.001033216,0.0,-0.00762939453125
0.00103424,0.00762939453125,-0.00762939453125
0.001035264,-0.02288818359375,-0.00762939453125
0.001036288,0.0,-0.00762939453125
0.001037312,0.0,-0.00762939453125
0.001038336,-0.0152587890625,-0.00762939453125
0.00103936,-0.00762939453125,-0.00762939453125
0.001040384,-0.02288818359375,-0.00762939453125
0.001041408,-0.0152587890625,-0.00762939453125
0.001042432,-0.0152587890625,-0.00762939453125
0.001043456,-0.00762939453125,-0.00762939453125
0.00104448,0.0,-0.00762939453125
0.001045504,0.0152587890625,-0.00762939453125
0.001046528,-0.0152587890625,-0.00762939453125
0.001047552,0.0152587890625,-0.00762939453125
0.001048576,0.0,-0.00762939453125
0.0010496,0.0152587890625,-0.00762939453125
0.001050624,-0.00762939453125,-0.00762939453125
0.001051648,0.00762939453125,-0.00762939453125
0.001052672,-0.030517578125,-0.00762939453125
0.001053696,0.0152587890625,-0.00762939453125
0.00105472,-0.03814697265625,-0.00762939453125
0.001055744,0.0,-0.00762939453125
0.001056768,-0.0152587890625,-0.00762939453125
0.001057792,-0.02288818359375,-0.00762939453125
0.001058816,0.02288818359375,-0.00762939453125
0.00105984,-0.02288818359375,-0.00762939453125
0.001060864,0.0457763671875,-0.00762939453125
0.001061888,-0.030517578125,-0.00762939453125
0.001062912,0.05340576171875,-0.00762939453125
0.001063936,-0.0152587890625,-0.00762939453125
0.00106496,0.00762939453125,-0.00762939453125
0.001065984,0.0,-0.00762939453125
0.001067008,0.0152587890625,-0.00762939453125
0.001068032,0.0,-0.00762939453125
0.001069056,0.0152587890625,-0.00762939453125
0.00107008,-0.03814697265625,-0.00762939453125
0.001071104,-0.0152587890625,-0.00762939453125
0.001072128,-0.02288818359375,-0.00762939453125
0.001073152,-0.02288818359375,-0.00762939453125
0.001074176,-0.0152587890625,-0.00762939453125
0.0010752,0.00762939453125,-0.00762939453125
0.001076224,-0.0152587890625,-0.00762939453125
0.001077248,0.0,-0.00762939453125
0.001078272,0.02288818359375,-0.00762939453125
0.001079296,0.0152587890625,-0.00762939453125
0.00108032,0.0,-0.00762939453125
0.001081344,0.030517578125,-0.00762939453125
0.001082368,-0.00762939453125,-0.00762939453125
0.001083392,0.02288818359375,-0.00762939453125
0.001084416,0.0,-0.00762939453125
0.00108544,0.0152587890625,-0.00762939453125
0.001086464,-0.0152587890625,-0.00762939453125
0.001087488,-0.00762939453125,-0.00762939453125
0.001088512,-0.02288818359375,-0.00762939453125
0.001089536,-0.0152587890625,-0.00762939453125
0.00109056,-0.02288818359375,-0.00762939453125
0.001091584,-0.02288818359375,0.0
0.001092608,-0.0152587890625,-0.00762939453125
0.001093632,0.00762939453125,-0.00762939453125
0.001094656,-0.02288818359375,-0.00762939453125
0.00109568,0.0,-0.00762939453125
0.001096704,0.0152587890625,-0.00762939453125
0.001097728,0.0,-0.00762939453125
0.001098752,0.02288818359375,-0.00762939453125
0.001099776,-0.00762939453125,-0.00762939453125
0.0011008,0.0,-0.00762939453125
0.001101824,0.0152587890625,-0.00762939453125
0.001102848,-0.02288818359375,-0.00762939453125
0.001103872,-0.0152587890625,-0.00762939453125
0.001104896,0.0,-0.00762939453125
0.00110592,-0.00762939453125,-0.00762939453125
0.001106944,-0.030517578125,-0.00762939453125
0.001107968,0.0,-0.00762939453125
0.001108992,-0.00762939453125,-0.00762939453125
0.001110016,-0.02288818359375,-0.00762939453125
0.00111104,0.0,-0.00762939453125
0.001112064,0.00762939453125,-0.00762939453125
0.001113088,-0.0152587890625,-0.00762939453125
0.001114112,0.02288818359375,-0.00762939453125
0.001115136,-0.00762939453125,0.0
0.00111616,0.0,-0.00762939453125
0.001117184,0.00762939453125,-0.00762939453125
0.001118208,-0.02288818359375,-0.00762939453125
0.001119232,0.00762939453125,-0.00762939453125
0.001120256,-0.02288818359375,-0.00762939453125
0.00112128,0.00762939453125,-0.00762939453125
0.001122304,-0.030517578125,-0.00762939453125
0.001123328,0.0152587890625,-0.00762939453125
0.001124352,-0.02288818359375,-0.00762939453125
0.001125376,-0.02288818359375,-0.00762939453125
0.0011264,-0.0152587890625,-0.00762939453125
0.001127424,-0.0152587890625,-0.00762939453125
0.001128448,-0.00762939453125,-0.00762939453125
0.001129472,0.0,-0.00762939453125
0.001130496,0.00762939453125,-0.00762939453125
0.00113152,-0.0152587890625,-0.00762939453125
0.001132544,-0.00762939453125,-0.00762939453125
0.001133568,0.00762939453125,-0.00762939453125
0.001134592,0.02288818359375,-0.00762939453125
0.001135616,-0.0152587890625,-0.00762939453125
0.00113664,0.00762939453125,-0.00762939453125
0.001137664,0.0152587890625,-0.00762939453125
0.001138688,-0.030517578125,-0.00762939453125
0.001139712,0.030517578125,-0.00762939453125
0.001140736,-0.0152587890625,-0.00762939453125
0.00114176,0.00762939453125,-0.00762939453125
0.001142784,-0.05340576171875,-0.00762939453125
0.001143808,0.0152587890625,-0.00762939453125
0.001144832,-0.03814697265625,-0.00762939453125
0.001145856,0.0,0.0
0.00114688,-0.00762939453125,-0.00762939453125
0.001147904,0.00762939453125,-0.00762939453125
0.001148928,-0.00762939453125,-0.00762939453125
0.001149952,0.0152587890625,-0.00762939453125
0.001150976,-0.00762939453125,-0.00762939453125
0.001152,0.0152587890625,-0.00762939453125
0.001153024,-0.00762939453125,-0.00762939453125
0.001154048,0.02288818359375,-0.00762939453125
0.001155072,-0.0152587890625,-0.00762939453125
0.001156096,0.00762939453125,-0.00762939453125
0.00115712,-0.0152587890625,-0.00762939453125
0.001158144,-0.00762939453125,-0.00762939453125
0.001159168,-0.00762939453125,-0.00762939453125
0.001160192,-0.0152587890625,-0.00762939453125
0.001161216,-0.030517578125,-0.00762939453125
0.00116224,0.0,-0.00762939453125
0.001163264,-0.02288818359375,-0.00762939453125
0.001164288,-0.0152587890625,-0.00762939453125
0.001165312,-0.00762939453125,-0.00762939453125
0.001166336,0.00762939453125,-0.00762939453125
0.00116736,0.0152587890625,-0.00762939453125
0.001168384,-0.0152587890625,-0.00762939453125
0.001169408,0.00762939453125,-0.00762939453125
0.001170432,0.00762939453125,-0.00762939453125
0.001171456,0.0152587890625,-0.00762939453125
0.00117248,-0.00762939453125,-0.00762939453125
0.001173504,0.0152587890625,-0.00762939453125
0.001174528,-0.02288818359375,-0.00762939453125
0.001175552,0.00762939453125,-0.00762939453125
0.001176576,-0.02288818359375,-0.00762939453125
0.0011776,0.030517578125,-0.00762939453125
0.001178624,-0.0457763671875,0.0
0.001179648,-0.0152587890625,-0.00762939453125
0.001180672,-0.0152587890625,-0.00762939453125
0.001181696,-0.02288818359375,-0.00762939453125
0.00118272,-0.00762939453125,-0.00762939453125
0.001183744,0.0,-0.00762939453125
0.001184768,0.0,-0.00762939453125
0.001185792,0.0152587890625,-0.00762939453125
0.001186816,-0.00762939453125,-0.00762939453125
0.00118784,0.00762939453125,-0.00762939453125
0.001188864,0.0152587890625,-0.00762939453125
0.001189888,-0.00762939453125,-0.00762939453125
0.001190912,0.0152587890625,-0.00762939453125
0.001191936,-0.0152587890625,-0.00762939453125
0.00119296,-0.00762939453125,-0.00762939453125
0.001193984,0.0152587890625,-0.00762939453125
0.001195008,-0.02288818359375,-0.00762939453125
0.001196032,0.0,-0.00762939453125
0.001197056,-0.030517578125,-0.00762939453125
0.00119808,-0.00762939453125,-0.00762939453125
0.001199104,-0.03814697265625,-0.00762939453125
0.001200128,0.0,-0.00762939453125
0.001201152,-0.00762939453125,-0.00762939453125
0.001202176,-0.00762939453125,-0.00762939453125
0.0012032,0.00762939453125,-0.00762939453125
0.001204224,-0.02288818359375,-0.00762939453125
0.001205248,-0.0152587890625,-0.00762939453125
0.001206272,0.00762939453125,-0.00762939453125
0.001207296,0.0,-0.00762939453125
0.00120832,0.0,-0.00762939453125
0.001209344,0.00762939453125,-0.00762939453125
0.001210368,-0.00762939453125,-0.00762939453125
0.001211392,0.0152587890625,-0.00762939453125
0.001212416,-0.02288818359375,-0.00762939453125
0.00121344,0.00762939453125,-0.00762939453125
0.001214464,-0.02288818359375,-0.00762939453125
0.001215488,-0.0152587890625,-0.00762939453125
0.001216512,-0.030517578125,-0.00762939453125
0.001217536,0.0,-0.00762939453125
0.00121856,-0.02288818359375,-0.00762939453125
0.001219584,0.0152587890625,-0.00762939453125
0.001220608,-0.030517578125,-0.00762939453125
0.001221632,0.02288818359375,-0.00762939453125
0.001222656,-0.0152587890625,-0.00762939453125
0.00122368,0.00762939453125,-0.00762939453125
0.001224704,0.0,-0.00762939453125
0.001225728,0.0152587890625,-0.00762939453125
0.001226752,-0.00762939453125,-0.00762939453125
0.001227776,0.00762939453125,-0.00762939453125
0.0012288,0.0152587890625,-0.00762939453125
0.001229824,-0.00762939453125,-0.00762939453125
0.001230848,0.00762939453125,-0.00762939453125
0.001231872,0.0,-0.00762939453125
0.001232896,-0.02288818359375,-0.00762939453125
0.00123392,-0.030517578125,-0.00762939453125
0.001234944,0.0,-0.00762939453125
0.001235968,-0.0152587890625,-0.00762939453125
0.001236992,-0.00762939453125,-0.00762939453125
0.001238016,0.0,-0.00762939453125
0.00123904,-0.00762939453125,-0.00762939453125
0.001240064,-0.00762939453125,-0.00762939453125
0.001241088,0.0152587890625,-0.00762939453125
0.001242112,-0.02288818359375,-0.00762939453125
0.001243136,0.0,-0.00762939453125
0.00124416,0.02288818359375,-0.00762939453125
0.001245184,-0.0152587890625,-0.00762939453125
0.001246208,0.0152587890625,-0.00762939453125
0.001247232,-0.00762939453125,-0.00762939453125
0.001248256,0.00762939453125,-0.00762939453125
0.00124928,-0.00762939453125,-0.00762939453125
0.001250304,-0.030517578125,-0.00762939453125
0.001251328,-0.0152587890625,-0.00762939453125
0.001252352,-0.030517578125,-0.00762939453125
0.001253376,0.02288818359375,-0.00762939453125
0.0012544,-0.02288818359375,-0.00762939453125
0.001255424,0.00762939453125,-0.00762939453125
0.001256448,-0.02288818359375,-0.00762939453125
0.001257472,0.030517578125,-0.00762939453125
0.001258496,0.0,-0.00762939453125
0.00125952,0.02288818359375,-0.00762939453125
0.001260544,0.0,-0.00762939453125
0.001261568,0.00762939453125,-0.00762939453125
0.001262592,0.00762939453125,-0.00762939453125
0.001263616,-0.02288818359375,-0.00762939453125
0.00126464,-0.00762939453125,-0.00762939453125
0.001265664,-0.03814697265625,-0.00762939453125
0.001266688,-0.0152587890625,-0.00762939453125
0.001267712,-0.02288818359375,-0.00762939453125
0.001268736,0.00762939453125,-0.00762939453125
0.00126976,-0.03814697265625,-0.00762939453125
0.001270784,0.0152587890625,-0.00762939453125
0.001271808,-0.0152587890625,-0.00762939453125
0.001272832,0.00762939453125,-0.00762939453125
0.001273856,-0.02288818359375,-0.00762939453125
0.00127488,0.030517578125,-0.00762939453125
0.001275904,-0.00762939453125,-0.00762939453125
0.001276928,0.0152587890625,-0.00762939453125
0.001277952,-0.0152587890625,-0.00762939453125
0.001278976,0.00762939453125,-0.00762939453125
0.00128,0.0,-0.00762939453125
0.001281024,0.0152587890625,-0.00762939453125
0.001282048,-0.00762939453125,-0.00762939453125
0.001283072,0.0,-0.00762939453125
0.001284096,-0.0152587890625,-0.00762939453125
0.00128512,-0.0152587890625,-0.00762939453125
0.001286144,-0.0152587890625,-0.00762939453125
0.001287168,-0.02288818359375,-0.00762939453125
0.001288192,0.0,-0.00762939453125
0.001289216,0.00762939453125,-0.00762939453125
0.00129024,0.0,-0.00762939453125
0.001291264,0.00762939453125,-0.00762939453125
0.001292288,0.0152587890625,-0.00762939453125
0.001293312,-0.00762939453125,-0.00762939453125
0.001294336,0.0152587890625,-0.00762939453125
0.00129536,0.0,-0.00762939453125
0.001296384,0.02288818359375,-0.00762939453125
0.001297408,-0.00762939453125,-0.00762939453125
0.001298432,0.00762939453125,-0.00762939453125
0.001299456,-0.02288818359375,-0.00762939453125
0.00130048,0.0,-0.00762939453125
0.001301504,-0.0152587890625,-0.00762939453125
0.001302528,-0.0457763671875,-0.00762939453125
0.001303552,-0.00762939453125,-0.00762939453125
0.001304576,-0.02288818359375,-0.00762939453125
0.0013056,-0.00762939453125,-0.00762939453125
0.001306624,-0.00762939453125,-0.00762939453125
0.001307648,0.0,-0.00762939453125
0.001308672,0.0,-0.00762939453125
0.001309696,0.00762939453125,-0.00762939453125
0.00131072,0.02288818359375,-0.00762939453125
0.001311744,0.0,-0.00762939453125
0.001312768,0.0152587890625,-0.00762939453125
0.001313792,-0.0152587890625,-0.00762939453125
0.001314816,0.0152587890625,-0.00762939453125
0.00131584,-0.0152587890625,-0.00762939453125
0.001316864,0.0,-0.00762939453125
0.001317888,0.0152587890625,-0.00762939453125
0.001318912,-0.02288818359375,-0.00762939453125
0.001319936,-0.0152587890625,-0.00762939453125
0.00132096,-0.0152587890625,-0.00762939453125
0.001321984,-0.030517578125,-0.00762939453125
0.001323008,0.0,-0.00762939453125
0.001324032,-0.00762939453125,-0.00762939453125
0.001325056,0.0,-0.00762939453125
0.00132608,-0.00762939453125,-0.00762939453125
0.001327104,0.0152587890625,-0.00762939453125
0.001328128,-0.00762939453125,-0.00762939453125
0.001329152,0.00762939453125,-0.00762939453125
0.001330176,0.0152587890625,-0.00762939453125
0.0013312,-0.00762939453125,-0.00762939453125
0.001332224,0.0152587890625,-0.00762939453125
0.001333248,-0.0152587890625,-0.00762939453125
0.001334272,0.0,-0.00762939453125
0.001335296,0.0,-0.00762939453125
0.00133632,0.00762939453125,-0.00762939453125
0.001337344,-0.03814697265625,-0.00762939453125
0.001338368,0.02288818359375,-0.00762939453125
0.001339392,-0.03814697265625,-0.00762939453125
0.001340416,0.0,-0.00762939453125
0.00134144,0.0,-0.00762939453125
0.001342464,0.00762939453125,-0.00762939453125
0.001343488,-0.0152587890625,-0.00762939453125
0.001344512,-0.0152587890625,-0.00762939453125
0.001345536,0.00762939453125,-0.00762939453125
0.00134656,0.0152587890625,-0.00762939453125
0.001347584,-0.0152587890625,-0.00762939453125
0.001348608,0.0152587890625,-0.00762939453125
0.001349632,-0.0152587890625,-0.00762939453125
0.001350656,0.0152587890625,-0.00762939453125
0.00135168,-0.02288818359375,-0.00762939453125
0.001352704,0.0,-0.00762939453125
0.001353728,0.02288818359375,-0.00762939453125
0.001354752,-0.02288818359375,-0.00762939453125
0.001355776,0.0,-0.00762939453125
0.0013568,0.0,-0.00762939453125
0.001357824,-0.0152587890625,-0.00762939453125
0.001358848,-0.02288818359375,-0.00762939453125
0.001359872,-0.00762939453125,-0.00762939453125
0.001360896,-0.00762939453125,-0.00762939453125
0.00136192,-0.00762939453125,-0.00762939453125
0.001362944,0.00762939453125,-0.00762939453125
0.001363968,-0.0152587890625,-0.00762939453125
0.001364992,0.00762939453125,-0.00762939453125
0.001366016,-0.02288818359375,-0.00762939453125
0.00136704,0.00762939453125,-0.00762939453125
0.001368064,-0.00762939453125,-0.00762939453125
0.001369088,0.0152587890625,-0.00762939453125
0.001370112,-0.02288818359375,-0.00762939453125
0.001371136,0.03814697265625,-0.00762939453125
0.00137216,-0.0152587890625,-0.00762939453125
0.001373184,0.0,-0.00762939453125
0.001374208,0.0,-0.00762939453125
0.001375232,0.00762939453125,-0.00762939453125
0.001376256,-0.02288818359375,-0.00762939453125
0.00137728,-0.030517578125,-0.00762939453125
0.001378304,-0.00762939453125,-0.00762939453125
0.001379328,-0.00762939453125,-0.00762939453125
0.001380352,0.0,-0.00762939453125
0.001381376,0.00762939453125,-0.00762939453125
0.0013824,0.0,-0.00762939453125
0.001383424,0.00762939453125,-0.00762939453125
0.001384448,0.0,-0.00762939453125
0.001385472,0.0152587890625,0.0
0.001386496,-0.00762939453125,-0.00762939453125
0.00138752,0.00762939453125,-0.00762939453125
0.001388544,-0.02288818359375,-0.00762939453125
0.001389568,0.00762939453125,-0.00762939453125
0.001390592,0.0,-0.00762939453125
0.001391616,-0.02288818359375,-0.00762939453125
0.00139264,-0.00762939453125,-0.00762939453125
0.001393664,-0.030517578125,-0.00762939453125
0.001394688,0.0,-0.00762939453125
0.001395712,-0.0152587890625,-0.00762939453125
0.001396736,0.0,-0.00762939453125
0.00139776,0.0152587890625,-0.00762939453125
0.001398784,-0.0152587890625,-0.00762939453125
0.001399808,0.00762939453125,-0.00762939453125
0.001400832,-0.02288818359375,-0.00762939453125
0.001401856,0.0152587890625,-0.00762939453125
0.00140288,-0.030517578125,-0.00762939453125
0.001403904,0.030517578125,-0.00762939453125
0.001404928,-0.00762939453125,-0.00762939453125
0.001405952,0.0,-0.00762939453125
0.001406976,0.0152587890625,0.0
0.001408,-0.02288818359375,-0.00762939453125
0.001409024,0.030517578125,-0.00762939453125
0.001410048,-0.030517578125,-0.00762939453125
0.001411072,0.0,-0.00762939453125
0.001412096,-0.0152587890625,-0.00762939453125
0.00141312,-0.0152587890625,-0.00762939453125
0.001414144,-0.0152587890625,0.0
0.001415168,0.00762939453125,-0.00762939453125
0.001416192,0.00762939453125,-0.00762939453125
0.001417216,-0.0152587890625,0.0
0.00141824,0.0,-0.00762939453125
0.001419264,0.0,-0.00762939453125
0.001420288,0.0152587890625,-0.00762939453125
0.001421312,-0.02288818359375,-0.00762939453125
0.001422336,0.00762939453125,-0.00762939453125
0.00142336,0.0,-0.00762939453125
0.001424384,0.00762939453125,-0.00762939453125
0.001425408,-0.030517578125,-0.00762939453125
0.001426432,0.02288818359375,-0.00762939453125
0.001427456,-0.0152587890625,-0.00762939453125
0.00142848,0.0,-0.00762939453125
0.001429504,-0.0152587890625,-0.00762939453125
0.001430528,-0.030517578125,-0.00762939453125
0.001431552,0.0,-0.00762939453125
0.001432576,-0.00762939453125,-0.00762939453125
0.0014336,0.0,-0.00762939453125
0.001434624,-0.00762939453125,-0.00762939453125
0.001435648,0.0152587890625,-0.00762939453125
0.001436672,-0.02288818359375,-0.00762939453125
0.001437696,-0.00762939453125,-0.00762939453125
0.00143872,0.02288818359375,-0.00762939453125
0.001439744,-0.0152587890625,-0.00762939453125
0.001440768,0.00762939453125,-0.00762939453125
0.001441792,0.00762939453125,-0.00762939453125
0.001442816,-0.02288818359375,-0.00762939453125
0.00144384,0.00762939453125,-0.00762939453125
0.001444864,-0.03814697265625,-0.00762939453125
0.001445888,0.0,-0.00762939453125
0.001446912,-0.0152587890625,-0.00762939453125
0.001447936,-0.0152587890625,-0.00762939453125
0.00144896,-0.030517578125,-0.00762939453125
0.001449984,0.030517578125,-0.00762939453125
0.001451008,-0.0152587890625,-0.00762939453125
0.001452032,0.00762939453125,-0.00762939453125
0.001453056,0.0,-0.00762939453125
0.00145408,0.00762939453125,-0.00762939453125
0.001455104,0.0,-0.00762939453125
0.001456128,0.0152587890625,-0.00762939453125
0.001457152,-0.00762939453125,-0.00762939453125
0.001458176,0.0152587890625,-0.00762939453125
0.0014592,-0.0152587890625,-0.00762939453125
0.001460224,0.0,-0.00762939453125
0.001461248,0.00762939453125,-0.00762939453125
0.001462272,-0.00762939453125,-0.00762939453125
0.001463296,-0.03814697265625,-0.00762939453125
0.00146432,-0.00762939453125,-0.00762939453125
0.001465344,-0.030517578125,-0.00762939453125
0.001466368,0.0,-0.00762939453125
0.001467392,-0.0152587890625,-0.00762939453125
0.001468416,-0.0152587890625,-0.00762939453125
0.00146944,-0.00762939453125,-0.00762939453125
0.001470464,-0.00762939453125,-0.00762939453125
0.001471488,-0.0152587890625,-0.00762939453125
0.001472512,0.0,-0.00762939453125
0.001473536,0.0,-0.00762939453125
0.00147456,0.00762939453125,-0.00762939453125
0.001475584,0.0152587890625,-0.00762939453125
0.001476608,-0.0152587890625,-0.00762939453125
0.001477632,0.00762939453125,-0.00762939453125
0.001478656,0.00762939453125,-0.00762939453125
0.00147968,0.00762939453125,-0.00762939453125
0.001480704,-0.00762939453125,-0.00762939453125
0.001481728,-0.0152587890625,-0.00762939453125
0.001482752,-0.030517578125,-0.00762939453125
0.001483776,-0.00762939453125,-0.00762939453125
0.0014848,-0.0152587890625,-0.00762939453125
0.001485824,0.00762939453125,-0.00762939453125
0.001486848,0.0,-0.00762939453125
0.001487872,0.00762939453125,-0.00762939453125
0.001488896,-0.0152587890625,-0.00762939453125
0.00148992,0.0152587890625,-0.00762939453125
0.001490944,-0.0152587890625,-0.00762939453125
0.001491968,0.030517578125,-0.00762939453125
0.001492992,-0.02288818359375,-0.00762939453125
0.001494016,0.030517578125,-0.00762939453125
0.00149504,-0.02288818359375,-0.00762939453125
0.001496064,0.0152587890625,-0.00762939453125
0.001497088,-0.030517578125,-0.00762939453125
0.001498112,0.02288818359375,-0.00762939453125
0.001499136,-0.0152587890625,-0.00762939453125
0.00150016,-0.0152587890625,-0.00762939453125
0.001501184,-0.02288818359375,-0.00762939453125
0.001502208,0.0152587890625,-0.00762939453125
0.001503232,-0.03814697265625,-0.00762939453125
0.001504256,0.00762939453125,-0.00762939453125
0.00150528,0.0,-0.00762939453125
0.001506304,0.02288818359375,-0.00762939453125
0.001507328,-0.00762939453125,-0.00762939453125
0.001508352,0.00762939453125,-0.00762939453125
0.001509376,0.0152587890625,-0.00762939453125
0.0015104,-0.00762939453125,-0.00762939453125
0.001511424,0.00762939453125,-0.00762939453125
0.001512448,-0.02288818359375,-0.00762939453125
0.001513472,0.02288818359375,-0.00762939453125
0.001514496,-0.02288818359375,-0.00762939453125
0.00151552,0.02288818359375,-0.00762939453125
0.001516544,-0.030517578125,-0.00762939453125
0.001517568,0.00762939453125,-0.00762939453125
0.001518592,-0.02288818359375,-0.00762939453125
0.001519616,-0.030517578125,-0.00762939453125
0.00152064,0.0,-0.00762939453125
0.001521664,-0.00762939453125,-0.00762939453125
0.001522688,-0.0152587890625,-0.00762939453125
0.001523712,0.0,-0.00762939453125
0.001524736,0.0152587890625,-0.00762939453125
0.00152576,-0.00762939453125,-0.00762939453125
0.001526784,0.0152587890625,-0.00762939453125
0.001527808,-0.00762939453125,-0.00762939453125
0.001528832,0.00762939453125,-0.00762939453125
0.001529856,0.0,-0.00762939453125
0.00153088,0.00762939453125,-0.00762939453125
0.001531904,0.00762939453125,-0.00762939453125
0.001532928,-0.02288818359375,-0.00762939453125
0.001533952,0.02288818359375,-0.00762939453125
0.001534976,-0.0152587890625,-0.00762939453125
0.001536,-0.02288818359375,-0.00762939453125
0.001537024,-0.0152587890625,-0.00762939453125
0.001538048,-0.03814697265625,-0.00762939453125
0.001539072,0.00762939453125,-0.00762939453125
0.001540096,-0.00762939453125,-0.00762939453125
0.00154112,-0.00762939453125,-0.00762939453125
0.001542144,-0.00762939453125,-0.00762939453125
0.001543168,0.00762939453125,-0.00762939453125
0.001544192,0.02288818359375,-0.00762939453125
0.001545216,-0.00762939453125,-0.00762939453125
0.00154624,0.0152587890625,-0.00762939453125
0.001547264,-0.0152587890625,-0.00762939453125
0.001548288,0.00762939453125,-0.00762939453125
0.001549312,-0.0152587890625,-0.00762939453125
0.001550336,-0.00762939453125,-0.00762939453125
0.00155136,0.00762939453125,-0.00762939453125
0.001552384,0.0,-0.00762939453125
0.001553408,0.0,-0.00762939453125
0.001554432,-0.00762939453125,-0.00762939453125
0.001555456,-0.02288818359375,-0.00762939453125
0.00155648,0.0152587890625,-0.00762939453125
0.001557504,-0.03814697265625,-0.00762939453125
0.001558528,0.0152587890625,-0.00762939453125
0.001559552,-0.02288818359375,-0.00762939453125
0.001560576,0.030517578125,-0.00762939453125
0.0015616,-0.0152587890625,-0.00762939453125
0.001562624,0.00762939453125,-0.00762939453125
0.001563648,0.02288818359375,-0.00762939453125
0.001564672,-0.02288818359375,-0.00762939453125
0.001565696,0.0,-0.00762939453125
0.00156672,-0.00762939453125,-0.00762939453125
0.001567744,0.0,-0.00762939453125
0.001568768,0.00762939453125,-0.00762939453125
0.001569792,0.0,-0.00762939453125
0.001570816,0.0,-0.00762939453125
0.00157184,-0.00762939453125,-0.00762939453125
0.001572864,0.0,-0.00762939453125
0.001573888,-0.0152587890625,-0.00762939453125
0.001574912,-0.0152587890625,-0.00762939453125
0.001575936,-0.0152587890625,-0.00762939453125
0.00157696,-0.00762939453125,-0.00762939453125
0.001577984,-0.00762939453125,-0.00762939453125
0.001579008,0.00762939453125,-0.00762939453125
0.001580032,-0.030517578125,-0.00762939453125
0.001581056,0.030517578125,-0.00762939453125
0.00158208,-0.0152587890625,-0.00762939453125
0.001583104,-0.00762939453125,-0.00762939453125
0.001584128,0.0152587890625,-0.00762939453125
0.001585152,-0.00762939453125,-0.00762939453125
0.001586176,0.00762939453125,-0.00762939453125
0.0015872,0.0,-0.00762939453125
0.001588224,0.0,-0.00762939453125
0.001589248,0.00762939453125,-0.00762939453125
0.001590272,-0.00762939453125,-0.00762939453125
0.001591296,0.0,-0.00762939453125
0.00159232,-0.0152587890625,-0.00762939453125
0.001593344,-0.02288818359375,-0.00762939453125
0.001594368,-0.02288818359375,-0.00762939453125
0.001595392,-0.0152587890625,-0.00762939453125
0.001596416,-0.02288818359375,-0.00762939453125
0.00159744,0.02288818359375,-0.00762939453125
0.001598464,-0.02288818359375,-0.00762939453125
0.001599488,0.02288818359375,-0.00762939453125
0.001600512,0.00762939453125,-0.00762939453125
0.001601536,0.0152587890625,-0.00762939453125
0.00160256,-0.00762939453125,-0.00762939453125
0.001603584,0.0152587890625,-0.00762939453125
0.001604608,-0.0152587890625,-0.00762939453125
0.001605632,0.00762939453125,-0.00762939453125
0.001606656,-0.02288818359375,-0.00762939453125
0.00160768,-0.00762939453125,-0.00762939453125
0.001608704,0.0,-0.00762939453125
0.001609728,-0.00762939453125,-0.00762939453125
0.001610752,-0.030517578125,-0.00762939453125
0.001611776,0.00762939453125,-0.00762939453125
0.0016128,-0.05340576171875,-0.00762939453125
0.001613824,0.030517578125,-0.00762939453125
0.001614848,-0.030517578125,-0.00762939453125
0.001615872,0.00762939453125,-0.00762939453125
0.001616896,0.02288818359375,-0.00762939453125
0.00161792,-0.02288818359375,-0.00762939453125
0.001618944,0.03814697265625,-0.00762939453125
0.001619968,-0.02288818359375,-0.00762939453125
0.001620992,0.03814697265625,-0.00762939453125
0.001622016,-0.02288818359375,-0.00762939453125
0.00162304,0.0152587890625,-0.00762939453125
0.001624064,-0.02288818359375,-0.00762939453125
0.001625088,0.0,-0.00762939453125
0.001626112,0.00762939453125,-0.00762939453125
0.001627136,-0.0152587890625,-0.00762939453125
0.00162816,0.00762939453125,-0.00762939453125
0.001629184,-0.0152587890625,-0.00762939453125
0.001630208,-0.0152587890625,-0.00762939453125
0.001631232,-0.03814697265625,-0.00762939453125
0.001632256,0.0,-0.00762939453125
0.00163328,-0.00762939453125,-0.00762939453125
0.001634304,0.0,-0.00762939453125
0.001635328,0.0,-0.00762939453125
0.001636352,0.00762939453125,-0.00762939453125
0.001637376,0.00762939453125,-0.00762939453125
0.0016384,0.02288818359375,-0.00762939453125
0.001639424,-0.00762939453125,-0.00762939453125
0.001640448,0.0,-0.00762939453125
0.001641472,0.0152587890625,-0.00762939453125
0.001642496,-0.00762939453125,-0.00762939453125
0.00164352,0.0152587890625,-0.00762939453125
0.001644544,-0.00762939453125,-0.00762939453125
0.001645568,0.0,-0.00762939453125
0.001646592,0.00762939453125,-0.00762939453125
0.001647616,-0.00762939453125,-0.00762939453125
0.00164864,-0.030517578125,-0.00762939453125
0.001649664,0.0,-0.00762939453125
0.001650688,-0.0152587890625,-0.00762939453125
0.001651712,-0.030517578125,-0.00762939453125
0.001652736,0.00762939453125,-0.00762939453125
0.00165376,-0.030517578125,0.0
0.001654784,0.0152587890625,-0.00762939453125
0.001655808,-0.0152587890625,-0.00762939453125
0.001656832,0.00762939453125,-0.00762939453125
0.001657856,0.0152587890625,-0.00762939453125
0.00165888,0.0,-0.00762939453125
0.001659904,0.00762939453125,-0.00762939453125
0.001660928,0.00762939453125,-0.00762939453125
0.001661952,-0.00762939453125,-0.00762939453125
0.001662976,0.0152587890625,-0.00762939453125
0.001664,-0.00762939453125,-0.00762939453125
0.001665024,0.0,-0.00762939453125
0.001666048,-0.0152587890625,-0.00762939453125
0.001667072,-0.030517578125,-0.00762939453125
0.001668096,0.0,-0.00762939453125
0.00166912,-0.0152587890625,-0.00762939453125
0.001670144,-0.0152587890625,-0.00762939453125
0.001671168,-0.00762939453125,-0.00762939453125
0.001672192,-0.00762939453125,-0.00762939453125
0.001673216,0.0152587890625,-0.00762939453125
0.00167424,-0.02288818359375,-0.00762939453125
0.001675264,0.00762939453125,-0.00762939453125
0.001676288,0.00762939453125,-0.00762939453125
0.001677312,-0.02288818359375,-0.00762939453125
0.001678336,0.0152587890625,-0.00762939453125
0.00167936,-0.00762939453125,-0.00762939453125
0.001680384,0.0152587890625,-0.00762939453125
0.001681408,-0.030517578125,-0.00762939453125
0.001682432,0.030517578125,-0.00762939453125
0.001683456,-0.030517578125,-0.00762939453125
0.00168448,0.00762939453125,-0.00762939453125
0.001685504,-0.0457763671875,-0.00762939453125
0.001686528,0.0,-0.00762939453125
0.001687552,-0.02288818359375,-0.00762939453125
0.001688576,-0.00762939453125,-0.00762939453125
0.0016896,-0.02288818359375,-0.00762939453125
0.001690624,0.00762939453125,-0.00762939453125
0.001691648,-0.00762939453125,-0.00762939453125
0.001692672,0.0152587890625,-0.00762939453125
0.001693696,-0.02288818359375,-0.00762939453125
0.00169472,0.030517578125,-0.00762939453125
0.001695744,-0.00762939453125,-0.00762939453125
0.001696768,0.00762939453125,-0.00762939453125
0.001697792,0.02288818359375,-0.00762939453125
0.001698816,-0.00762939453125,-0.00762939453125
0.00169984,0.00762939453125,-0.00762939453125
0.001700864,0.00762939453125,-0.00762939453125
0.001701888,-0.00762939453125,-0.00762939453125
0.001702912,-0.0152587890625,-0.00762939453125
0.001703936,-0.02288818359375,-0.00762939453125
0.00170496,-0.0152587890625,-0.00762939453125
0.001705984,-0.030517578125,-0.00762939453125
0.001707008,0.00762939453125,-0.00762939453125
0.001708032,0.0,-0.00762939453125
0.001709056,0.02288818359375,-0.00762939453125
0.00171008,-0.0152587890625,-0.00762939453125
0.001711104,0.00762939453125,-0.00762939453125
0.001712128,-0.00762939453125,-0.00762939453125
0.001713152,0.02288818359375,-0.00762939453125
0.001714176,-0.0152587890625,-0.00762939453125
0.0017152,0.00762939453125,-0.00762939453125
0.001716224,-0.00762939453125,-0.00762939453125
0.001717248,0.0,-0.00762939453125
0.001718272,0.0152587890625,-0.00762939453125
0.001719296,-0.0152587890625,-0.00762939453125
0.00172032,0.0,-0.00762939453125
0.001721344,-0.030517578125,-0.00762939453125
0.001722368,-0.0152587890625,-0.00762939453125
0.001723392,-0.030517578125,-0.00762939453125
0.001724416,0.0,-0.00762939453125
0.00172544,-0.0152587890625,-0.00762939453125
0.001726464,-0.00762939453125,-0.00762939453125
0.001727488,-0.00762939453125,-0.00762939453125
0.001728512,0.0152587890625,-0.00762939453125
0.001729536,-0.00762939453125,-0.00762939453125
0.00173056,0.00762939453125,-0.00762939453125
0.001731584,0.030517578125,-0.00762939453125
0.001732608,0.0,-0.00762939453125
0.001733632,0.0152587890625,-0.00762939453125
0.001734656,-0.00762939453125,-0.00762939453125
0.00173568,0.0,-0.00762939453125
0.001736704,0.0,-0.00762939453125
0.001737728,0.0,-0.00762939453125
0.001738752,-0.00762939453125,-0.00762939453125
0.001739776,-0.0152587890625,-0.00762939453125
0.0017408,-0.00762939453125,-0.00762939453125
0.001741824,-0.03814697265625,-0.00762939453125
0.001742848,-0.00762939453125,-0.00762939453125
0.001743872,-0.02288818359375,-0.00762939453125
0.001744896,0.0152587890625,-0.00762939453125
0.00174592,-0.030517578125,-0.00762939453125
0.001746944,0.030517578125,-0.00762939453125
0.001747968,0.0,-0.00762939453125
0.001748992,0.0152587890625,-0.00762939453125
0.001750016,-0.00762939453125,-0.00762939453125
0.00175104,0.0152587890625,-0.00762939453125
0.001752064,-0.00762939453125,-0.00762939453125
0.001753088,0.0,-0.00762939453125
0.001754112,0.0152587890625,-0.00762939453125
0.001755136,-0.00762939453125,-0.00762939453125
0.00175616,0.0,-0.00762939453125
0.001757184,0.0,-0.00762939453125
0.001758208,-0.0152587890625,-0.00762939453125
0.001759232,-0.0152587890625,-0.00762939453125
0.001760256,-0.030517578125,0.0
0.00176128,0.0,-0.00762939453125
0.001762304,-0.0152587890625,-0.00762939453125
0.001763328,-0.0152587890625,-0.00762939453125
0.001764352,-0.00762939453125,-0.00762939453125
0.001765376,0.00762939453125,-0.00762939453125
0.0017664,-0.0152587890625,-0.00762939453125
0.001767424,0.00762939453125,-0.00762939453125
0.001768448,-0.00762939453125,-0.00762939453125
0.001769472,0.0152587890625,-0.00762939453125
0.001770496,-0.0152587890625,-0.00762939453125
0.00177152,0.0,-0.00762939453125
0.001772544,-0.00762939453125,-0.00762939453125
0.001773568,0.0152587890625,-0.00762939453125
0.001774592,-0.02288818359375,-0.00762939453125
0.001775616,-0.00762939453125,-0.00762939453125
0.00177664,0.00762939453125,-0.00762939453125
0.001777664,-0.00762939453125,-0.00762939453125
0.001778688,-0.03814697265625,-0.00762939453125
0.001779712,0.0,-0.00762939453125
0.001780736,-0.02288818359375,-0.00762939453125
0.00178176,-0.0152587890625,-0.00762939453125
0.001782784,-0.00762939453125,-0.00762939453125
0.001783808,-0.00762939453125,-0.00762939453125
0.001784832,0.0,-0.00762939453125
0.001785856,0.00762939453125,-0.00762939453125
0.00178688,0.00762939453125,-0.00762939453125
0.001787904,-0.00762939453125,-0.00762939453125
0.001788928,0.00762939453125,-0.00762939453125
0.001789952,-0.030517578125,-0.00762939453125
0.001790976,0.030517578125,-0.00762939453125
0.001792,-0.02288818359375,-0.00762939453125
0.001793024,0.00762939453125,-0.00762939453125
0.001794048,-0.00762939453125,-0.00762939453125
0.001795072,-0.0152587890625,-0.00762939453125
0.001796096,-0.00762939453125,-0.00762939453125
0.00179712,-0.030517578125,-0.00762939453125
0.001798144,0.0,-0.00762939453125
0.001799168,-0.00762939453125,-0.00762939453125
0.001800192,-0.030517578125,-0.00762939453125
0.001801216,0.02288818359375,-0.00762939453125
0.00180224,-0.02288818359375,-0.00762939453125
0.001803264,0.03814697265625,-0.00762939453125
0.001804288,0.0,-0.00762939453125
0.001805312,0.0152587890625,-0.00762939453125
0.001806336,-0.00762939453125,-0.00762939453125
0.00180736,0.00762939453125,-0.00762939453125
0.001808384,-0.02288818359375,-0.00762939453125
0.001809408,0.00762939453125,-0.00762939453125
0.001810432,-0.0152587890625,-0.00762939453125
0.001811456,0.0,0.0
0.00181248,-0.00762939453125,-0.00762939453125
0.001813504,0.0,-0.00762939453125
0.001814528,0.0,-0.00762939453125
0.001815552,-0.00762939453125,-0.00762939453125
0.001816576,-0.030517578125,-0.00762939453125
0.0018176,0.00762939453125,-0.00762939453125
0.001818624,0.0,-0.00762939453125
0.001819648,-0.00762939453125,0.0
0.001820672,0.0,-0.00762939453125
0.001821696,-0.00762939453125,0.0
0.00182272,0.00762939453125,-0.00762939453125
0.001823744,0.00762939453125,-0.00762939453125
0.001824768,0.0,-0.00762939453125
0.001825792,0.00762939453125,-0.00762939453125
0.001826816,-0.02288818359375,-0.00762939453125
0.00182784,0.030517578125,-0.00762939453125
0.001828864,-0.02288818359375,-0.00762939453125
0.001829888,0.0,-0.00762939453125
0.001830912,0.0,-0.00762939453125
0.001831936,0.0,-0.00762939453125
0.00183296,-0.0152587890625,-0.00762939453125
0.001833984,-0.02288818359375,-0.00762939453125
0.001835008,-0.030517578125,-0.00762939453125
0.001836032,0.00762939453125,-0.00762939453125
0.001837056,-0.0152587890625,-0.00762939453125
0.00183808,0.0,-0.00762939453125
0.001839104,0.0,-0.00762939453125
0.001840128,0.00762939453125,-0.00762939453125
0.001841152,0.00762939453125,-0.00762939453125
0.001842176,0.0152587890625,-0.00762939453125
0.0018432,-0.0152587890625,-0.00762939453125
0.001844224,0.00762939453125,-0.00762939453125
0.001845248,0.0152587890625,-0.00762939453125
0.001846272,-0.0152587890625,-0.00762939453125
0.001847296,0.00762939453125,-0.00762939453125
0.00184832,-0.00762939453125,-0.00762939453125
0.001849344,0.0,-0.00762939453125
0.001850368,0.0,-0.00762939453125
0.001851392,0.00762939453125,-0.00762939453125
0.001852416,-0.03814697265625,-0.00762939453125
0.00185344,0.0,-0.00762939453125
0.001854464,-0.00762939453125,-0.00762939453125
0.001855488,-0.00762939453125,-0.00762939453125
0.001856512,-0.02288818359375,-0.00762939453125
0.001857536,-0.02288818359375,-0.00762939453125
0.00185856,0.0152587890625,-0.00762939453125
0.001859584,-0.02288818359375,-0.00762939453125
0.001860608,0.00762939453125,-0.00762939453125
0.001861632,-0.02288818359375,-0.00762939453125
0.001862656,0.0457763671875,-0.00762939453125
0.00186368,-0.03814697265625,-0.00762939453125
0.001864704,0.02288818359375,-0.00762939453125
0.001865728,-0.00762939453125,-0.00762939453125
0.001866752,0.00762939453125,-0.00762939453125
0.001867776,0.00762939453125,-0.00762939453125
0.0018688,-0.02288818359375,-0.00762939453125
0.001869824,0.02288818359375,-0.00762939453125
0.001870848,-0.030517578125,-0.00762939453125
0.001871872,0.00762939453125,-0.00762939453125
0.001872896,-0.02288818359375,-0.00762939453125
0.00187392,0.0,-0.00762939453125
0.001874944,-0.02288818359375,-0.00762939453125
0.001875968,0.00762939453125,-0.00762939453125
0.001876992,-0.00762939453125,-0.00762939453125
0.001878016,0.0,-0.00762939453125
0.00187904,0.0,-0.00762939453125
0.001880064,-0.00762939453125,-0.00762939453125
0.001881088,0.0,-0.00762939453125
0.001882112,0.0152587890625,-0.00762939453125
0.001883136,-0.02288818359375,-0.00762939453125
0.00188416,0.0,-0.00762939453125
0.001885184,0.0152587890625,-0.00762939453125
0.001886208,-0.0152587890625,-0.00762939453125
0.001887232,0.0,-0.00762939453125
0.001888256,0.00762939453125,-0.00762939453125
0.00188928,-0.02288818359375,-0.00762939453125
0.001890304,0.0152587890625,-0.00762939453125
0.001891328,-0.0457763671875,-0.00762939453125
0.001892352,-0.00762939453125,-0.00762939453125
0.001893376,-0.0152587890625,-0.00762939453125
0.0018944,-0.0152587890625,-0.00762939453125
0.001895424,-0.0152587890625,-0.00762939453125
0.001896448,0.0,-0.00762939453125
0.001897472,0.00762939453125,-0.00762939453125
0.001898496,0.0152587890625,-0.00762939453125
0.00189952,-0.00762939453125,-0.00762939453125
0.001900544,0.00762939453125,-0.00762939453125
0.001901568,-0.0152587890625,-0.00762939453125
0.001902592,0.00762939453125,-0.00762939453125
0.001903616,0.00762939453125,-0.00762939453125
0.00190464,0.0152587890625,-0.00762939453125
0.001905664,-0.0152587890625,-0.00762939453125
0.001906688,0.0,-0.00762939453125
0.001907712,-0.00762939453125,-0.00762939453125
0.001908736,0.0,-0.00762939453125
0.00190976,-0.030517578125,-0.00762939453125
0.001910784,-0.00762939453125,-0.00762939453125
0.001911808,-0.030517578125,-0.00762939453125
0.001912832,0.00762939453125,-0.00762939453125
0.001913856,-0.0152587890625,-0.00762939453125
0.00191488,-0.0152587890625,-0.00762939453125
0.001915904,0.0,-0.00762939453125
0.001916928,-0.00762939453125,-0.00762939453125
0.001917952,0.00762939453125,-0.00762939453125
0.001918976,0.00762939453125,0.0
0.00192,0.00762939453125,0.0
0.001921024,0.00762939453125,-0.00762939453125
0.001922048,0.00762939453125,-0.00762939453125
0.001923072,0.0,-0.00762939453125
0.001924096,0.0152587890625,-0.00762939453125
0.00192512,-0.0152587890625,-0.00762939453125
0.001926144,0.00762939453125,-0.00762939453125
0.001927168,-0.0152587890625,-0.00762939453125
0.001928192,-0.00762939453125,-0.00762939453125
0.001929216,-0.02288818359375,-0.00762939453125
0.00193024,-0.03814697265625,-0.00762939453125
0.001931264,0.00762939453125,-0.00762939453125
0.001932288,-0.0152587890625,-0.00762939453125
0.001933312,-0.00762939453125,-0.00762939453125
0.001934336,0.00762939453125,-0.00762939453125
0.00193536,-0.00762939453125,-0.00762939453125
0.001936384,-0.00762939453125,-0.00762939453125
0.001937408,0.00762939453125,-0.00762939453125
0.001938432,0.00762939453125,-0.00762939453125
0.001939456,0.0152587890625,-0.00762939453125
0.00194048,0.0,-0.00762939453125
0.001941504,0.0,-0.00762939453125
0.001942528,0.00762939453125,-0.00762939453125
0.001943552,0.0152587890625,-0.00762939453125
0.001944576,-0.02288818359375,-0.00762939453125
0.0019456,0.0,-0.00762939453125
0.001946624,0.00762939453125,-0.00762939453125
0.001947648,-0.00762939453125,-0.00762939453125
0.001948672,-0.03814697265625,-0.00762939453125
0.001949696,0.00762939453125,-0.00762939453125
0.00195072,-0.02288818359375,-0.00762939453125
0.001951744,0.00762939453125,-0.00762939453125
0.001952768,-0.030517578125,-0.00762939453125
0.001953792,0.02288818359375,-0.00762939453125
0.001954816,-0.00762939453125,-0.00762939453125
0.00195584,0.0152587890625,-0.00762939453125
0.001956864,-0.00762939453125,-0.00762939453125
0.001957888,0.00762939453125,-0.00762939453125
0.001958912,-0.0152587890625,-0.00762939453125
0.001959936,0.0,-0.00762939453125
0.00196096,0.00762939453125,-0.00762939453125
0.001961984,-0.02288818359375,-0.00762939453125
0.001963008,0.03814697265625,-0.00762939453125
0.001964032,-0.0152587890625,-0.00762939453125
0.001965056,-0.02288818359375,-0.00762939453125
0.00196608,0.0,-0.00762939453125
0.001967104,-0.02288818359375,-0.00762939453125
0.001968128,0.0,-0.00762939453125
0.001969152,-0.0152587890625,-0.00762939453125
0.001970176,-0.00762939453125,-0.00762939453125
0.0019712,0.0,-0.00762939453125
0.001972224,0.00762939453125,-0.00762939453125
0.001973248,0.0152587890625,-0.00762939453125
0.001974272,-0.0152587890625,-0.00762939453125
0.001975296,0.0152587890625,-0.00762939453125
0.00197632,-0.02288818359375,-0.00762939453125
0.001977344,0.00762939453125,-0.00762939453125
0.001978368,0.0152587890625,-0.00762939453125
0.001979392,-0.00762939453125,-0.00762939453125
0.001980416,0.0152587890625,0.0
0.00198144,-0.0152587890625,-0.00762939453125
0.001982464,-0.0152587890625,-0.00762939453125
0.001983488,0.00762939453125,-0.00762939453125
0.001984512,0.0,-0.00762939453125
0.001985536,-0.02288818359375,-0.00762939453125
0.00198656,-0.03814697265625,-0.00762939453125
0.001987584,0.0,-0.00762939453125
0.001988608,-0.030517578125,-0.00762939453125
0.001989632,0.00762939453125,-0.00762939453125
0.001990656,-0.02288818359375,-0.00762939453125
0.00199168,0.00762939453125,-0.00762939453125
0.001992704,0.0152587890625,-0.00762939453125
0.001993728,-0.0152587890625,-0.00762939453125
0.001994752,0.00762939453125,-0.00762939453125
0.001995776,0.0152587890625,-0.00762939453125
0.0019968,-0.0152587890625,-0.00762939453125
0.001997824,0.00762939453125,-0.00762939453125
0.001998848,0.0,-0.00762939453125
0.001999872,0.00762939453125,-0.00762939453125
0.002000896,0.0,-0.00762939453125
0.00200192,-0.00762939453125,-0.00762939453125
0.002002944,-0.0152587890625,-0.00762939453125
0.002003968,-0.0152587890625,-0.00762939453125
0.002004992,-0.03814697265625,-0.00762939453125
0.002006016,0.0,-0.00762939453125
0.00200704,-0.0152587890625,-0.00762939453125
0.002008064,-0.00762939453125,-0.00762939453125
0.002009088,0.0,-0.00762939453125
0.002010112,0.0,-0.00762939453125
0.002011136,0.0152587890625,-0.00762939453125
0.00201216,-0.00762939453125,-0.00762939453125
0.002013184,0.0152587890625,-0.00762939453125
0.002014208,0.00762939453125,-0.00762939453125
0.002015232,0.02288818359375,-0.00762939453125
0.002016256,-0.00762939453125,-0.00762939453125
0.00201728,0.0,-0.00762939453125
0.002018304,0.0152587890625,0.0
0.002019328,-0.030517578125,-0.00762939453125
0.002020352,0.02288818359375,-0.00762939453125
0.002021376,-0.0152587890625,-0.00762939453125
0.0020224,-0.0152587890625,-0.00762939453125
0.002023424,-0.02288818359375,-0.00762939453125
0.002024448,0.00762939453125,-0.00762939453125
0.002025472,-0.0152587890625,-0.00762939453125
0.002026496,-0.00762939453125,-0.00762939453125
0.00202752,0.0,-0.00762939453125
0.002028544,0.0,-0.00762939453125
0.002029568,0.00762939453125,-0.00762939453125
0.002030592,-0.0152587890625,-0.00762939453125
0.002031616,0.00762939453125,-0.00762939453125
0.00203264,-0.00762939453125,-0.00762939453125
0.002033664,0.00762939453125,-0.00762939453125
0.002034688,-0.02288818359375,-0.00762939453125
0.002035712,0.0,-0.00762939453125
0.002036736,-0.00762939453125,-0.00762939453125
0.00203776,0.0,-0.00762939453125
0.002038784,0.0,-0.00762939453125
0.002039808,0.00762939453125,-0.00762939453125
0.002040832,-0.00762939453125,-0.00762939453125
0.002041856,0.0,-0.00762939453125
0.00204288,-0.0152587890625,-0.00762939453125
0.002043904,-0.0152587890625,-0.00762939453125
0.002044928,-0.00762939453125,-0.00762939453125
0.002045952,-0.0152587890625,-0.00762939453125
0.002046976,-0.0152587890625,-0.00762939453125
0.002048,0.0,-0.00762939453125
0.002049024,0.00762939453125,-0.00762939453125
0.002050048,-0.02288818359375,-0.00762939453125
0.002051072,0.0457763671875,-0.00762939453125
0.002052096,-0.030517578125,-0.00762939453125
0.00205312,0.030517578125,-0.00762939453125
0.002054144,-0.00762939453125,-0.00762939453125
0.002055168,0.0,-0.00762939453125
0.002056192,0.02288818359375,-0.00762939453125
0.002057216,-0.0152587890625,-0.00762939453125
0.00205824,0.00762939453125,-0.00762939453125
0.002059264,-0.02288818359375,-0.00762939453125
0.002060288,0.0,-0.00762939453125
0.002061312,-0.0152587890625,-0.00762939453125
0.002062336,-0.030517578125,-0.00762939453125
0.00206336,0.0152587890625,-0.00762939453125
0.002064384,-0.03814697265625,-0.00762939453125
0.002065408,0.0152587890625,-0.00762939453125
0.002066432,-0.030517578125,-0.00762939453125
0.002067456,0.0152587890625,-0.00762939453125
0.00206848,-0.00762939453125,-0.00762939453125
0.002069504,-0.00762939453125,-0.00762939453125
0.002070528,0.0152587890625,-0.00762939453125
0.002071552,-0.02288818359375,-0.00762939453125
0.002072576,0.0,-0.00762939453125
0.0020736,0.0,-0.00762939453125
0.002074624,0.0,-0.00762939453125
0.002075648,0.0,-0.00762939453125
0.002076672,0.00762939453125,-0.00762939453125
0.002077696,0.0,-0.00762939453125
0.00207872,0.00762939453125,-0.00762939453125
0.002079744,0.0,-0.00762939453125
0.002080768,-0.0152587890625,-0.00762939453125
0.002081792,-0.0152587890625,-0.00762939453125
0.002082816,-0.00762939453125,-0.00762939453125
0.00208384,-0.0152587890625,-0.00762939453125
0.002084864,-0.00762939453125,-0.00762939453125
0.002085888,-0.00762939453125,-0.00762939453125
0.002086912,0.0,-0.00762939453125
0.002087936,0.00762939453125,-0.00762939453125
0.00208896,-0.00762939453125,-0.00762939453125
0.002089984,0.0,-0.00762939453125
0.002091008,0.0152587890625,-0.00762939453125
0.002092032,-0.0152587890625,-0.00762939453125
0.002093056,0.00762939453125,-0.00762939453125
0.00209408,-0.030517578125,-0.00762939453125
0.002095104,0.03814697265625,-0.00762939453125
0.002096128,-0.03814697265625,-0.00762939453125
0.002097152,0.02288818359375,-0.00762939453125
0.002098176,-0.02288818359375,-0.00762939453125
0.0020992,-0.00762939453125,-0.00762939453125
0.002100224,-0.02288818359375,-0.00762939453125
0.002101248,0.0,-0.00762939453125
0.002102272,-0.02288818359375,-0.00762939453125
0.002103296,0.0,-0.00762939453125
0.00210432,-0.00762939453125,-0.00762939453125
0.002105344,0.0,-0.00762939453125
0.002106368,-0.0152587890625,-0.00762939453125
0.002107392,0.00762939453125,-0.00762939453125
0.002108416,-0.02288818359375,-0.00762939453125
0.00210944,0.0,-0.00762939453125
0.002110464,0.02288818359375,-0.00762939453125
0.002111488,-0.02288818359375,-0.00762939453125
0.002112512,0.030517578125,-0.00762939453125
0.002113536,-0.02288818359375,-0.00762939453125
0.00211456,0.0152587890625,-0.00762939453125
0.002115584,-0.0152587890625,-0.00762939453125
0.002116608,-0.00762939453125,-0.00762939453125
0.002117632,0.00762939453125,-0.00762939453125
0.002118656,-0.0152587890625,-0.00762939453125
0.00211968,-0.03814697265625,-0.00762939453125
0.002120704,0.00762939453125,-0.00762939453125
0.002121728,-0.0457763671875,-0.00762939453125
0.002122752,0.00762939453125,-0.00762939453125
0.002123776,0.0,-0.00762939453125
0.0021248,0.0,-0.00762939453125
0.002125824,0.00762939453125,-0.00762939453125
0.002126848,0.0,-0.00762939453125
0.002127872,0.0152587890625,-0.00762939453125
0.002128896,-0.0152587890625,-0.00762939453125
0.00212992,0.00762939453125,-0.00762939453125
0.002130944,0.02288818359375,-0.00762939453125
0.002131968,-0.00762939453125,-0.00762939453125
0.002132992,0.0,-0.00762939453125
0.002134016,0.0,-0.00762939453125
0.00213504,0.0,-0.00762939453125
0.002136064,0.0,-0.00762939453125
0.002137088,-0.0152587890625,-0.00762939453125
0.002138112,-0.02288818359375,-0.00762939453125
0.002139136,-0.030517578125,0.0
0.00214016,0.0,-0.00762939453125
0.002141184,-0.00762939453125,0.0
0.002142208,0.0,-0.00762939453125
0.002143232,-0.00762939453125,-0.00762939453125
0.002144256,0.00762939453125,-0.00762939453125
0.00214528,-0.00762939453125,-0.00762939453125
0.002146304,0.00762939453125,-0.00762939453125
0.002147328,0.02288818359375,-0.00762939453125
0.002148352,-0.00762939453125,-0.00762939453125
0.002149376,0.0152587890625,-0.00762939453125
0.0021504,-0.0152587890625,-0.00762939453125
0.002151424,0.00762939453125,-0.00762939453125
0.002152448,0.0152587890625,-0.00762939453125
0.002153472,-0.02288818359375,-0.00762939453125
0.002154496,0.0152587890625,-0.00762939453125
0.00215552,-0.030517578125,-0.00762939453125
0.002156544,0.0,-0.00762939453125
0.002157568,-0.030517578125,-0.00762939453125
0.002158592,0.00762939453125,-0.00762939453125
0.002159616,-0.0152587890625,-0.00762939453125
0.00216064,-0.02288818359375,-0.00762939453125
0.002161664,0.02288818359375,-0.00762939453125
0.002162688,-0.02288818359375,-0.00762939453125
0.002163712,0.030517578125,-0.00762939453125
0.002164736,0.0,-0.00762939453125
0.00216576,0.00762939453125,-0.00762939453125
0.002166784,0.030517578125,-0.00762939453125
0.002167808,-0.0152587890625,-0.00762939453125
0.002168832,0.0152587890625,0.0
0.002169856,-0.00762939453125,-0.00762939453125
0.00217088,0.0,-0.00762939453125
0.002171904,0.02288818359375,-0.00762939453125
0.002172928,-0.02288818359375,-0.00762939453125
0.002173952,-0.00762939453125,-0.00762939453125
0.002174976,0.00762939453125,-0.00762939453125
0.002176,-0.06103515625,-0.00762939453125
0.002177024,0.0152587890625,-0.00762939453125
0.002178048,-0.03814697265625,-0.00762939453125
0.002179072,0.00762939453125,-0.00762939453125
0.002180096,-0.00762939453125,-0.00762939453125
0.00218112,0.00762939453125,-0.00762939453125
0.002182144,0.00762939453125,-0.00762939453125
0.002183168,0.030517578125,-0.00762939453125
0.002184192,0.0,-0.00762939453125
0.002185216,0.0152587890625,-0.00762939453125
0.00218624,0.0,-0.00762939453125
0.002187264,0.0152587890625,-0.00762939453125
0.002188288,-0.00762939453125,-0.00762939453125
0.002189312,0.0152587890625,-0.00762939453125
0.002190336,-0.0152587890625,-0.00762939453125
0.00219136,-0.00762939453125,-0.00762939453125
0.002192384,-0.00762939453125,-0.00762939453125
0.002193408,-0.0152587890625,-0.00762939453125
0.002194432,-0.02288818359375,-0.00762939453125
0.002195456,-0.0457763671875,-0.00762939453125
0.00219648,-0.0152587890625,-0.00762939453125
0.002197504,-0.0152587890625,-0.00762939453125
0.002198528,0.0,-0.00762939453125
0.002199552,0.00762939453125,-0.00762939453125
0.002200576,0.00762939453125,-0.00762939453125
0.0022016,0.00762939453125,-0.00762939453125
0.002202624,0.0,-0.00762939453125
0.002203648,0.02288818359375,-0.00762939453125
0.002204672,-0.00762939453125,-0.00762939453125
0.002205696,0.00762939453125,-0.00762939453125
0.00220672,-0.02288818359375,-0.00762939453125
0.002207744,0.0,-0.00762939453125
0.002208768,0.0,-0.00762939453125
0.002209792,-0.00762939453125,-0.00762939453125
0.002210816,-0.0152587890625,-0.00762939453125
0.00221184,0.00762939453125,-0.00762939453125
0.002212864,-0.0152587890625,-0.00762939453125
0.002213888,-0.02288818359375,-0.00762939453125
0.002214912,-0.02288818359375,-0.00762939453125
0.002215936,-0.0152587890625,-0.00762939453125
0.00221696,-0.00762939453125,-0.00762939453125
0.002217984,0.0,-0.00762939453125
0.002219008,0.0,-0.00762939453125
0.002220032,0.0152587890625,-0.00762939453125
0.002221056,-0.00762939453125,-0.00762939453125
0.00222208,0.0152587890625,-0.00762939453125
0.002223104,-0.00762939453125,-0.00762939453125
0.002224128,0.0,-0.00762939453125
0.002225152,0.0,-0.00762939453125
0.002226176,0.00762939453125,-0.00762939453125
0.0022272,0.00762939453125,-0.00762939453125
0.002228224,-0.00762939453125,-0.00762939453125
0.002229248,0.00762939453125,-0.00762939453125
0.002230272,-0.0152587890625,-0.00762939453125
0.002231296,0.0,-0.00762939453125
0.00223232,-0.00762939453125,-0.00762939453125
0.002233344,-0.0152587890625,-0.00762939453125
0.002234368,-0.030517578125,-0.00762939453125
0.002235392,0.02288818359375,-0.00762939453125
0.002236416,-0.02288818359375,-0.00762939453125
0.00223744,0.00762939453125,-0.00762939453125
0.002238464,0.0,-0.00762939453125
0.002239488,-0.00762939453125,-0.00762939453125
0.002240512,0.0,-0.00762939453125
0.002241536,0.0152587890625,-0.00762939453125
0.00224256,-0.02288818359375,-0.00762939453125
0.002243584,-0.00762939453125,-0.00762939453125
0.002244608,0.02288818359375,-0.00762939453125
0.002245632,-0.030517578125,-0.00762939453125
0.002246656,0.030517578125,-0.00762939453125
0.00224768,-0.0152587890625,-0.00762939453125
0.002248704,-0.00762939453125,-0.00762939453125
0.002249728,0.0,-0.00762939453125
0.002250752,0.00762939453125,-0.00762939453125
0.002251776,-0.03814697265625,-0.00762939453125
0.0022528,0.00762939453125,-0.00762939453125
0.002253824,-0.00762939453125,-0.00762939453125
0.002254848,-0.02288818359375,-0.00762939453125
0.002255872,0.0,-0.00762939453125
0.002256896,0.0,-0.00762939453125
0.00225792,0.0,-0.00762939453125
0.002258944,0.0,-0.00762939453125
0.002259968,0.00762939453125,-0.00762939453125
0.002260992,-0.0152587890625,-0.00762939453125
0.002262016,0.00762939453125,-0.00762939453125
0.00226304,-0.0152587890625,-0.00762939453125
0.002264064,0.0,-0.00762939453125
0.002265088,0.0152587890625,-0.00762939453125
0.002266112,-0.0152587890625,-0.00762939453125
0.002267136,-0.00762939453125,-0.00762939453125
0.00226816,0.0,-0.00762939453125
0.002269184,0.00762939453125,-0.00762939453125
0.002270208,-0.02288818359375,-0.00762939453125
0.002271232,-0.02288818359375,-0.00762939453125
0.002272256,0.0152587890625,-0.00762939453125
0.00227328,-0.03814697265625,-0.00762939453125
0.002274304,0.0152587890625,-0.00762939453125
0.002275328,-0.0152587890625,-0.00762939453125
0.002276352,0.0152587890625,-0.00762939453125
0.002277376,-0.00762939453125,-0.00762939453125
0.0022784,0.0152587890625,-0.00762939453125
0.002279424,-0.03814697265625,-0.00762939453125
0.002280448,0.030517578125,-0.00762939453125
0.002281472,-0.02288818359375,-0.00762939453125
0.002282496,0.030517578125,-0.00762939453125
0.00228352,-0.00762939453125,-0.00762939453125
0.002284544,-0.00762939453125,-0.00762939453125
0.002285568,0.0,-0.00762939453125
0.002286592,-0.00762939453125,-0.00762939453125
0.002287616,0.00762939453125,-0.00762939453125
0.00228864,-0.030517578125,-0.00762939453125
0.002289664,0.00762939453125,-0.00762939453125
0.002290688,-0.0152587890625,-0.00762939453125
0.002291712,-0.02288818359375,-0.00762939453125
0.002292736,0.0,-0.00762939453125
0.00229376,-0.00762939453125,-0.00762939453125
0.002294784,-0.00762939453125,-0.00762939453125
0.002295808,0.0,-0.00762939453125
0.002296832,0.0,-0.00762939453125
0.002297856,0.0,-0.00762939453125
0.00229888,0.0152587890625,-0.00762939453125
0.002299904,-0.0152587890625,-0.00762939453125
0.002300928,0.030517578125,-0.00762939453125
0.002301952,0.0,-0.00762939453125
0.002302976,0.0152587890625,-0.00762939453125
0.002304,-0.00762939453125,-0.00762939453125
0.002305024,0.0,-0.00762939453125
0.002306048,0.00762939453125,-0.00762939453125
0.002307072,-0.030517578125,-0.00762939453125
0.002308096,-0.00762939453125,-0.00762939453125
0.00230912,-0.030517578125,-0.00762939453125
0.002310144,-0.0152587890625,-0.00762939453125
0.002311168,-0.02288818359375,-0.00762939453125
0.002312192,0.00762939453125,-0.00762939453125
0.002313216,-0.00762939453125,-0.00762939453125
0.00231424,0.0,-0.00762939453125
0.002315264,0.00762939453125,-0.00762939453125
0.002316288,0.0152587890625,-0.00762939453125
0.002317312,-0.00762939453125,-0.00762939453125
0.002318336,0.00762939453125,-0.00762939453125
0.00231936,-0.0152587890625,-0.00762939453125
0.002320384,0.0152587890625,-0.00762939453125
0.002321408,-0.0152587890625,-0.00762939453125
0.002322432,0.00762939453125,-0.00762939453125
0.002323456,0.0,-0.00762939453125
0.00232448,0.00762939453125,-0.00762939453125
0.002325504,-0.02288818359375,-0.00762939453125
0.002326528,0.0,-0.00762939453125
0.002327552,-0.030517578125,-0.00762939453125
0.002328576,-0.00762939453125,-0.00762939453125
0.0023296,-0.02288818359375,-0.00762939453125
0.002330624,-0.0152587890625,-0.00762939453125
0.002331648,0.0,0.0
0.002332672,-0.00762939453125,-0.00762939453125
0.002333696,0.0152587890625,-0.00762939453125
0.00233472,-0.0152587890625,-0.00762939453125
0.002335744,0.0,-0.00762939453125
0.002336768,0.0152587890625,-0.00762939453125
0.002337792,0.0,-0.00762939453125
0.002338816,0.0,-0.00762939453125
0.00233984,0.00762939453125,-0.00762939453125
0.002340864,-0.0152587890625,-0.00762939453125
0.002341888,0.0,-0.00762939453125
0.002342912,0.0,-0.00762939453125
0.002343936,0.0,-0.00762939453125
0.00234496,-0.00762939453125,-0.00762939453125
0.002345984,-0.03814697265625,-0.00762939453125
0.002347008,0.0,-0.00762939453125
0.002348032,-0.02288818359375,-0.00762939453125
0.002349056,-0.02288818359375,-0.00762939453125
0.00235008,0.00762939453125,-0.00762939453125
0.002351104,-0.02288818359375,-0.00762939453125
0.002352128,0.030517578125,-0.00762939453125
0.002353152,-0.02288818359375,-0.00762939453125
0.002354176,0.00762939453125,-0.00762939453125
0.0023552,0.0,-0.00762939453125
0.002356224,0.00762939453125,-0.00762939453125
0.002357248,-0.02288818359375,-0.00762939453125
0.002358272,0.03814697265625,-0.00762939453125
0.002359296,-0.00762939453125,-0.00762939453125
0.00236032,-0.00762939453125,-0.00762939453125
0.002361344,0.00762939453125,-0.00762939453125
0.002362368,-0.030517578125,-0.00762939453125
0.002363392,0.00762939453125,-0.00762939453125
0.002364416,-0.02288818359375,-0.00762939453125
0.00236544,-0.03814697265625,-0.00762939453125
0.002366464,-0.0152587890625,-0.00762939453125
0.002367488,-0.0152587890625,-0.00762939453125
0.002368512,-0.030517578125,-0.00762939453125
0.002369536,0.02288818359375,-0.00762939453125
0.00237056,-0.0152587890625,-0.00762939453125
0.002371584,0.00762939453125,-0.00762939453125
0.002372608,-0.00762939453125,-0.00762939453125
0.002373632,0.0152587890625,-0.00762939453125
0.002374656,-0.0152587890625,-0.00762939453125
0.00237568,0.00762939453125,-0.00762939453125
0.002376704,0.02288818359375,-0.00762939453125
0.002377728,-0.0152587890625,-0.00762939453125
0.002378752,-0.00762939453125,-0.00762939453125
0.002379776,0.0,-0.00762939453125
0.0023808,-0.0152587890625,-0.00762939453125
0.002381824,-0.030517578125,-0.00762939453125
0.002382848,-0.0152587890625,-0.00762939453125
0.002383872,-0.03814697265625,-0.00762939453125
0.002384896,-0.0152587890625,-0.00762939453125
0.00238592,-0.0152587890625,-0.00762939453125
0.002386944,-0.02288818359375,-0.00762939453125
0.002387968,0.02288818359375,-0.00762939453125
0.002388992,-0.00762939453125,-0.00762939453125
0.002390016,0.0,-0.00762939453125
0.00239104,0.02288818359375,-0.00762939453125
0.002392064,0.0,-0.00762939453125
0.002393088,0.0152587890625,-0.00762939453125
0.002394112,-0.00762939453125,-0.00762939453125
0.002395136,0.00762939453125,-0.00762939453125
0.00239616,0.00762939453125,-0.00762939453125
0.002397184,0.0,-0.00762939453125
0.002398208,0.0,-0.00762939453125
0.002399232,-0.0152587890625,-0.00762939453125
0.002400256,-0.0152587890625,-0.00762939453125
0.00240128,-0.02288818359375,-0.00762939453125
0.002402304,0.0,-0.00762939453125
0.002403328,-0.02288818359375,-0.00762939453125
0.002404352,0.0152587890625,-0.00762939453125
0.002405376,-0.03814697265625,-0.00762939453125
0.0024064,0.02288818359375,-0.00762939453125
0.002407424,-0.00762939453125,-0.00762939453125
0.002408448,0.00762939453125,-0.00762939453125
0.002409472,-0.0152587890625,-0.00762939453125
0.002410496,0.0152587890625,-0.00762939453125
0.00241152,-0.0152587890625,-0.00762939453125
0.002412544,0.00762939453125,-0.00762939453125
0.002413568,-0.00762939453125,-0.00762939453125
0.002414592,0.0,-0.00762939453125
0.002415616,0.00762939453125,-0.00762939453125
0.00241664,-0.00762939453125,-0.00762939453125
0.002417664,-0.00762939453125,-0.00762939453125
0.002418688,-0.0152587890625,-0.00762939453125
0.002419712,0.0,-0.00762939453125
0.002420736,-0.02288818359375,-0.00762939453125
0.00242176,-0.030517578125,-0.00762939453125
0.002422784,-0.0152587890625,-0.00762939453125
0.002423808,-0.0152587890625,-0.00762939453125
0.002424832,-0.0152587890625,-0.00762939453125
0.002425856,-0.0152587890625,-0.00762939453125
0.00242688,-0.02288818359375,-0.00762939453125
0.002427904,0.0457763671875,-0.00762939453125
0.002428928,-0.030517578125,-0.00762939453125
0.002429952,0.0457763671875,-0.00762939453125
0.002430976,-0.03814697265625,-0.00762939453125
0.002432,0.030517578125,-0.00762939453125
0.002433024,-0.0152587890625,-0.00762939453125
0.002434048,0.0,-0.00762939453125
0.002435072,0.0,-0.00762939453125
0.002436096,0.0,-0.00762939453125
0.00243712,0.0,-0.00762939453125
0.002438144,0.0,0.0
0.002439168,-0.030517578125,-0.00762939453125
0.002440192,0.0,-0.00762939453125
0.002441216,-0.02288818359375,-0.00762939453125
0.00244224,0.00762939453125,-0.00762939453125
0.002443264,-0.00762939453125,-0.00762939453125
0.002444288,-0.00762939453125,-0.00762939453125
0.002445312,0.0,-0.00762939453125
0.002446336,0.0152587890625,-0.00762939453125
0.00244736,-0.0152587890625,-0.00762939453125
0.002448384,0.02288818359375,-0.00762939453125
0.002449408,0.0,-0.00762939453125
0.002450432,0.00762939453125,-0.00762939453125
0.002451456,-0.02288818359375,-0.00762939453125
0.00245248,0.02288818359375,-0.00762939453125
0.002453504,-0.02288818359375,-0.00762939453125
0.002454528,0.02288818359375,-0.00762939453125
0.002455552,-0.030517578125,-0.00762939453125
0.002456576,0.0,-0.00762939453125
0.0024576,0.0,-0.00762939453125
0.002458624,-0.02288818359375,-0.00762939453125
0.002459648,0.0,-0.00762939453125
0.002460672,-0.0152587890625,-0.00762939453125
0.002461696,-0.00762939453125,-0.00762939453125
0.00246272,-0.00762939453125,-0.00762939453125
0.002463744,0.0,-0.00762939453125
0.002464768,0.00762939453125,-0.00762939453125
0.002465792,0.0152587890625,-0.00762939453125
0.002466816,-0.02288818359375,-0.00762939453125
0.00246784,0.02288818359375,-0.00762939453125
0.002468864,-0.030517578125,-0.00762939453125
0.002469888,0.030517578125,-0.00762939453125
0.002470912,-0.0152587890625,-0.00762939453125
0.002471936,0.0,-0.00762939453125
0.00247296,0.0,-0.00762939453125
0.002473984,-0.00762939453125,-0.00762939453125
0.002475008,0.0,-0.00762939453125
0.002476032,-0.00762939453125,-0.00762939453125
0.002477056,-0.0152587890625,-0.00762939453125
0.00247808,-0.00762939453125,-0.00762939453125
0.002479104,-0.02288818359375,-0.00762939453125
0.002480128,-0.00762939453125,-0.00762939453125
0.002481152,-0.02288818359375,-0.00762939453125
0.002482176,0.0152587890625,-0.00762939453125
0.0024832,-0.02288818359375,-0.00762939453125
0.002484224,0.0152587890625,-0.00762939453125
0.002485248,-0.0152587890625,-0.00762939453125
0.002486272,0.0,-0.00762939453125
0.002487296,0.0,-0.00762939453125
0.00248832,0.0152587890625,-0.00762939453125
0.002489344,-0.00762939453125,-0.00762939453125
0.002490368,0.0152587890625,-0.00762939453125
0.002491392,0.0,-0.00762939453125
0.002492416,0.0152587890625,-0.00762939453125
0.00249344,-0.0152587890625,-0.00762939453125
0.002494464,0.0,-0.00762939453125
0.002495488,-0.00762939453125,-0.00762939453125
0.002496512,-0.030517578125,-0.00762939453125
0.002497536,0.0,-0.00762939453125
0.00249856,-0.0152587890625,-0.00762939453125
0.002499584,-0.030517578125,-0.00762939453125
0.002500608,0.0,-0.00762939453125
0.002501632,0.00762939453125,-0.00762939453125
0.002502656,0.02288818359375,-0.00762939453125
0.00250368,-0.00762939453125,-0.00762939453125
0.002504704,0.0,-0.00762939453125
0.002505728,0.02288818359375,-0.00762939453125
0.002506752,0.0,-0.00762939453125
0.002507776,0.00762939453125,-0.00762939453125
0.0025088,0.0152587890625,-0.00762939453125
0.002509824,-0.00762939453125,-0.00762939453125
0.002510848,-0.00762939453125,-0.00762939453125
0.002511872,-0.0152587890625,-0.00762939453125
0.002512896,-0.0152587890625,-0.00762939453125
0.00251392,0.0,-0.00762939453125
0.002514944,-0.03814697265625,-0.00762939453125
0.002515968,-0.00762939453125,-0.00762939453125
0.002516992,-0.02288818359375,-0.00762939453125
0.002518016,0.00762939453125,-0.00762939453125
0.00251904,0.00762939453125,-0.00762939453125
0.002520064,0.0,-0.00762939453125
0.002521088,-0.00762939453125,-0.00762939453125
0.002522112,-0.00762939453125,-0.00762939453125
0.002523136,0.00762939453125,-0.00762939453125
0.00252416,-0.0152587890625,-0.00762939453125
0.002525184,0.0,-0.00762939453125
0.002526208,0.00762939453125,-0.00762939453125
0.002527232,0.0152587890625,-0.00762939453125
0.002528256,-0.0152587890625,-0.00762939453125
0.00252928,-0.0152587890625,-0.00762939453125
0.002530304,0.0,-0.00762939453125
0.002531328,0.0,-0.00762939453125
0.002532352,-0.00762939453125,-0.00762939453125
0.002533376,0.0,-0.00762939453125
0.0025344,-0.030517578125,-0.00762939453125
0.002535424,0.0,-0.00762939453125
0.002536448,-0.02288818359375,-0.00762939453125
0.002537472,-0.0152587890625,-0.00762939453125
0.002538496,-0.0152587890625,-0.00762939453125
0.00253952,0.0,-0.00762939453125
0.002540544,0.0,-0.00762939453125
0.002541568,-0.0152587890625,-0.00762939453125
0.002542592,0.0,-0.00762939453125
0.002543616,0.0152587890625,-0.00762939453125
0.00254464,-0.00762939453125,-0.00762939453125
0.002545664,0.0,-0.00762939453125
0.002546688,0.00762939453125,-0.00762939453125
0.002547712,0.00762939453125,-0.00762939453125
0.002548736,0.00762939453125,-0.00762939453125
0.00254976,0.0,-0.00762939453125
0.002550784,0.030517578125,0.0
0.002551808,-0.03814697265625,-0.00762939453125
0.002552832,-0.00762939453125,-0.00762939453125
0.002553856,-0.02288818359375,-0.00762939453125
0.00255488,-0.02288818359375,-0.00762939453125
0.002555904,0.00762939453125,-0.00762939453125
0.002556928,0.00762939453125,-0.00762939453125
0.002557952,-0.02288818359375,-0.00762939453125
0.002558976,-0.0152587890625,-0.00762939453125
0.00256,0.0,-0.00762939453125
0.002561024,0.0152587890625,-0.00762939453125
0.002562048,-0.00762939453125,-0.00762939453125
0.002563072,0.00762939453125,-0.00762939453125
0.002564096,0.02288818359375,-0.00762939453125
0.00256512,-0.0152587890625,-0.00762939453125
0.002566144,0.00762939453125,-0.00762939453125
0.002567168,0.0152587890625,-0.00762939453125
0.002568192,-0.02288818359375,-0.00762939453125
0.002569216,0.02288818359375,-0.00762939453125
0.00257024,-0.030517578125,-0.00762939453125
0.002571264,0.00762939453125,-0.00762939453125
0.002572288,-0.02288818359375,-0.00762939453125
0.002573312,-0.02288818359375,-0.00762939453125
0.002574336,0.00762939453125,-0.00762939453125
0.00257536,0.0,-0.00762939453125
0.002576384,0.0,-0.00762939453125
0.002577408,0.00762939453125,-0.00762939453125
0.002578432,0.00762939453125,-0.00762939453125
0.002579456,0.0,-0.00762939453125
0.00258048,0.00762939453125,-0.00762939453125
0.002581504,0.02288818359375,-0.00762939453125
0.002582528,-0.0152587890625,-0.00762939453125
0.002583552,0.0,-0.00762939453125
0.002584576,0.00762939453125,-0.00762939453125
0.0025856,-0.00762939453125,-0.00762939453125
0.002586624,0.0,-0.00762939453125
0.002587648,-0.0152587890625,-0.00762939453125
0.002588672,-0.02288818359375,-0.00762939453125
0.002589696,0.00762939453125,-0.00762939453125
0.00259072,-0.03814697265625,-0.00762939453125
0.002591744,0.0152587890625,-0.00762939453125
0.002592768,-0.030517578125,-0.00762939453125
0.002593792,0.030517578125,-0.00762939453125
0.002594816,-0.0152587890625,-0.00762939453125
0.00259584,0.0152587890625,-0.00762939453125
0.002596864,-0.00762939453125,-0.00762939453125
0.002597888,0.00762939453125,-0.00762939453125
0.002598912,0.0,-0.00762939453125
0.002599936,0.00762939453125,-0.00762939453125
0.00260096,0.00762939453125,-0.00762939453125
0.002601984,-0.02288818359375,-0.00762939453125
0.002603008,0.030517578125,-0.00762939453125
0.002604032,-0.00762939453125,-0.00762939453125
0.002605056,0.0,-0.00762939453125
0.00260608,0.0,-0.00762939453125
0.002607104,-0.02288818359375,-0.00762939453125
0.002608128,-0.02288818359375,-0.00762939453125
0.002609152,0.02288818359375,-0.00762939453125
0.002610176,-0.030517578125,-0.00762939453125
0.0026112,0.0152587890625,-0.00762939453125
0.002612224,-0.02288818359375,-0.00762939453125
0.002613248,0.0457763671875,-0.00762939453125
0.002614272,-0.0457763671875,-0.00762939453125
0.002615296,0.030517578125,-0.00762939453125
0.00261632,-0.00762939453125,-0.00762939453125
0.002617344,0.0152587890625,-0.00762939453125
0.002618368,-0.0152587890625,-0.00762939453125
0.002619392,-0.00762939453125,-0.00762939453125
0.002620416,-0.00762939453125,-0.00762939453125
0.00262144,-0.00762939453125,-0.00762939453125
0.002622464,-0.00762939453125,-0.00762939453125
0.002623488,-0.02288818359375,-0.00762939453125
0.002624512,-0.02288818359375,-0.00762939453125
0.002625536,-0.030517578125,9.674072265625
0.00262656,8.06427001953125,9.98687744140625
0.002627584,3.5552978515625,9.98687744140625
0.002628608,6.0882568359375,9.98687744140625
0.002629632,4.92095947265625,9.98687744140625
0.002630656,5.5694580078125,9.98687744140625
0.00263168,5.401611328125,9.98687744140625
0.002632704,5.5694580078125,9.98687744140625
0.002633728,5.5999755859375,9.98687744140625
0.002634752,5.69915771484375,9.98687744140625
0.002635776,5.76019287109375,9.98687744140625
0.0026368,5.79833984375,9.98687744140625
0.002637824,5.89752197265625,9.98687744140625
0.002638848,5.94329833984375,9.98687744140625
0.002639872,6.03485107421875,9.98687744140625
0.002640896,6.08062744140625,9.98687744140625
0.00264192,6.0882568359375,9.98687744140625
0.002642944,6.195068359375,9.98687744140625
0.002643968,6.23321533203125,9.98687744140625
0.002644992,6.2713623046875,9.98687744140625
0.002646016,6.35528564453125,9.98687744140625
0.00264704,6.43157958984375,9.98687744140625
0.002648064,6.47735595703125,9.98687744140625
0.002649088,6.56890869140625,9.98687744140625
0.002650112,6.61468505859375,9.98687744140625
0.002651136,6.6680908203125,9.98687744140625
0.00265216,6.683349609375,9.98687744140625
0.002653184,6.77490234375,9.98687744140625
0.002654208,6.8359375,9.9945068359375
0.002655232,6.8511962890625,9.98687744140625
0.002656256,6.93511962890625,9.98687744140625
0.00265728,6.9427490234375,9.98687744140625
0.002658304,7.01904296875,9.98687744140625
0.002659328,7.01904296875,9.98687744140625
0.002660352,7.02667236328125,9.98687744140625
0.002661376,7.0953369140625,9.98687744140625
0.0026624,7.14874267578125,9.98687744140625
0.002663424,7.1868896484375,9.98687744140625
0.002664448,7.2479248046875,9.98687744140625
0.002665472,7.27081298828125,9.98687744140625
0.002666496,7.36236572265625,9.98687744140625
0.00266752,7.3699951171875,9.98687744140625
0.002668544,7.4310302734375,9.98687744140625
0.002669568,7.46917724609375,9.98687744140625
0.002670592,7.51495361328125,9.98687744140625
0.002671616,7.54547119140625,9.98687744140625
0.00267264,7.57598876953125,9.98687744140625
0.002673664,7.63702392578125,9.98687744140625
0.002674688,7.65228271484375,9.98687744140625
0.002675712,7.7056884765625,9.9945068359375
0.002676736,7.72857666015625,9.98687744140625
0.00267776,7.75909423828125,9.98687744140625
0.002678784,7.7972412109375,9.98687744140625
0.002679808,7.85064697265625,9.98687744140625
0.002680832,7.8582763671875,9.98687744140625
0.002681856,7.89642333984375,9.98687744140625
0.00268288,7.92694091796875,9.98687744140625
0.002683904,7.97271728515625,9.98687744140625
0.002684928,8.00323486328125,9.98687744140625
0.002685952,8.0413818359375,9.98687744140625
0.002686976,8.04901123046875,9.98687744140625
0.002688,8.087158203125,9.98687744140625
0.002689024,8.09478759765625,9.98687744140625
0.002690048,8.1329345703125,9.98687744140625
0.002691072,8.15582275390625,9.98687744140625
0.002692096,8.21685791015625,9.98687744140625
0.00269312,8.23974609375,9.98687744140625
0.002694144,8.270263671875,9.98687744140625
0.002695168,8.30078125,9.98687744140625
0.002696192,8.30841064453125,9.98687744140625
0.002697216,8.3465576171875,9.98687744140625
0.00269824,8.3465576171875,9.98687744140625
0.002699264,8.392333984375,9.98687744140625
0.002700288,8.392333984375,9.98687744140625
0.002701312,8.453369140625,9.98687744140625
0.002702336,8.46099853515625,9.98687744140625
0.00270336,8.49151611328125,9.98687744140625
0.002704384,8.4991455078125,9.98687744140625
0.002705408,8.5601806640625,9.98687744140625
0.002706432,8.55255126953125,9.98687744140625
0.002707456,8.6212158203125,9.98687744140625
0.00270848,8.58306884765625,9.98687744140625
0.002709504,8.67462158203125,9.98687744140625
0.002710528,8.62884521484375,9.98687744140625
0.002711552,8.68988037109375,9.98687744140625
0.002712576,8.67462158203125,9.98687744140625
0.0027136,8.72039794921875,9.98687744140625
0.002714624,8.73565673828125,9.98687744140625
0.002715648,8.76617431640625,9.98687744140625
0.002716672,8.75091552734375,9.98687744140625
0.002717696,8.8043212890625,9.98687744140625
0.00271872,8.78143310546875,9.98687744140625
0.002719744,8.82720947265625,9.98687744140625
0.002720768,8.82720947265625,9.98687744140625
0.002721792,8.87298583984375,9.98687744140625
0.002722816,8.8958740234375,9.98687744140625
0.00272384,8.90350341796875,9.98687744140625
0.002724864,8.941650390625,9.98687744140625
0.002725888,8.94927978515625,9.98687744140625
0.002726912,8.97216796875,9.98687744140625
0.002727936,8.97979736328125,9.98687744140625
0.00272896,9.033203125,9.98687744140625
0.002729984,8.99505615234375,9.98687744140625
0.002731008,9.01031494140625,9.98687744140625
0.002732032,8.99505615234375,9.98687744140625
0.002733056,9.002685546875,9.98687744140625
0.00273408,9.0484619140625,9.98687744140625
0.002735104,9.05609130859375,9.98687744140625
0.002736128,9.07135009765625,9.98687744140625
0.002737152,9.09423828125,9.98687744140625
0.002738176,9.09423828125,9.98687744140625
0.0027392,9.11712646484375,9.98687744140625
0.002740224,9.1400146484375,9.98687744140625
0.002741248,9.1400146484375,9.98687744140625
0.002742272,9.17816162109375,9.98687744140625
0.002743296,9.185791015625,9.9945068359375
0.00274432,9.185791015625,9.98687744140625
0.002745344,9.22393798828125,9.98687744140625
0.002746368,9.22393798828125,9.98687744140625
0.002747392,9.20867919921875,9.98687744140625
0.002748416,9.27734375,9.98687744140625
0.00274944,9.21630859375,9.98687744140625
0.002750464,9.28497314453125,9.98687744140625
0.002751488,9.246826171875,9.98687744140625
0.002752512,9.2926025390625,9.98687744140625
0.002753536,9.2926025390625,9.98687744140625
0.00275456,9.2926025390625,9.98687744140625
0.002755584,9.307861328125,9.98687744140625
0.002756608,9.307861328125,9.98687744140625
0.002757632,9.3536376953125,9.98687744140625
0.002758656,9.33074951171875,9.98687744140625
0.00275968,9.39178466796875,9.98687744140625
0.002760704,9.368896484375,9.98687744140625
0.002761728,9.3994140625,9.98687744140625
0.002762752,9.37652587890625,9.98687744140625
0.002763776,9.429931640625,9.98687744140625
0.0027648,9.3994140625,9.98687744140625
0.002765824,9.42230224609375,9.98687744140625
0.002766848,9.4451904296875,9.98687744140625
0.002767872,9.429931640625,9.98687744140625
0.002768896,9.46807861328125,9.98687744140625
0.00276992,9.43756103515625,9.98687744140625
0.002770944,9.490966796875,9.98687744140625
0.002771968,9.46044921875,9.98687744140625
0.002772992,9.46807861328125,9.98687744140625
0.002774016,9.46807861328125,9.98687744140625
0.00277504,9.48333740234375,9.98687744140625
0.002776064,9.490966796875,9.98687744140625
0.002777088,9.49859619140625,9.98687744140625
0.002778112,9.521484375,9.98687744140625
0.002779136,9.54437255859375,9.98687744140625
0.00278016,9.552001953125,9.98687744140625
0.002781184,9.54437255859375,9.98687744140625
0.002782208,9.57489013671875,9.98687744140625
0.002783232,9.552001953125,9.98687744140625
0.002784256,9.5672607421875,9.98687744140625
0.00278528,9.58251953125,9.98687744140625
0.002786304,9.5672607421875,9.98687744140625
0.002787328,9.613037109375,9.98687744140625
0.002788352,9.58251953125,9.98687744140625
0.002789376,9.59014892578125,9.98687744140625
0.0027904,9.5977783203125,9.98687744140625
0.002791424,9.613037109375,9.98687744140625
0.002792448,9.60540771484375,9.98687744140625
0.002793472,9.62066650390625,9.98687744140625
0.002794496,9.62066650390625,9.98687744140625
0.00279552,9.62066650390625,9.98687744140625
0.002796544,9.65118408203125,9.98687744140625
0.002797568,9.6282958984375,9.98687744140625
0.002798592,9.6588134765625,9.98687744140625
0.002799616,9.6893310546875,9.98687744140625
0.00280064,9.6588134765625,9.98687744140625
0.002801664,9.674072265625,9.98687744140625
0.002802688,9.66644287109375,9.98687744140625
0.002803712,9.70458984375,9.98687744140625
0.002804736,9.68170166015625,9.98687744140625
0.00280576,9.69696044921875,9.98687744140625
0.002806784,9.6893310546875,9.98687744140625
0.002807808,9.70458984375,9.98687744140625
0.002808832,9.69696044921875,9.98687744140625
0.002809856,9.674072265625,9.98687744140625
0.00281088,9.735107421875,9.98687744140625
0.002811904,9.6893310546875,9.98687744140625
0.002812928,9.735107421875,9.98687744140625
0.002813952,9.6893310546875,9.98687744140625
0.002814976,9.7503662109375,9.98687744140625
0.002816,9.765625,9.98687744140625
0.002817024,9.71221923828125,9.98687744140625
0.002818048,9.735107421875,9.98687744140625
0.002819072,9.735107421875,9.98687744140625
0.002820096,9.735107421875,9.98687744140625
0.00282112,9.765625,9.9945068359375
0.002822144,9.7808837890625,9.98687744140625
0.002823168,9.75799560546875,9.98687744140625
0.002824192,9.7808837890625,9.98687744140625
0.002825216,9.75799560546875,9.98687744140625
0.00282624,9.78851318359375,9.98687744140625
0.002827264,9.74273681640625,9.98687744140625
0.002828288,9.80377197265625,9.98687744140625
0.002829312,9.75799560546875,9.98687744140625
0.002830336,9.81903076171875,9.98687744140625
0.00283136,9.75799560546875,9.98687744140625
0.002832384,9.8114013671875,9.98687744140625
0.002833408,9.75799560546875,9.98687744140625
0.002834432,9.80377197265625,9.98687744140625
0.002835456,9.796142578125,9.98687744140625
0.00283648,9.83428955078125,9.98687744140625
0.002837504,9.7808837890625,9.98687744140625
0.002838528,9.82666015625,9.98687744140625
0.002839552,9.80377197265625,9.98687744140625
0.002840576,9.8114013671875,9.98687744140625
0.0028416,9.83428955078125,9.98687744140625
0.002842624,9.796142578125,9.98687744140625
0.002843648,9.857177734375,9.98687744140625
0.002844672,9.796142578125,9.98687744140625
0.002845696,9.83428955078125,9.98687744140625
0.00284672,9.81903076171875,9.98687744140625
0.002847744,9.83428955078125,9.98687744140625
0.002848768,9.82666015625,9.98687744140625
0.002849792,9.84954833984375,9.98687744140625
0.002850816,9.82666015625,9.98687744140625
0.00285184,9.857177734375,9.98687744140625
0.002852864,9.8419189453125,9.98687744140625
0.002853888,9.857177734375,9.98687744140625
0.002854912,9.88006591796875,9.98687744140625
0.002855936,9.83428955078125,9.98687744140625
0.00285696,9.8876953125,9.98687744140625
0.002857984,9.857177734375,9.98687744140625
0.002859008,9.88006591796875,9.98687744140625
0.002860032,9.84954833984375,9.98687744140625
0.002861056,9.86480712890625,9.98687744140625
0.00286208,9.82666015625,9.98687744140625
0.002863104,9.86480712890625,9.98687744140625
0.002864128,9.82666015625,9.98687744140625
0.002865152,9.8876953125,9.98687744140625
0.002866176,9.88006591796875,9.98687744140625
0.0028672,9.857177734375,9.98687744140625
0.002868224,9.89532470703125,9.98687744140625
0.002869248,9.8724365234375,9.98687744140625
0.002870272,9.8876953125,9.98687744140625
0.002871296,9.8876953125,9.98687744140625
0.00287232,9.8876953125,9.98687744140625
0.002873344,9.9029541015625,9.98687744140625
0.002874368,9.91058349609375,9.98687744140625
0.002875392,9.8724365234375,9.98687744140625
0.002876416,9.91058349609375,9.98687744140625
0.00287744,9.8724365234375,9.98687744140625
0.002878464,9.91058349609375,9.98687744140625
0.002879488,9.8876953125,9.98687744140625
0.002880512,9.8876953125,9.98687744140625
0.002881536,9.89532470703125,9.98687744140625
0.00288256,9.91058349609375,9.98687744140625
0.002883584,9.86480712890625,9.98687744140625
0.002884608,9.9334716796875,9.98687744140625
0.002885632,9.89532470703125,9.98687744140625
0.002886656,9.918212890625,9.98687744140625
0.00288768,9.89532470703125,9.98687744140625
0.002888704,9.918212890625,9.98687744140625
0.002889728,9.91058349609375,9.98687744140625
0.002890752,9.9334716796875,9.98687744140625
0.002891776,9.91058349609375,9.98687744140625
0.0028928,9.92584228515625,9.98687744140625
0.002893824,9.918212890625,9.98687744140625
0.002894848,9.9334716796875,9.98687744140625
0.002895872,9.91058349609375,9.98687744140625
0.002896896,9.918212890625,9.98687744140625
0.00289792,9.9334716796875,9.98687744140625
0.002898944,9.92584228515625,9.98687744140625
0.002899968,9.92584228515625,9.98687744140625
0.002900992,9.91058349609375,9.98687744140625
0.002902016,9.91058349609375,9.98687744140625
0.00290304,9.9334716796875,9.98687744140625
0.002904064,9.9334716796875,9.98687744140625
0.002905088,9.9334716796875,9.98687744140625
0.002906112,9.89532470703125,9.98687744140625
0.002907136,9.918212890625,9.98687744140625
0.00290816,9.92584228515625,9.9945068359375
0.002909184,9.95635986328125,9.98687744140625
0.002910208,9.94873046875,9.98687744140625
0.002911232,9.94873046875,9.9945068359375
0.002912256,9.94110107421875,9.98687744140625
0.00291328,9.94873046875,9.98687744140625
0.002914304,9.94110107421875,9.98687744140625
0.002915328,9.94110107421875,9.98687744140625
0.002916352,9.9334716796875,9.98687744140625
0.002917376,9.94873046875,9.98687744140625
0.0029184,9.918212890625,9.98687744140625
0.002919424,9.92584228515625,9.98687744140625
0.002920448,9.9334716796875,9.98687744140625
0.002921472,9.918212890625,9.98687744140625
0.002922496,9.9334716796875,9.98687744140625
0.00292352,9.94873046875,9.98687744140625
0.002924544,9.94873046875,9.98687744140625
0.002925568,9.9639892578125,9.98687744140625
0.002926592,9.9334716796875,9.98687744140625
0.002927616,9.97161865234375,9.98687744140625
0.00292864,9.95635986328125,9.98687744140625
0.002929664,9.94873046875,9.98687744140625
0.002930688,9.979248046875,9.98687744140625
0.002931712,9.94873046875,9.98687744140625
0.002932736,9.9639892578125,9.98687744140625
0.00293376,9.94110107421875,9.98687744140625
0.002934784,9.94110107421875,9.98687744140625
0.002935808,9.9334716796875,9.98687744140625
0.002936832,9.92584228515625,9.98687744140625
0.002937856,9.94873046875,9.98687744140625
0.00293888,9.92584228515625,9.98687744140625
0.002939904,9.95635986328125,9.98687744140625
0.002940928,9.94110107421875,9.98687744140625
0.002941952,9.94110107421875,9.98687744140625
0.002942976,9.94873046875,9.98687744140625
0.002944,9.97161865234375,9.98687744140625
0.002945024,9.979248046875,9.98687744140625
0.002946048,9.95635986328125,9.9945068359375
0.002947072,9.95635986328125,9.98687744140625
0.002948096,9.98687744140625,9.98687744140625
0.00294912,9.9639892578125,9.98687744140625
0.002950144,9.97161865234375,9.98687744140625
0.002951168,9.9334716796875,9.98687744140625
0.002952192,9.95635986328125,9.98687744140625
0.002953216,9.92584228515625,9.98687744140625
0.00295424,9.94873046875,9.98687744140625
0.002955264,9.97161865234375,9.98687744140625
0.002956288,9.94873046875,9.98687744140625
0.002957312,9.9639892578125,9.98687744140625
0.002958336,9.94873046875,9.98687744140625
0.00295936,9.9639892578125,9.98687744140625
0.002960384,9.95635986328125,9.98687744140625
0.002961408,9.9945068359375,9.98687744140625
0.002962432,9.9639892578125,9.98687744140625
0.002963456,9.979248046875,9.98687744140625
0.00296448,9.979248046875,9.98687744140625
0.002965504,9.979248046875,9.98687744140625
0.002966528,9.98687744140625,9.98687744140625
0.002967552,9.97161865234375,9.98687744140625
0.002968576,9.97161865234375,9.98687744140625
0.0029696,9.95635986328125,9.98687744140625
0.002970624,9.97161865234375,9.98687744140625
0.002971648,9.94110107421875,9.98687744140625
0.002972672,9.95635986328125,9.98687744140625
0.002973696,9.94873046875,9.98687744140625
0.00297472,9.97161865234375,9.98687744140625
0.002975744,9.9334716796875,9.98687744140625
0.002976768,10.00213623046875,9.98687744140625
0.002977792,9.97161865234375,9.98687744140625
0.002978816,9.95635986328125,9.98687744140625
0.00297984,10.00213623046875,9.98687744140625
0.002980864,9.9639892578125,9.98687744140625
0.002981888,10.01739501953125,9.98687744140625
0.002982912,9.9639892578125,9.98687744140625
0.002983936,9.9945068359375,9.98687744140625
0.00298496,9.98687744140625,9.98687744140625
0.002985984,9.9639892578125,9.98687744140625
0.002987008,9.9945068359375,9.98687744140625
0.002988032,9.94873046875,9.98687744140625
0.002989056,9.9639892578125,9.98687744140625
0.00299008,9.979248046875,9.98687744140625
0.002991104,9.94110107421875,9.98687744140625
0.002992128,9.9945068359375,9.98687744140625
0.002993152,9.9639892578125,9.98687744140625
0.002994176,9.979248046875,9.98687744140625
0.0029952,9.9334716796875,9.98687744140625
0.002996224,9.98687744140625,9.98687744140625
0.002997248,9.95635986328125,9.98687744140625
0.002998272,9.9945068359375,9.9945068359375
0.002999296,9.9945068359375,9.98687744140625
0.00300032,10.009765625,9.9945068359375
0.003001344,9.9945068359375,9.98687744140625
0.003002368,9.98687744140625,9.98687744140625
0.003003392,9.979248046875,9.98687744140625
0.003004416,10.00213623046875,9.98687744140625
0.00300544,9.95635986328125,9.98687744140625
0.003006464,9.97161865234375,9.98687744140625
0.003007488,9.98687744140625,9.98687744140625
0.003008512,9.9334716796875,9.98687744140625
0.003009536,9.97161865234375,9.98687744140625
0.00301056,9.9639892578125,9.98687744140625
0.003011584,9.979248046875,9.98687744140625
0.003012608,9.9945068359375,9.98687744140625
0.003013632,9.97161865234375,9.98687744140625
0.003014656,10.00213623046875,9.98687744140625
0.00301568,9.979248046875,9.98687744140625
0.003016704,10.009765625,9.98687744140625
0.003017728,9.9945068359375,9.98687744140625
0.003018752,9.9639892578125,9.98687744140625
0.003019776,10.00213623046875,9.98687744140625
0.0030208,9.9639892578125,9.98687744140625
0.003021824,9.98687744140625,9.98687744140625
0.003022848,9.9945068359375,9.98687744140625
0.003023872,9.9334716796875,9.98687744140625
0.003024896,9.979248046875,9.98687744140625
0.00302592,9.979248046875,9.98687744140625
0.003026944,9.97161865234375,9.98687744140625
0.003027968,9.9945068359375,9.98687744140625
0.003028992,9.95635986328125,9.98687744140625
0.003030016,10.0250244140625,9.98687744140625
0.00303104,9.94873046875,9.98687744140625
0.003032064,10.0250244140625,9.98687744140625
0.003033088,9.979248046875,9.98687744140625
0.003034112,10.01739501953125,9.98687744140625
0.003035136,9.9945068359375,9.98687744140625
0.00303616,9.9945068359375,9.98687744140625
0.003037184,9.98687744140625,9.98687744140625
0.003038208,9.9945068359375,9.98687744140625
0.003039232,9.92584228515625,9.98687744140625
0.003040256,9.94873046875,9.98687744140625
0.00304128,9.979248046875,9.9945068359375
0.003042304,9.97161865234375,9.98687744140625
0.003043328,9.979248046875,9.98687744140625
0.003044352,9.979248046875,9.98687744140625
0.003045376,9.9945068359375,9.98687744140625
0.0030464,9.9945068359375,9.98687744140625
0.003047424,10.00213623046875,9.98687744140625
0.003048448,9.979248046875,9.98687744140625
0.003049472,10.01739501953125,9.98687744140625
0.003050496,9.98687744140625,9.98687744140625
0.00305152,10.01739501953125,9.98687744140625
0.003052544,9.979248046875,9.98687744140625
0.003053568,10.00213623046875,9.98687744140625
0.003054592,9.9639892578125,9.98687744140625
0.003055616,9.98687744140625,9.98687744140625
0.00305664,9.9945068359375,9.98687744140625
0.003057664,9.9639892578125,9.98687744140625
0.003058688,9.9945068359375,9.98687744140625
0.003059712,9.9639892578125,9.98687744140625
0.003060736,9.95635986328125,9.98687744140625
0.00306176,9.98687744140625,9.98687744140625
0.003062784,9.979248046875,9.98687744140625
0.003063808,9.98687744140625,9.98687744140625
0.003064832,10.009765625,9.98687744140625
0.003065856,9.97161865234375,9.98687744140625
0.00306688,9.98687744140625,9.98687744140625
0.003067904,10.009765625,9.98687744140625
0.003068928,9.979248046875,9.98687744140625
0.003069952,10.009765625,9.98687744140625
0.003070976,9.979248046875,9.98687744140625
0.003072,10.009765625,9.98687744140625
0.003073024,9.97161865234375,9.98687744140625
0.003074048,9.98687744140625,9.98687744140625
0.003075072,9.979248046875,9.98687744140625
0.003076096,9.98687744140625,9.98687744140625
0.00307712,9.95635986328125,9.98687744140625
0.003078144,9.9945068359375,9.98687744140625
0.003079168,9.97161865234375,9.98687744140625
0.003080192,9.98687744140625,9.98687744140625
0.003081216,9.9945068359375,9.98687744140625
0.00308224,9.9945068359375,9.98687744140625
0.003083264,9.979248046875,9.98687744140625
0.003084288,9.9639892578125,9.98687744140625
0.003085312,10.00213623046875,9.98687744140625
0.003086336,9.979248046875,9.98687744140625
0.00308736,10.009765625,9.98687744140625
0.003088384,9.98687744140625,9.98687744140625
0.003089408,10.0250244140625,9.98687744140625
0.003090432,9.98687744140625,9.98687744140625
0.003091456,9.9945068359375,9.98687744140625
0.00309248,9.98687744140625,9.98687744140625
0.003093504,9.9945068359375,9.98687744140625
0.003094528,9.9945068359375,9.98687744140625
0.003095552,9.97161865234375,9.98687744140625
0.003096576,9.979248046875,9.98687744140625
0.0030976,9.9639892578125,9.98687744140625
0.003098624,9.9945068359375,9.98687744140625
0.003099648,9.98687744140625,9.98687744140625
0.003100672,9.9945068359375,9.98687744140625
0.003101696,10.009765625,9.98687744140625
0.00310272,9.979248046875,9.98687744140625
0.003103744,10.01739501953125,9.98687744140625
0.003104768,9.97161865234375,9.98687744140625
0.003105792,10.00213623046875,9.98687744140625
0.003106816,9.9945068359375,9.98687744140625
0.00310784,9.9945068359375,9.98687744140625
0.003108864,9.9945068359375,9.98687744140625
0.003109888,10.00213623046875,9.98687744140625
0.003110912,9.95635986328125,9.98687744140625
0.003111936,9.9945068359375,9.98687744140625
0.00311296,9.98687744140625,9.98687744140625
0.003113984,9.98687744140625,9.98687744140625
0.003115008,9.979248046875,9.98687744140625
0.003116032,9.979248046875,9.98687744140625
0.003117056,9.98687744140625,9.98687744140625
0.00311808,9.9945068359375,9.98687744140625
0.003119104,10.00213623046875,9.98687744140625
0.003120128,9.979248046875,9.98687744140625
0.003121152,10.00213623046875,9.98687744140625
0.003122176,9.979248046875,9.98687744140625
0.0031232,9.9945068359375,9.98687744140625
0.003124224,10.01739501953125,9.98687744140625
0.003125248,9.979248046875,9.9945068359375
0.003126272,10.00213623046875,9.98687744140625
0.003127296,9.979248046875,9.98687744140625
0.00312832,10.00213623046875,9.98687744140625
0.003129344,9.9334716796875,9.98687744140625
0.003130368,9.9639892578125,9.98687744140625
0.003131392,9.979248046875,9.98687744140625
0.003132416,9.97161865234375,9.98687744140625
0.00313344,10.01739501953125,9.98687744140625
0.003134464,9.95635986328125,9.98687744140625
0.003135488,10.009765625,9.98687744140625
0.003136512,9.95635986328125,9.98687744140625
0.003137536,10.00213623046875,9.98687744140625
0.00313856,9.9945068359375,9.98687744140625
0.003139584,10.009765625,9.98687744140625
0.003140608,10.00213623046875,9.98687744140625
0.003141632,10.00213623046875,9.98687744140625
0.003142656,9.9945068359375,9.98687744140625
0.00314368,10.00213623046875,9.98687744140625
0.003144704,9.9945068359375,9.98687744140625
0.003145728,9.9945068359375,9.98687744140625
0.003146752,9.98687744140625,9.98687744140625
0.003147776,9.979248046875,9.98687744140625
0.0031488,9.98687744140625,9.98687744140625
0.003149824,9.95635986328125,9.98687744140625
0.003150848,9.98687744140625,9.98687744140625
0.003151872,9.97161865234375,9.98687744140625
0.003152896,9.9639892578125,9.98687744140625
0.00315392,10.009765625,9.98687744140625
0.003154944,9.97161865234375,9.98687744140625
0.003155968,10.009765625,9.98687744140625
0.003156992,9.979248046875,9.98687744140625
0.003158016,10.009765625,9.98687744140625
0.00315904,9.979248046875,9.98687744140625
0.003160064,9.9945068359375,9.98687744140625
0.003161088,10.00213623046875,9.98687744140625
0.003162112,9.97161865234375,9.98687744140625
0.003163136,9.98687744140625,9.98687744140625
0.00316416,10.00213623046875,9.98687744140625
0.003165184,10.009765625,9.98687744140625
0.003166208,9.9639892578125,9.98687744140625
0.003167232,10.009765625,9.98687744140625
0.003168256,9.94110107421875,9.98687744140625
0.00316928,9.98687744140625,9.98687744140625
0.003170304,9.98687744140625,9.98687744140625
0.003171328,9.9945068359375,9.98687744140625
0.003172352,9.9945068359375,9.98687744140625
0.003173376,10.00213623046875,9.98687744140625
0.0031744,9.98687744140625,9.98687744140625
0.003175424,9.97161865234375,9.98687744140625
0.003176448,10.00213623046875,9.98687744140625
0.003177472,10.00213623046875,9.98687744140625
0.003178496,10.009765625,9.98687744140625
0.00317952,9.9945068359375,9.98687744140625
0.003180544,10.009765625,9.98687744140625
0.003181568,9.9639892578125,9.98687744140625
0.003182592,10.009765625,9.98687744140625
0.003183616,9.9639892578125,9.98687744140625
0.00318464,10.009765625,9.98687744140625
0.003185664,9.95635986328125,9.98687744140625
0.003186688,10.00213623046875,9.98687744140625
0.003187712,9.979248046875,9.98687744140625
0.003188736,9.979248046875,9.98687744140625
0.00318976,9.979248046875,9.98687744140625
0.003190784,9.979248046875,9.98687744140625
0.003191808,9.9945068359375,9.98687744140625
0.003192832,10.009765625,9.98687744140625
0.003193856,9.979248046875,9.98687744140625
0.00319488,9.9945068359375,9.98687744140625
0.003195904,10.00213623046875,9.98687744140625
0.003196928,9.98687744140625,9.98687744140625
0.003197952,10.00213623046875,9.98687744140625
0.003198976,10.00213623046875,9.98687744140625
0.0032,10.00213623046875,9.98687744140625
0.003201024,9.97161865234375,9.98687744140625
0.003202048,10.03265380859375,9.98687744140625
0.003203072,9.979248046875,9.98687744140625
0.003204096,9.979248046875,9.98687744140625
0.00320512,9.97161865234375,9.98687744140625
0.003206144,10.009765625,9.98687744140625
0.003207168,9.94873046875,9.98687744140625
0.003208192,9.9945068359375,9.98687744140625
0.003209216,9.98687744140625,9.98687744140625
0.00321024,9.979248046875,9.98687744140625
0.003211264,9.9945068359375,9.98687744140625
0.003212288,10.00213623046875,9.98687744140625
0.003213312,10.00213623046875,9.98687744140625
0.003214336,10.009765625,9.98687744140625
0.00321536,9.9945068359375,9.98687744140625
0.003216384,10.009765625,9.98687744140625
0.003217408,9.98687744140625,9.98687744140625
0.003218432,9.98687744140625,9.98687744140625
0.003219456,9.97161865234375,9.98687744140625
0.00322048,9.98687744140625,9.98687744140625
0.003221504,9.9639892578125,9.98687744140625
0.003222528,10.00213623046875,9.98687744140625
0.003223552,9.9945068359375,9.98687744140625
0.003224576,9.98687744140625,9.98687744140625
0.0032256,9.9945068359375,9.98687744140625
0.003226624,9.979248046875,9.98687744140625
0.003227648,9.9945068359375,9.98687744140625
0.003228672,10.00213623046875,9.98687744140625
0.003229696,10.009765625,9.98687744140625
0.00323072,9.979248046875,9.98687744140625
0.003231744,10.009765625,9.98687744140625
0.003232768,9.9639892578125,9.98687744140625
0.003233792,10.0250244140625,9.98687744140625
0.003234816,9.97161865234375,9.98687744140625
0.00323584,10.01739501953125,9.98687744140625
0.003236864,9.97161865234375,9.98687744140625
0.003237888,10.01739501953125,9.98687744140625
0.003238912,9.97161865234375,9.98687744140625
0.003239936,9.97161865234375,9.98687744140625
0.00324096,9.9945068359375,9.98687744140625
0.003241984,9.98687744140625,9.98687744140625
0.003243008,9.9639892578125,9.98687744140625
0.003244032,9.9945068359375,9.98687744140625
0.003245056,9.98687744140625,9.98687744140625
0.00324608,9.9945068359375,9.98687744140625
0.003247104,9.9945068359375,9.98687744140625
0.003248128,10.009765625,9.98687744140625
0.003249152,9.98687744140625,9.98687744140625
0.003250176,10.009765625,9.98687744140625
0.0032512,9.98687744140625,9.98687744140625
0.003252224,10.009765625,9.98687744140625
0.003253248,9.979248046875,9.98687744140625
0.003254272,10.00213623046875,9.98687744140625
0.003255296,10.009765625,9.98687744140625
0.00325632,9.95635986328125,9.98687744140625
0.003257344,9.9945068359375,9.98687744140625
0.003258368,9.9639892578125,9.98687744140625
0.003259392,10.00213623046875,9.98687744140625
0.003260416,9.98687744140625,9.98687744140625
0.00326144,9.979248046875,9.98687744140625
0.003262464,9.979248046875,9.98687744140625
0.003263488,9.97161865234375,9.98687744140625
0.003264512,9.98687744140625,9.98687744140625
0.003265536,9.979248046875,9.98687744140625
0.00326656,9.9945068359375,9.98687744140625
0.003267584,10.0250244140625,9.98687744140625
0.003268608,9.9945068359375,9.98687744140625
0.003269632,10.01739501953125,9.98687744140625
0.003270656,9.979248046875,9.98687744140625
0.00327168,9.9945068359375,9.98687744140625
0.003272704,10.00213623046875,9.98687744140625
0.003273728,9.9945068359375,9.98687744140625
0.003274752,9.979248046875,9.98687744140625
0.003275776,9.9639892578125,9.98687744140625
0.0032768,9.97161865234375,9.98687744140625
0.003277824,10.00213623046875,9.98687744140625
0.003278848,9.98687744140625,9.98687744140625
0.003279872,9.979248046875,9.98687744140625
0.003280896,9.98687744140625,9.98687744140625
0.00328192,10.00213623046875,9.98687744140625
0.003282944,9.9945068359375,9.98687744140625
0.003283968,10.00213623046875,9.98687744140625
0.003284992,10.00213623046875,9.98687744140625
0.003286016,10.009765625,9.98687744140625
0.00328704,9.979248046875,9.98687744140625
0.003288064,10.009765625,9.98687744140625
0.003289088,9.979248046875,9.98687744140625
0.003290112,9.9945068359375,9.98687744140625
0.003291136,10.00213623046875,9.98687744140625
0.00329216,9.979248046875,9.98687744140625
0.003293184,9.97161865234375,9.98687744140625
0.003294208,9.9945068359375,9.98687744140625
0.003295232,9.979248046875,9.98687744140625
0.003296256,9.979248046875,9.98687744140625
0.00329728,9.979248046875,9.98687744140625
0.003298304,9.98687744140625,9.98687744140625
0.003299328,9.9945068359375,9.98687744140625
0.003300352,10.00213623046875,9.98687744140625
0.003301376,10.009765625,9.98687744140625
0.0033024,9.979248046875,9.98687744140625
0.003303424,10.01739501953125,9.98687744140625
0.003304448,10.00213623046875,9.98687744140625
0.003305472,10.01739501953125,9.98687744140625
0.003306496,9.97161865234375,9.98687744140625
0.00330752,9.97161865234375,9.98687744140625
0.003308544,9.979248046875,9.98687744140625
0.003309568,9.95635986328125,9.98687744140625
0.003310592,9.979248046875,9.98687744140625
0.003311616,9.979248046875,9.98687744140625
0.00331264,9.98687744140625,9.98687744140625
0.003313664,9.979248046875,9.98687744140625
0.003314688,9.9945068359375,9.98687744140625
0.003315712,9.9945068359375,9.98687744140625
0.003316736,10.009765625,9.98687744140625
0.00331776,9.9945068359375,9.98687744140625
0.003318784,10.009765625,9.98687744140625
0.003319808,9.9945068359375,9.98687744140625
0.003320832,10.00213623046875,9.98687744140625
0.003321856,10.01739501953125,9.98687744140625
0.00332288,9.979248046875,9.98687744140625
0.003323904,9.9945068359375,9.98687744140625
0.003324928,10.00213623046875,9.98687744140625
0.003325952,9.98687744140625,9.98687744140625
0.003326976,9.97161865234375,9.98687744140625
0.003328,9.9945068359375,9.98687744140625
0.003329024,9.97161865234375,9.98687744140625
0.003330048,9.9945068359375,9.98687744140625
0.003331072,9.9945068359375,9.98687744140625
0.003332096,9.98687744140625,9.98687744140625
0.00333312,10.00213623046875,9.98687744140625
0.003334144,10.00213623046875,9.98687744140625
0.003335168,10.009765625,9.98687744140625
0.003336192,9.98687744140625,9.98687744140625
0.003337216,10.00213623046875,9.98687744140625
0.00333824,9.979248046875,9.98687744140625
0.003339264,10.009765625,9.98687744140625
0.003340288,9.97161865234375,9.98687744140625
0.003341312,10.009765625,9.98687744140625
0.003342336,9.95635986328125,9.98687744140625
0.00334336,9.979248046875,9.98687744140625
0.003344384,9.97161865234375,9.98687744140625
0.003345408,9.98687744140625,9.98687744140625
0.003346432,9.97161865234375,9.98687744140625
0.003347456,9.9945068359375,9.98687744140625
0.00334848,10.00213623046875,9.98687744140625
0.003349504,9.9945068359375,9.98687744140625
0.003350528,10.009765625,9.98687744140625
0.003351552,9.98687744140625,9.98687744140625
0.003352576,10.00213623046875,9.98687744140625
0.0033536,9.98687744140625,9.98687744140625
0.003354624,9.98687744140625,9.98687744140625
0.003355648,9.9945068359375,9.98687744140625
0.003356672,10.009765625,9.98687744140625
0.003357696,9.97161865234375,9.98687744140625
0.00335872,10.009765625,9.98687744140625
0.003359744,9.95635986328125,9.98687744140625
0.003360768,9.9945068359375,9.98687744140625
0.003361792,9.98687744140625,9.98687744140625
0.003362816,9.979248046875,9.98687744140625
0.00336384,9.98687744140625,9.98687744140625
0.003364864,9.9945068359375,9.98687744140625
0.003365888,10.00213623046875,9.98687744140625
0.003366912,10.00213623046875,9.98687744140625
0.003367936,10.00213623046875,9.98687744140625
0.00336896,9.98687744140625,9.98687744140625
0.003369984,10.009765625,9.98687744140625
0.003371008,9.98687744140625,9.98687744140625
0.003372032,10.009765625,9.98687744140625
0.003373056,9.979248046875,9.98687744140625
0.00337408,10.00213623046875,9.98687744140625
0.003375104,10.00213623046875,9.98687744140625
0.003376128,9.9639892578125,9.98687744140625
0.003377152,10.009765625,9.98687744140625
0.003378176,9.94873046875,9.98687744140625
0.0033792,9.9945068359375,9.98687744140625
0.003380224,9.98687744140625,9.98687744140625
0.003381248,9.98687744140625,9.98687744140625
0.003382272,9.979248046875,9.98687744140625
0.003383296,10.00213623046875,9.98687744140625
0.00338432,9.979248046875,9.98687744140625
0.003385344,10.00213623046875,9.98687744140625
0.003386368,10.00213623046875,9.98687744140625
0.003387392,10.01739501953125,9.98687744140625
0.003388416,9.9945068359375,9.98687744140625
0.00338944,10.01739501953125,9.98687744140625
0.003390464,9.98687744140625,9.98687744140625
0.003391488,10.00213623046875,9.98687744140625
0.003392512,10.00213623046875,9.98687744140625
0.003393536,9.97161865234375,9.98687744140625
0.00339456,9.9945068359375,9.98687744140625
0.003395584,9.9945068359375,9.98687744140625
0.003396608,9.98687744140625,9.9945068359375
0.003397632,9.95635986328125,9.98687744140625
0.003398656,9.97161865234375,9.98687744140625
0.00339968,9.94873046875,9.98687744140625
0.003400704,9.97161865234375,9.98687744140625
0.003401728,10.03265380859375,9.98687744140625
0.003402752,9.979248046875,9.98687744140625
0.003403776,10.0250244140625,9.98687744140625
0.0034048,9.9945068359375,9.98687744140625
0.003405824,10.00213623046875,9.98687744140625
0.003406848,10.009765625,9.98687744140625
0.003407872,9.979248046875,9.98687744140625
0.003408896,10.0250244140625,9.98687744140625
0.00340992,9.979248046875,9.98687744140625
0.003410944,9.9945068359375,9.98687744140625
0.003411968,10.00213623046875,9.98687744140625
0.003412992,9.9639892578125,9.98687744140625
0.003414016,10.00213623046875,9.98687744140625
0.00341504,9.97161865234375,9.98687744140625
0.003416064,9.9639892578125,9.98687744140625
0.003417088,9.9945068359375,9.98687744140625
0.003418112,9.979248046875,9.98687744140625
0.003419136,9.9945068359375,9.98687744140625
0.00342016,9.98687744140625,9.98687744140625
0.003421184,9.9945068359375,9.98687744140625
0.003422208,10.009765625,9.98687744140625
0.003423232,9.9945068359375,9.9945068359375
0.003424256,10.009765625,9.98687744140625
0.00342528,9.98687744140625,9.98687744140625
0.003426304,9.9945068359375,9.98687744140625
0.003427328,10.01739501953125,9.98687744140625
0.003428352,9.9945068359375,9.98687744140625
0.003429376,9.9945068359375,9.98687744140625
0.0034304,9.98687744140625,9.98687744140625
0.003431424,9.979248046875,9.98687744140625
0.003432448,9.9639892578125,9.98687744140625
0.003433472,9.979248046875,9.98687744140625
0.003434496,9.97161865234375,9.98687744140625
0.00343552,10.00213623046875,9.98687744140625
0.003436544,9.9945068359375,9.98687744140625
0.003437568,10.00213623046875,9.98687744140625
0.003438592,9.97161865234375,9.98687744140625
0.003439616,10.03265380859375,9.98687744140625
0.00344064,10.009765625,9.98687744140625
0.003441664,9.98687744140625,9.98687744140625
0.003442688,10.009765625,9.98687744140625
0.003443712,9.9639892578125,9.98687744140625
0.003444736,10.00213623046875,9.98687744140625
0.00344576,9.9639892578125,9.98687744140625
0.003446784,10.01739501953125,9.98687744140625
0.003447808,9.97161865234375,9.98687744140625
0.003448832,10.01739501953125,9.98687744140625
0.003449856,9.94873046875,9.98687744140625
0.00345088,9.9945068359375,9.98687744140625
0.003451904,9.97161865234375,9.98687744140625
0.003452928,9.98687744140625,9.98687744140625
0.003453952,10.00213623046875,9.98687744140625
0.003454976,9.9945068359375,9.98687744140625
0.003456,10.0250244140625,9.98687744140625
0.003457024,9.98687744140625,9.98687744140625
0.003458048,10.01739501953125,9.98687744140625
0.003459072,9.98687744140625,9.98687744140625
0.003460096,10.009765625,9.98687744140625
0.00346112,9.979248046875,9.98687744140625
0.003462144,9.98687744140625,9.98687744140625
0.003463168,10.00213623046875,9.98687744140625
0.003464192,9.979248046875,9.98687744140625
0.003465216,9.94873046875,9.98687744140625
0.00346624,9.97161865234375,9.98687744140625
0.003467264,9.9639892578125,9.98687744140625
0.003468288,9.9945068359375,9.98687744140625
0.003469312,9.979248046875,9.98687744140625
0.003470336,9.98687744140625,9.98687744140625
0.00347136,10.00213623046875,9.98687744140625
0.003472384,10.00213623046875,9.98687744140625
0.003473408,10.01739501953125,9.98687744140625
0.003474432,9.98687744140625,9.98687744140625
0.003475456,10.009765625,9.98687744140625
0.00347648,9.9945068359375,9.98687744140625
0.003477504,10.00213623046875,9.98687744140625
0.003478528,10.009765625,9.98687744140625
0.003479552,9.9639892578125,9.98687744140625
0.003480576,9.98687744140625,9.98687744140625
0.0034816,9.979248046875,9.98687744140625
0.003482624,9.95635986328125,9.98687744140625
0.003483648,9.979248046875,9.98687744140625
0.003484672,9.97161865234375,9.98687744140625
0.003485696,9.98687744140625,9.98687744140625
0.00348672,10.01739501953125,9.98687744140625
0.003487744,9.97161865234375,9.98687744140625
0.003488768,10.01739501953125,9.98687744140625
0.003489792,9.94873046875,9.98687744140625
0.003490816,10.01739501953125,9.98687744140625
0.00349184,9.98687744140625,9.98687744140625
0.003492864,10.009765625,9.98687744140625
0.003493888,9.9945068359375,9.98687744140625
0.003494912,10.00213623046875,9.9945068359375
0.003495936,10.00213623046875,9.98687744140625
0.00349696,9.95635986328125,9.98687744140625
0.003497984,9.979248046875,9.98687744140625
0.003499008,9.98687744140625,9.98687744140625
0.003500032,9.9639892578125,9.98687744140625
0.003501056,10.009765625,9.98687744140625
0.00350208,9.95635986328125,9.98687744140625
0.003503104,10.009765625,9.98687744140625
0.003504128,9.97161865234375,9.98687744140625
0.003505152,10.009765625,9.98687744140625
0.003506176,9.9945068359375,9.98687744140625
0.0035072,10.00213623046875,9.98687744140625
0.003508224,10.009765625,9.98687744140625
0.003509248,9.97161865234375,9.98687744140625
0.003510272,10.0250244140625,9.9945068359375
0.003511296,9.979248046875,9.98687744140625
0.00351232,10.00213623046875,9.98687744140625
0.003513344,9.9945068359375,9.98687744140625
0.003514368,9.9945068359375,9.98687744140625
0.003515392,9.979248046875,9.98687744140625
0.003516416,9.979248046875,9.98687744140625
0.00351744,9.9639892578125,9.98687744140625
0.003518464,9.9945068359375,9.98687744140625
0.003519488,9.979248046875,9.98687744140625
0.003520512,9.979248046875,9.98687744140625
0.003521536,9.98687744140625,9.98687744140625
0.00352256,10.00213623046875,9.98687744140625
0.003523584,10.00213623046875,9.98687744140625
0.003524608,10.009765625,9.98687744140625
0.003525632,9.98687744140625,9.98687744140625
0.003526656,10.01739501953125,9.98687744140625
0.00352768,9.97161865234375,9.98687744140625
0.003528704,10.0250244140625,9.98687744140625
0.003529728,9.9945068359375,9.98687744140625
0.003530752,10.009765625,9.98687744140625
0.003531776,9.98687744140625,9.98687744140625
0.0035328,9.979248046875,9.98687744140625
0.003533824,9.95635986328125,9.98687744140625
0.003534848,9.95635986328125,9.98687744140625
0.003535872,9.98687744140625,9.98687744140625
0.003536896,9.97161865234375,9.98687744140625
0.00353792,10.009765625,9.98687744140625
0.003538944,9.97161865234375,9.98687744140625
0.003539968,10.03265380859375,9.98687744140625
0.003540992,9.9945068359375,9.98687744140625
0.003542016,10.009765625,9.98687744140625
0.00354304,9.979248046875,9.98687744140625
0.003544064,10.00213623046875,9.98687744140625
0.003545088,10.01739501953125,9.98687744140625
0.003546112,10.00213623046875,9.98687744140625
0.003547136,10.01739501953125,9.98687744140625
0.00354816,9.97161865234375,9.98687744140625
0.003549184,10.01739501953125,9.98687744140625
0.003550208,9.9639892578125,9.98687744140625
0.003551232,9.9945068359375,9.98687744140625
0.003552256,9.9639892578125,9.98687744140625
0.00355328,10.00213623046875,9.98687744140625
0.003554304,9.9639892578125,9.98687744140625
0.003555328,10.00213623046875,9.98687744140625
0.003556352,9.9945068359375,9.98687744140625
0.003557376,9.9945068359375,9.98687744140625
0.0035584,9.9945068359375,9.98687744140625
0.003559424,10.00213623046875,9.98687744140625
0.003560448,9.97161865234375,9.98687744140625
0.003561472,10.00213623046875,9.98687744140625
0.003562496,9.98687744140625,9.98687744140625
0.00356352,10.009765625,9.98687744140625
0.003564544,9.97161865234375,9.98687744140625
0.003565568,9.9945068359375,9.98687744140625
0.003566592,9.979248046875,9.98687744140625
0.003567616,9.9639892578125,9.98687744140625
0.00356864,9.979248046875,9.98687744140625
0.003569664,9.95635986328125,9.98687744140625
0.003570688,9.979248046875,9.98687744140625
0.003571712,9.95635986328125,9.98687744140625
0.003572736,9.979248046875,9.98687744140625
0.00357376,9.979248046875,9.98687744140625
0.003574784,10.00213623046875,9.98687744140625
0.003575808,10.01739501953125,9.98687744140625
0.003576832,10.00213623046875,9.98687744140625
0.003577856,10.03265380859375,9.98687744140625
0.00357888,9.9639892578125,9.98687744140625
0.003579904,9.98687744140625,9.98687744140625
0.003580928,9.9945068359375,9.98687744140625
0.003581952,9.9945068359375,9.98687744140625
0.003582976,10.00213623046875,9.98687744140625
0.003584,9.9945068359375,9.98687744140625
0.003585024,9.97161865234375,9.98687744140625
0.003586048,9.98687744140625,9.98687744140625
0.003587072,9.97161865234375,9.98687744140625
0.003588096,9.9945068359375,9.98687744140625
0.00358912,9.979248046875,9.98687744140625
0.003590144,9.979248046875,9.98687744140625
0.003591168,9.9945068359375,9.98687744140625
0.003592192,9.9945068359375,9.98687744140625
0.003593216,10.01739501953125,9.98687744140625
0.00359424,9.98687744140625,9.98687744140625
0.003595264,10.009765625,9.98687744140625
0.003596288,10.01739501953125,9.98687744140625
0.003597312,9.979248046875,9.98687744140625
0.003598336,9.9945068359375,9.98687744140625
0.00359936,10.00213623046875,9.98687744140625
0.003600384,9.97161865234375,9.98687744140625
0.003601408,9.9945068359375,9.98687744140625
0.003602432,9.95635986328125,9.98687744140625
0.003603456,9.98687744140625,9.98687744140625
0.00360448,9.9639892578125,9.98687744140625
0.003605504,9.9945068359375,9.98687744140625
0.003606528,9.98687744140625,9.98687744140625
0.003607552,9.9945068359375,9.98687744140625
0.003608576,9.9945068359375,9.98687744140625
0.0036096,10.00213623046875,9.98687744140625
0.003610624,10.01739501953125,9.9945068359375
0.003611648,9.979248046875,9.98687744140625
0.003612672,10.009765625,9.98687744140625
0.003613696,9.98687744140625,9.98687744140625
0.00361472,10.00213623046875,9.98687744140625
0.003615744,9.9945068359375,9.98687744140625
0.003616768,9.98687744140625,9.98687744140625
0.003617792,9.979248046875,9.98687744140625
0.003618816,9.97161865234375,9.98687744140625
0.00361984,9.9945068359375,9.98687744140625
0.003620864,9.979248046875,9.98687744140625
0.003621888,9.979248046875,9.98687744140625
0.003622912,9.9334716796875,9.98687744140625
0.003623936,9.9639892578125,9.98687744140625
0.00362496,9.98687744140625,9.98687744140625
0.003625984,10.00213623046875,9.98687744140625
0.003627008,10.03265380859375,9.98687744140625
0.003628032,9.9945068359375,9.98687744140625
0.003629056,10.040283203125,9.98687744140625
0.00363008,9.979248046875,9.98687744140625
0.003631104,10.009765625,9.98687744140625
0.003632128,9.98687744140625,9.98687744140625
0.003633152,10.00213623046875,9.98687744140625
0.003634176,9.979248046875,9.98687744140625
0.0036352,9.979248046875,9.98687744140625
0.003636224,9.9639892578125,9.98687744140625
0.003637248,10.00213623046875,9.98687744140625
0.003638272,9.98687744140625,9.98687744140625
0.003639296,9.9639892578125,9.98687744140625
0.00364032,10.00213623046875,9.98687744140625
0.003641344,10.00213623046875,9.98687744140625
0.003642368,10.00213623046875,9.98687744140625
0.003643392,10.009765625,9.98687744140625
0.003644416,9.98687744140625,9.98687744140625
0.00364544,10.01739501953125,9.98687744140625
0.003646464,9.979248046875,9.98687744140625
0.003647488,10.009765625,9.98687744140625
0.003648512,9.9945068359375,9.98687744140625
0.003649536,10.00213623046875,9.98687744140625
0.00365056,9.98687744140625,9.98687744140625
0.003651584,9.97161865234375,9.98687744140625
0.003652608,9.98687744140625,9.98687744140625
0.003653632,9.979248046875,9.98687744140625
0.003654656,9.95635986328125,9.98687744140625
0.00365568,9.98687744140625,9.98687744140625
0.003656704,9.98687744140625,9.98687744140625
0.003657728,9.9945068359375,9.98687744140625
0.003658752,10.00213623046875,9.98687744140625
0.003659776,10.009765625,9.98687744140625
0.0036608,9.97161865234375,9.98687744140625
0.003661824,10.040283203125,9.98687744140625
0.003662848,9.98687744140625,9.98687744140625
0.003663872,10.0250244140625,9.98687744140625
0.003664896,9.98687744140625,9.98687744140625
0.00366592,9.98687744140625,9.98687744140625
0.003666944,9.97161865234375,9.98687744140625
0.003667968,9.98687744140625,9.98687744140625
0.003668992,9.97161865234375,9.98687744140625
0.003670016,9.98687744140625,9.98687744140625
0.00367104,9.98687744140625,9.98687744140625
0.003672064,9.97161865234375,9.98687744140625
0.003673088,10.00213623046875,9.98687744140625
0.003674112,9.979248046875,9.98687744140625
0.003675136,10.00213623046875,9.98687744140625
0.00367616,10.00213623046875,9.98687744140625
0.003677184,9.9945068359375,9.98687744140625
0.003678208,10.00213623046875,9.98687744140625
0.003679232,10.01739501953125,9.98687744140625
0.003680256,9.97161865234375,9.98687744140625
0.00368128,10.03265380859375,9.98687744140625
0.003682304,9.979248046875,9.98687744140625
0.003683328,10.00213623046875,9.98687744140625
0.003684352,10.00213623046875,9.98687744140625
0.003685376,9.9945068359375,9.98687744140625
0.0036864,9.9945068359375,9.98687744140625
0.003687424,9.97161865234375,9.98687744140625
0.003688448,9.98687744140625,9.98687744140625
0.003689472,9.97161865234375,9.98687744140625
0.003690496,10.00213623046875,9.98687744140625
0.00369152,9.97161865234375,9.98687744140625
0.003692544,10.00213623046875,9.98687744140625
0.003693568,9.9945068359375,9.98687744140625
0.003694592,9.9945068359375,9.98687744140625
0.003695616,9.9945068359375,9.98687744140625
0.00369664,9.9945068359375,9.98687744140625
0.003697664,10.009765625,9.98687744140625
0.003698688,9.98687744140625,9.98687744140625
0.003699712,10.01739501953125,9.98687744140625
0.003700736,9.979248046875,9.9945068359375
0.00370176,9.98687744140625,9.98687744140625
0.003702784,9.97161865234375,9.98687744140625
0.003703808,9.9945068359375,9.98687744140625
0.003704832,9.9639892578125,9.98687744140625
0.003705856,9.9945068359375,9.98687744140625
0.00370688,9.9639892578125,9.98687744140625
0.003707904,9.9945068359375,9.98687744140625
0.003708928,9.9945068359375,9.98687744140625
0.003709952,10.009765625,9.98687744140625
0.003710976,9.97161865234375,9.98687744140625
0.003712,9.9945068359375,9.98687744140625
0.003713024,9.9945068359375,9.98687744140625
0.003714048,9.979248046875,9.98687744140625
0.003715072,10.01739501953125,9.98687744140625
0.003716096,9.9945068359375,9.98687744140625
0.00371712,10.01739501953125,9.98687744140625
0.003718144,9.979248046875,9.98687744140625
0.003719168,9.979248046875,9.98687744140625
0.003720192,9.97161865234375,9.98687744140625
0.003721216,9.9639892578125,9.98687744140625
0.00372224,9.9945068359375,9.98687744140625
0.003723264,9.98687744140625,9.98687744140625
0.003724288,9.979248046875,9.98687744140625
0.003725312,9.979248046875,9.98687744140625
0.003726336,9.98687744140625,9.98687744140625
0.00372736,10.00213623046875,9.98687744140625
0.003728384,10.01739501953125,9.98687744140625
0.003729408,9.98687744140625,9.98687744140625
0.003730432,10.009765625,9.98687744140625
0.003731456,9.9945068359375,9.98687744140625
0.00373248,10.009765625,9.98687744140625
0.003733504,9.9639892578125,9.98687744140625
0.003734528,9.98687744140625,9.98687744140625
0.003735552,9.979248046875,9.98687744140625
0.003736576,9.97161865234375,9.98687744140625
0.0037376,10.00213623046875,9.98687744140625
0.003738624,9.97161865234375,9.98687744140625
0.003739648,10.00213623046875,9.98687744140625
0.003740672,9.98687744140625,9.98687744140625
0.003741696,10.00213623046875,9.98687744140625
0.00374272,10.009765625,9.98687744140625
0.003743744,9.97161865234375,9.98687744140625
0.003744768,10.040283203125,9.98687744140625
0.003745792,9.979248046875,9.98687744140625
0.003746816,10.00213623046875,9.98687744140625
0.00374784,10.00213623046875,9.98687744140625
0.003748864,9.98687744140625,9.98687744140625
0.003749888,9.9945068359375,9.98687744140625
0.003750912,9.98687744140625,9.98687744140625
0.003751936,9.98687744140625,9.98687744140625
0.00375296,9.98687744140625,9.98687744140625
0.003753984,9.98687744140625,9.98687744140625
0.003755008,9.98687744140625,9.98687744140625
0.003756032,9.98687744140625,9.98687744140625
0.003757056,9.9639892578125,9.98687744140625
0.00375808,9.97161865234375,9.98687744140625
0.003759104,10.00213623046875,9.98687744140625
0.003760128,10.00213623046875,9.98687744140625
0.003761152,10.009765625,9.98687744140625
0.003762176,10.00213623046875,9.9945068359375
0.0037632,10.0250244140625,9.98687744140625
0.003764224,9.9945068359375,9.98687744140625
0.003765248,9.9945068359375,9.98687744140625
0.003766272,9.98687744140625,9.98687744140625
0.003767296,10.009765625,9.98687744140625
0.00376832,9.9639892578125,9.98687744140625
0.003769344,9.9945068359375,9.98687744140625
0.003770368,9.979248046875,9.98687744140625
0.003771392,9.95635986328125,9.98687744140625
0.003772416,10.009765625,9.98687744140625
0.00377344,9.94873046875,9.98687744140625
0.003774464,10.00213623046875,9.98687744140625
0.003775488,10.00213623046875,9.98687744140625
0.003776512,9.9945068359375,9.9945068359375
0.003777536,10.00213623046875,9.98687744140625
0.00377856,10.009765625,9.98687744140625
0.003779584,9.9639892578125,9.98687744140625
0.003780608,10.0250244140625,9.98687744140625
0.003781632,9.979248046875,9.98687744140625
0.003782656,9.9945068359375,9.98687744140625
0.00378368,9.98687744140625,9.98687744140625
0.003784704,9.9945068359375,9.98687744140625
0.003785728,9.98687744140625,9.98687744140625
0.003786752,9.97161865234375,9.98687744140625
0.003787776,9.9945068359375,9.98687744140625
0.0037888,9.98687744140625,9.98687744140625
0.003789824,9.9945068359375,9.98687744140625
0.003790848,10.00213623046875,9.98687744140625
0.003791872,10.00213623046875,9.98687744140625
0.003792896,9.98687744140625,9.98687744140625
0.00379392,10.009765625,9.98687744140625
0.003794944,9.979248046875,9.98687744140625
0.003795968,9.98687744140625,9.98687744140625
0.003796992,9.98687744140625,9.98687744140625
0.003798016,10.01739501953125,9.98687744140625
0.00379904,9.98687744140625,9.98687744140625
0.003800064,10.009765625,9.98687744140625
0.003801088,9.94873046875,9.98687744140625
0.003802112,9.979248046875,9.98687744140625
0.003803136,9.94873046875,9.98687744140625
0.00380416,9.979248046875,9.98687744140625
0.003805184,10.009765625,9.9945068359375
0.003806208,10.00213623046875,9.98687744140625
0.003807232,10.00213623046875,9.98687744140625
0.003808256,10.00213623046875,9.98687744140625
0.00380928,9.9945068359375,9.98687744140625
0.003810304,10.00213623046875,9.98687744140625
0.003811328,10.009765625,9.98687744140625
0.003812352,9.979248046875,9.98687744140625
0.003813376,9.9945068359375,9.98687744140625
0.0038144,10.009765625,9.98687744140625
0.003815424,9.97161865234375,9.98687744140625
0.003816448,10.009765625,9.98687744140625
0.003817472,9.9639892578125,9.98687744140625
0.003818496,10.009765625,9.98687744140625
0.00381952,9.94873046875,9.98687744140625
0.003820544,10.00213623046875,9.98687744140625
0.003821568,9.979248046875,9.98687744140625
0.003822592,9.97161865234375,9.98687744140625
0.003823616,10.009765625,9.98687744140625
0.00382464,9.97161865234375,9.98687744140625
0.003825664,10.00213623046875,9.98687744140625
0.003826688,10.00213623046875,9.98687744140625
0.003827712,10.00213623046875,9.98687744140625
0.003828736,10.009765625,9.98687744140625
0.00382976,9.9639892578125,9.98687744140625
0.003830784,10.03265380859375,9.98687744140625
0.003831808,9.979248046875,9.98687744140625
0.003832832,9.98687744140625,9.98687744140625
0.003833856,10.00213623046875,9.98687744140625
0.00383488,10.009765625,9.98687744140625
0.003835904,9.97161865234375,9.98687744140625
0.003836928,10.009765625,9.98687744140625
0.003837952,9.94110107421875,9.98687744140625
0.003838976,9.97161865234375,9.98687744140625
0.00384,9.98687744140625,9.98687744140625
0.003841024,9.97161865234375,9.98687744140625
0.003842048,10.0250244140625,9.98687744140625
0.003843072,9.97161865234375,9.98687744140625
0.003844096,10.03265380859375,9.9945068359375
0.00384512,9.95635986328125,9.98687744140625
0.003846144,9.979248046875,9.98687744140625
0.003847168,9.97161865234375,9.98687744140625
0.003848192,10.00213623046875,9.98687744140625
0.003849216,10.009765625,9.98687744140625
0.00385024,9.98687744140625,9.98687744140625
0.003851264,9.9945068359375,9.98687744140625
0.003852288,10.00213623046875,9.98687744140625
0.003853312,9.979248046875,9.98687744140625
0.003854336,9.97161865234375,9.98687744140625
0.00385536,9.9945068359375,9.98687744140625
0.003856384,9.98687744140625,9.98687744140625
0.003857408,9.979248046875,9.98687744140625
0.003858432,9.9945068359375,9.98687744140625
0.003859456,9.98687744140625,9.98687744140625
0.00386048,9.9945068359375,9.98687744140625
0.003861504,9.9945068359375,9.98687744140625
0.003862528,10.00213623046875,9.98687744140625
0.003863552,10.00213623046875,9.98687744140625
0.003864576,10.009765625,9.98687744140625
0.0038656,9.97161865234375,9.98687744140625
0.003866624,10.01739501953125,9.98687744140625
0.003867648,9.94873046875,9.98687744140625
0.003868672,9.98687744140625,9.98687744140625
0.003869696,9.97161865234375,9.98687744140625
0.00387072,10.00213623046875,9.98687744140625
0.003871744,9.97161865234375,9.98687744140625
0.003872768,10.009765625,9.98687744140625
0.003873792,9.94873046875,9.98687744140625
0.003874816,10.009765625,9.98687744140625
0.00387584,9.9945068359375,9.98687744140625
0.003876864,10.009765625,9.98687744140625
0.003877888,9.98687744140625,9.98687744140625
0.003878912,10.01739501953125,9.98687744140625
0.003879936,9.98687744140625,9.98687744140625
0.00388096,10.00213623046875,9.98687744140625
0.003881984,9.9945068359375,9.98687744140625
0.003883008,9.98687744140625,9.98687744140625
0.003884032,9.97161865234375,9.98687744140625
0.003885056,10.00213623046875,9.98687744140625
0.00388608,9.979248046875,9.98687744140625
0.003887104,9.979248046875,9.98687744140625
0.003888128,9.97161865234375,9.98687744140625
0.003889152,9.9945068359375,9.98687744140625
0.003890176,9.95635986328125,9.98687744140625
0.0038912,10.009765625,9.98687744140625
0.003892224,10.0250244140625,9.98687744140625
0.003893248,9.9945068359375,9.98687744140625
0.003894272,10.0250244140625,9.98687744140625
0.003895296,9.98687744140625,9.98687744140625
0.00389632,10.00213623046875,9.98687744140625
0.003897344,10.00213623046875,9.98687744140625
0.003898368,9.979248046875,9.98687744140625
0.003899392,9.979248046875,9.98687744140625
0.003900416,9.97161865234375,9.98687744140625
0.00390144,10.00213623046875,9.9945068359375
0.003902464,9.979248046875,9.98687744140625
0.003903488,9.98687744140625,9.98687744140625
0.003904512,9.979248046875,9.98687744140625
0.003905536,10.00213623046875,9.98687744140625
0.00390656,10.009765625,9.98687744140625
0.003907584,9.979248046875,9.98687744140625
0.003908608,10.01739501953125,9.98687744140625
0.003909632,9.98687744140625,9.98687744140625
0.003910656,10.01739501953125,9.98687744140625
0.00391168,9.98687744140625,9.98687744140625
0.003912704,10.009765625,9.98687744140625
0.003913728,9.9639892578125,9.98687744140625
0.003914752,10.00213623046875,9.98687744140625
0.003915776,9.979248046875,9.98687744140625
0.0039168,9.95635986328125,9.98687744140625
0.003917824,9.9945068359375,9.98687744140625
0.003918848,9.95635986328125,9.98687744140625
0.003919872,9.9945068359375,9.98687744140625
0.003920896,9.9945068359375,9.98687744140625
0.00392192,9.9945068359375,9.98687744140625
0.003922944,9.9945068359375,9.98687744140625
0.003923968,10.009765625,9.98687744140625
0.003924992,9.98687744140625,9.98687744140625
0.003926016,10.01739501953125,9.98687744140625
0.00392704,9.98687744140625,9.98687744140625
0.003928064,10.01739501953125,9.98687744140625
0.003929088,9.98687744140625,9.98687744140625
0.003930112,10.009765625,9.98687744140625
0.003931136,9.95635986328125,9.98687744140625
0.00393216,9.979248046875,9.98687744140625
0.003933184,9.94110107421875,9.98687744140625
0.003934208,9.94873046875,9.98687744140625
0.003935232,9.979248046875,9.98687744140625
0.003936256,9.9945068359375,9.98687744140625
0.00393728,10.00213623046875,9.98687744140625
0.003938304,10.01739501953125,9.98687744140625
0.003939328,10.00213623046875,9.98687744140625
0.003940352,10.009765625,9.98687744140625
0.003941376,10.00213623046875,9.98687744140625
0.0039424,10.01739501953125,9.98687744140625
0.003943424,9.98687744140625,9.98687744140625
0.003944448,10.0250244140625,9.98687744140625
0.003945472,9.9945068359375,9.98687744140625
0.003946496,9.9945068359375,9.98687744140625
0.00394752,9.98687744140625,9.98687744140625
0.003948544,9.95635986328125,9.98687744140625
0.003949568,9.979248046875,9.98687744140625
0.003950592,9.95635986328125,9.98687744140625
0.003951616,9.98687744140625,9.98687744140625
0.00395264,9.97161865234375,9.98687744140625
0.003953664,9.98687744140625,9.9945068359375
0.003954688,9.98687744140625,9.98687744140625
0.003955712,9.9945068359375,9.98687744140625
0.003956736,10.01739501953125,9.98687744140625
0.00395776,9.979248046875,9.98687744140625
0.003958784,10.009765625,9.98687744140625
0.003959808,9.979248046875,9.98687744140625
0.003960832,10.00213623046875,9.98687744140625
0.003961856,10.00213623046875,9.98687744140625
0.00396288,10.01739501953125,9.98687744140625
0.003963904,9.979248046875,9.98687744140625
0.003964928,9.98687744140625,9.98687744140625
0.003965952,9.98687744140625,9.98687744140625
0.003966976,9.95635986328125,9.98687744140625
0.003968,9.9945068359375,9.98687744140625
0.003969024,9.97161865234375,9.98687744140625
0.003970048,10.00213623046875,9.98687744140625
0.003971072,9.979248046875,9.98687744140625
0.003972096,10.01739501953125,9.98687744140625
0.00397312,9.979248046875,9.98687744140625
0.003974144,10.009765625,9.98687744140625
0.003975168,9.97161865234375,9.98687744140625
0.003976192,10.00213623046875,9.98687744140625
0.003977216,9.98687744140625,9.98687744140625
0.00397824,9.98687744140625,9.98687744140625
0.003979264,10.009765625,9.98687744140625
0.003980288,9.979248046875,9.98687744140625
0.003981312,9.9945068359375,9.98687744140625
0.003982336,9.9945068359375,9.98687744140625
0.00398336,9.97161865234375,9.98687744140625
0.003984384,9.9945068359375,9.98687744140625
0.003985408,9.9639892578125,9.98687744140625
0.003986432,9.98687744140625,9.98687744140625
0.003987456,9.979248046875,9.98687744140625
0.00398848,9.98687744140625,9.98687744140625
0.003989504,9.98687744140625,9.98687744140625
0.003990528,9.9945068359375,9.98687744140625
0.003991552,10.00213623046875,9.98687744140625
0.003992576,10.00213623046875,9.98687744140625
0.0039936,10.00213623046875,9.98687744140625
0.003994624,10.009765625,9.98687744140625
0.003995648,9.97161865234375,9.98687744140625
0.003996672,10.03265380859375,9.98687744140625
0.003997696,9.979248046875,9.98687744140625
0.00399872,9.9945068359375,9.98687744140625
0.003999744,9.98687744140625,9.98687744140625
0.004000768,9.9639892578125,9.98687744140625
0.004001792,9.9945068359375,9.98687744140625
0.004002816,9.97161865234375,9.98687744140625
0.00400384,9.979248046875,9.98687744140625
0.004004864,9.98687744140625,9.98687744140625
0.004005888,9.979248046875,9.98687744140625
0.004006912,9.97161865234375,9.98687744140625
0.004007936,10.00213623046875,9.98687744140625
0.00400896,10.00213623046875,9.98687744140625
0.004009984,10.009765625,9.98687744140625
0.004011008,9.97161865234375,9.98687744140625
0.004012032,10.0250244140625,9.98687744140625
0.004013056,9.98687744140625,9.98687744140625
0.00401408,10.01739501953125,9.98687744140625
0.004015104,9.979248046875,9.98687744140625
0.004016128,9.98687744140625,9.98687744140625
0.004017152,9.97161865234375,9.98687744140625
0.004018176,9.9945068359375,9.98687744140625
0.0040192,9.97161865234375,9.98687744140625
0.004020224,9.98687744140625,9.98687744140625
0.004021248,9.9639892578125,9.98687744140625
0.004022272,10.00213623046875,9.98687744140625
0.004023296,10.009765625,9.98687744140625
0.00402432,10.01739501953125,9.98687744140625
0.004025344,10.00213623046875,9.98687744140625
0.004026368,10.01739501953125,9.98687744140625
0.004027392,9.98687744140625,9.98687744140625
0.004028416,10.00213623046875,9.98687744140625
0.00402944,10.0250244140625,9.98687744140625
0.004030464,9.9639892578125,9.98687744140625
0.004031488,10.009765625,9.98687744140625
0.004032512,9.9639892578125,9.98687744140625
0.004033536,9.98687744140625,9.98687744140625
0.00403456,9.97161865234375,9.98687744140625
0.004035584,9.9945068359375,9.98687744140625
0.004036608,9.97161865234375,9.98687744140625
0.004037632,10.0250244140625,9.98687744140625
0.004038656,9.979248046875,9.98687744140625
0.00403968,9.9945068359375,9.98687744140625
0.004040704,10.0250244140625,9.98687744140625
0.004041728,9.979248046875,9.98687744140625
0.004042752,10.0250244140625,9.98687744140625
0.004043776,9.979248046875,9.98687744140625
0.0040448,10.009765625,9.98687744140625
0.004045824,9.98687744140625,9.98687744140625
0.004046848,10.00213623046875,9.98687744140625
0.004047872,9.97161865234375,9.98687744140625
0.004048896,9.98687744140625,9.98687744140625
0.00404992,9.979248046875,9.9945068359375
0.004050944,9.98687744140625,9.98687744140625
0.004051968,9.9945068359375,9.98687744140625
0.004052992,10.00213623046875,9.98687744140625
0.004054016,10.00213623046875,9.98687744140625
0.00405504,10.009765625,9.98687744140625
0.004056064,9.97161865234375,9.98687744140625
0.004057088,10.03265380859375,9.98687744140625
0.004058112,9.98687744140625,9.98687744140625
0.004059136,10.009765625,9.98687744140625
0.00406016,9.979248046875,9.98687744140625
0.004061184,10.00213623046875,9.98687744140625
0.004062208,9.95635986328125,9.98687744140625
0.004063232,9.97161865234375,9.98687744140625
0.004064256,10.00213623046875,9.98687744140625
0.00406528,9.9639892578125,9.98687744140625
0.004066304,9.979248046875,9.98687744140625
0.004067328,9.979248046875,9.98687744140625
0.004068352,9.9945068359375,9.98687744140625
0.004069376,10.00213623046875,9.98687744140625
0.0040704,10.01739501953125,9.98687744140625
0.004071424,9.98687744140625,9.98687744140625
0.004072448,10.009765625,9.98687744140625
0.004073472,10.00213623046875,9.98687744140625
0.004074496,10.01739501953125,9.98687744140625
0.00407552,9.98687744140625,9.98687744140625
0.004076544,9.9945068359375,9.98687744140625
0.004077568,9.97161865234375,9.98687744140625
0.004078592,10.00213623046875,9.98687744140625
0.004079616,9.9639892578125,9.98687744140625
0.00408064,10.00213623046875,9.98687744140625
0.004081664,9.98687744140625,9.98687744140625
0.004082688,9.98687744140625,9.98687744140625
0.004083712,9.98687744140625,9.98687744140625
0.004084736,9.9945068359375,9.98687744140625
0.00408576,10.00213623046875,9.98687744140625
0.004086784,10.01739501953125,9.98687744140625
0.004087808,9.979248046875,9.98687744140625
0.004088832,9.9945068359375,9.98687744140625
0.004089856,10.0250244140625,9.98687744140625
0.00409088,9.98687744140625,9.98687744140625
0.004091904,10.00213623046875,9.98687744140625
0.004092928,10.009765625,9.98687744140625
0.004093952,9.9639892578125,9.9945068359375
0.004094976,9.979248046875,9.98687744140625
0.004096,9.97161865234375,9.98687744140625
0.004097024,9.9945068359375,9.98687744140625
0.004098048,9.97161865234375,9.98687744140625
0.004099072,10.009765625,9.98687744140625
0.004100096,9.9639892578125,9.98687744140625
0.00410112,10.01739501953125,9.98687744140625
0.004102144,9.98687744140625,9.98687744140625
0.004103168,9.9945068359375,9.98687744140625
0.004104192,10.009765625,9.98687744140625
0.004105216,9.98687744140625,9.98687744140625
0.00410624,10.00213623046875,9.98687744140625
0.004107264,9.979248046875,9.98687744140625
0.004108288,10.009765625,9.98687744140625
0.004109312,9.97161865234375,9.98687744140625
0.004110336,9.97161865234375,9.98687744140625
0.00411136,9.94110107421875,9.98687744140625
0.004112384,9.9639892578125,9.98687744140625
0.004113408,9.9945068359375,9.98687744140625
0.004114432,9.97161865234375,9.98687744140625
0.004115456,10.00213623046875,9.98687744140625
0.00411648,9.979248046875,9.98687744140625
0.004117504,9.9945068359375,9.98687744140625
0.004118528,9.9945068359375,9.98687744140625
0.004119552,10.00213623046875,9.98687744140625
0.004120576,10.0250244140625,9.98687744140625
0.0041216,9.9945068359375,9.98687744140625
0.004122624,10.0250244140625,9.98687744140625
0.004123648,9.98687744140625,9.98687744140625
0.004124672,9.9945068359375,9.98687744140625
0.004125696,9.9945068359375,9.98687744140625
0.00412672,9.98687744140625,9.98687744140625
0.004127744,9.979248046875,9.98687744140625
0.004128768,9.9639892578125,9.98687744140625
0.004129792,9.98687744140625,9.98687744140625
0.004130816,9.97161865234375,9.98687744140625
0.00413184,9.979248046875,9.98687744140625
0.004132864,9.979248046875,9.98687744140625
0.004133888,9.97161865234375,9.98687744140625
0.004134912,10.01739501953125,9.98687744140625
0.004135936,9.97161865234375,9.98687744140625
0.00413696,10.009765625,9.98687744140625
0.004137984,9.98687744140625,9.98687744140625
0.004139008,10.01739501953125,9.98687744140625
0.004140032,9.98687744140625,9.98687744140625
0.004141056,9.9945068359375,9.98687744140625
0.00414208,10.009765625,9.98687744140625
0.004143104,9.979248046875,9.98687744140625
0.004144128,9.98687744140625,9.98687744140625
0.004145152,9.979248046875,9.98687744140625
0.004146176,9.9639892578125,9.98687744140625
0.0041472,9.9945068359375,9.98687744140625
0.004148224,9.9639892578125,9.98687744140625
0.004149248,10.009765625,9.98687744140625
0.004150272,9.95635986328125,9.98687744140625
0.004151296,10.01739501953125,9.98687744140625
0.00415232,9.9945068359375,9.98687744140625
0.004153344,10.009765625,9.98687744140625
0.004154368,9.979248046875,9.98687744140625
0.004155392,9.98687744140625,9.98687744140625
0.004156416,9.9945068359375,9.98687744140625
0.00415744,10.00213623046875,9.98687744140625
0.004158464,10.01739501953125,9.98687744140625
0.004159488,9.98687744140625,9.98687744140625
0.004160512,10.00213623046875,9.98687744140625
0.004161536,10.009765625,9.98687744140625
0.00416256,9.95635986328125,9.98687744140625
0.004163584,9.9945068359375,9.98687744140625
0.004164608,9.98687744140625,9.98687744140625
0.004165632,9.97161865234375,9.98687744140625
0.004166656,10.01739501953125,9.98687744140625
0.00416768,9.9639892578125,9.98687744140625
0.004168704,10.009765625,9.98687744140625
0.004169728,9.979248046875,9.98687744140625
0.004170752,9.9945068359375,9.98687744140625
0.004171776,10.00213623046875,9.98687744140625
0.0041728,10.009765625,9.98687744140625
0.004173824,9.9945068359375,9.98687744140625
0.004174848,10.00213623046875,9.98687744140625
0.004175872,9.98687744140625,9.98687744140625
0.004176896,10.00213623046875,9.98687744140625
0.00417792,9.98687744140625,9.98687744140625
0.004178944,9.9639892578125,9.98687744140625
0.004179968,9.98687744140625,9.98687744140625
0.004180992,9.979248046875,9.98687744140625
0.004182016,9.9945068359375,9.98687744140625
0.00418304,9.979248046875,9.98687744140625
0.004184064,9.98687744140625,9.98687744140625
0.004185088,9.98687744140625,9.98687744140625
0.004186112,10.009765625,9.98687744140625
0.004187136,9.97161865234375,9.98687744140625
0.00418816,10.0250244140625,9.98687744140625
0.004189184,9.9945068359375,9.98687744140625
0.004190208,10.00213623046875,9.98687744140625
0.004191232,9.9945068359375,9.98687744140625
0.004192256,9.98687744140625,9.98687744140625
0.00419328,9.98687744140625,9.98687744140625
0.004194304,9.9639892578125,9.98687744140625
0.004195328,10.00213623046875,9.98687744140625
0.004196352,9.9639892578125,9.98687744140625
0.004197376,9.98687744140625,9.98687744140625
0.0041984,10.00213623046875,9.98687744140625
0.004199424,9.979248046875,9.98687744140625
0.004200448,9.9639892578125,9.98687744140625
0.004201472,10.00213623046875,9.98687744140625
0.004202496,10.009765625,9.98687744140625
0.00420352,10.00213623046875,9.98687744140625
0.004204544,10.009765625,9.98687744140625
0.004205568,9.9945068359375,9.98687744140625
0.004206592,10.00213623046875,9.98687744140625
0.004207616,9.98687744140625,9.98687744140625
0.00420864,9.979248046875,9.98687744140625
0.004209664,9.97161865234375,9.98687744140625
0.004210688,9.9945068359375,9.98687744140625
0.004211712,9.98687744140625,9.98687744140625
0.004212736,9.979248046875,9.98687744140625
0.00421376,9.979248046875,9.98687744140625
0.004214784,9.9945068359375,9.98687744140625
0.004215808,9.9945068359375,9.98687744140625
0.004216832,10.00213623046875,9.98687744140625
0.004217856,10.0250244140625,9.98687744140625
0.00421888,9.979248046875,9.98687744140625
0.004219904,10.00213623046875,9.98687744140625
0.004220928,10.00213623046875,9.98687744140625
0.004221952,10.00213623046875,9.98687744140625
0.004222976,9.979248046875,9.98687744140625
0.004224,9.95635986328125,9.98687744140625
0.004225024,9.98687744140625,9.98687744140625
0.004226048,9.97161865234375,9.98687744140625
0.004227072,9.98687744140625,9.98687744140625
0.004228096,9.9945068359375,9.98687744140625
0.00422912,9.9945068359375,9.98687744140625
0.004230144,9.9945068359375,9.98687744140625
0.004231168,10.009765625,9.98687744140625
0.004232192,9.98687744140625,9.98687744140625
0.004233216,10.009765625,9.98687744140625
0.00423424,9.979248046875,9.98687744140625
0.004235264,10.00213623046875,9.98687744140625
0.004236288,9.9945068359375,9.98687744140625
0.004237312,9.9945068359375,9.98687744140625
0.004238336,9.9639892578125,9.98687744140625
0.00423936,9.9945068359375,9.98687744140625
0.004240384,9.97161865234375,9.98687744140625
0.004241408,9.979248046875,9.98687744140625
0.004242432,9.98687744140625,9.9945068359375
0.004243456,9.979248046875,9.98687744140625
0.00424448,9.9639892578125,9.98687744140625
0.004245504,10.009765625,9.98687744140625
0.004246528,9.979248046875,9.98687744140625
0.004247552,10.009765625,9.98687744140625
0.004248576,10.00213623046875,9.98687744140625
0.0042496,10.00213623046875,9.98687744140625
0.004250624,10.009765625,9.98687744140625
0.004251648,9.97161865234375,9.98687744140625
0.004252672,10.0250244140625,9.98687744140625
0.004253696,9.97161865234375,9.98687744140625
0.00425472,9.979248046875,9.98687744140625
0.004255744,9.97161865234375,9.98687744140625
0.004256768,9.979248046875,9.98687744140625
0.004257792,9.979248046875,9.98687744140625
0.004258816,9.97161865234375,9.98687744140625
0.00425984,10.009765625,9.98687744140625
0.004260864,10.00213623046875,9.98687744140625
0.004261888,9.9945068359375,9.98687744140625
0.004262912,9.9945068359375,9.98687744140625
0.004263936,10.009765625,9.98687744140625
0.00426496,9.98687744140625,9.98687744140625
0.004265984,10.01739501953125,9.98687744140625
0.004267008,9.98687744140625,9.98687744140625
0.004268032,10.00213623046875,9.98687744140625
0.004269056,9.9945068359375,9.98687744140625
0.00427008,9.97161865234375,9.98687744140625
0.004271104,9.98687744140625,9.98687744140625
0.004272128,9.97161865234375,9.98687744140625
0.004273152,9.979248046875,9.98687744140625
0.004274176,9.95635986328125,9.98687744140625
0.0042752,9.9945068359375,9.98687744140625
0.004276224,9.98687744140625,9.98687744140625
0.004277248,10.00213623046875,9.98687744140625
0.004278272,10.01739501953125,9.98687744140625
0.004279296,9.9945068359375,9.98687744140625
0.00428032,10.03265380859375,9.98687744140625
0.004281344,9.9945068359375,9.98687744140625
0.004282368,10.01739501953125,9.98687744140625
0.004283392,10.00213623046875,9.98687744140625
0.004284416,10.00213623046875,9.98687744140625
0.00428544,9.9945068359375,9.98687744140625
0.004286464,9.97161865234375,9.98687744140625
0.004287488,9.97161865234375,9.98687744140625
0.004288512,9.94110107421875,9.98687744140625
0.004289536,9.97161865234375,9.98687744140625
0.00429056,10.009765625,9.98687744140625
0.004291584,9.9639892578125,9.98687744140625
0.004292608,10.009765625,9.98687744140625
0.004293632,9.97161865234375,9.98687744140625
0.004294656,10.03265380859375,9.98687744140625
0.00429568,9.979248046875,9.98687744140625
0.004296704,10.01739501953125,9.98687744140625
0.004297728,9.9945068359375,9.98687744140625
0.004298752,10.01739501953125,9.98687744140625
0.004299776,9.98687744140625,9.98687744140625
0.0043008,9.9945068359375,9.98687744140625
0.004301824,9.979248046875,9.98687744140625
0.004302848,9.95635986328125,9.98687744140625
0.004303872,9.979248046875,9.98687744140625
0.004304896,9.9639892578125,9.98687744140625
0.00430592,10.00213623046875,9.98687744140625
0.004306944,9.979248046875,9.98687744140625
0.004307968,9.98687744140625,9.98687744140625
0.004308992,9.9945068359375,9.98687744140625
0.004310016,10.00213623046875,9.98687744140625
0.00431104,10.01739501953125,9.98687744140625
0.004312064,9.98687744140625,9.98687744140625
0.004313088,10.009765625,9.98687744140625
0.004314112,9.979248046875,9.98687744140625
0.004315136,10.01739501953125,9.98687744140625
0.00431616,9.98687744140625,9.98687744140625
0.004317184,10.009765625,9.98687744140625
0.004318208,9.9639892578125,9.98687744140625
0.004319232,10.00213623046875,9.98687744140625
0.004320256,9.97161865234375,9.98687744140625
0.00432128,9.9945068359375,9.98687744140625
0.004322304,9.97161865234375,9.98687744140625
0.004323328,9.9945068359375,9.98687744140625
0.004324352,9.98687744140625,9.98687744140625
0.004325376,9.9945068359375,9.98687744140625
0.0043264,9.98687744140625,9.98687744140625
0.004327424,10.03265380859375,9.98687744140625
0.004328448,10.01739501953125,9.98687744140625
0.004329472,10.009765625,9.98687744140625
0.004330496,9.9639892578125,9.98687744140625
0.00433152,10.00213623046875,9.98687744140625
0.004332544,9.97161865234375,9.98687744140625
0.004333568,9.9639892578125,9.98687744140625
0.004334592,9.9945068359375,9.98687744140625
0.004335616,9.979248046875,9.98687744140625
0.00433664,9.979248046875,9.98687744140625
0.004337664,9.979248046875,9.98687744140625
0.004338688,9.9945068359375,9.98687744140625
0.004339712,9.9945068359375,9.98687744140625
0.004340736,9.9945068359375,9.98687744140625
0.00434176,10.0250244140625,9.98687744140625
0.004342784,10.00213623046875,9.98687744140625
0.004343808,10.01739501953125,9.98687744140625
0.004344832,9.98687744140625,9.98687744140625
0.004345856,10.00213623046875,9.98687744140625
0.00434688,10.00213623046875,9.98687744140625
0.004347904,9.9639892578125,9.98687744140625
0.004348928,9.9945068359375,9.98687744140625
0.004349952,9.97161865234375,9.98687744140625
0.004350976,9.9945068359375,9.98687744140625
0.004352,9.97161865234375,9.98687744140625
0.004353024,10.00213623046875,9.98687744140625
0.004354048,9.9945068359375,9.98687744140625
0.004355072,10.00213623046875,9.98687744140625
0.004356096,10.00213623046875,9.98687744140625
0.00435712,9.979248046875,9.98687744140625
0.004358144,10.00213623046875,9.98687744140625
0.004359168,9.9945068359375,9.98687744140625
0.004360192,10.009765625,9.98687744140625
0.004361216,9.979248046875,9.98687744140625
0.00436224,10.00213623046875,9.98687744140625
0.004363264,9.979248046875,9.98687744140625
0.004364288,9.9639892578125,9.98687744140625
0.004365312,9.98687744140625,9.98687744140625
0.004366336,9.9639892578125,9.98687744140625
0.00436736,10.00213623046875,9.98687744140625
0.004368384,9.98687744140625,9.98687744140625
0.004369408,9.98687744140625,9.98687744140625
0.004370432,10.00213623046875,9.98687744140625
0.004371456,9.9945068359375,9.98687744140625
0.00437248,10.0250244140625,9.98687744140625
0.004373504,10.01739501953125,9.98687744140625
0.004374528,9.9945068359375,9.98687744140625
0.004375552,9.9945068359375,9.98687744140625
0.004376576,9.97161865234375,9.98687744140625
0.0043776,9.97161865234375,9.98687744140625
0.004378624,9.97161865234375,9.98687744140625
0.004379648,10.00213623046875,9.98687744140625
0.004380672,9.97161865234375,9.98687744140625
0.004381696,9.9945068359375,9.98687744140625
0.00438272,9.97161865234375,9.98687744140625
0.004383744,10.00213623046875,9.98687744140625
0.004384768,9.9945068359375,9.98687744140625
0.004385792,10.009765625,9.98687744140625
0.004386816,9.9945068359375,9.98687744140625
0.00438784,10.03265380859375,9.98687744140625
0.004388864,9.9945068359375,9.98687744140625
0.004389888,10.009765625,9.98687744140625
0.004390912,9.979248046875,9.98687744140625
0.004391936,10.00213623046875,9.98687744140625
0.00439296,10.00213623046875,9.98687744140625
0.004393984,9.979248046875,9.98687744140625
0.004395008,9.9639892578125,9.98687744140625
0.004396032,9.97161865234375,9.98687744140625
0.004397056,9.95635986328125,9.98687744140625
0.00439808,9.979248046875,9.98687744140625
0.004399104,9.98687744140625,9.98687744140625
0.004400128,9.9945068359375,9.98687744140625
0.004401152,10.00213623046875,9.98687744140625
0.004402176,10.01739501953125,9.98687744140625
0.0044032,9.9945068359375,9.98687744140625
0.004404224,10.0250244140625,9.98687744140625
0.004405248,9.98687744140625,9.98687744140625
0.004406272,10.009765625,9.98687744140625
0.004407296,9.98687744140625,9.98687744140625
0.00440832,10.009765625,9.98687744140625
0.004409344,9.979248046875,9.98687744140625
0.004410368,9.9945068359375,9.98687744140625
0.004411392,9.98687744140625,9.98687744140625
0.004412416,9.98687744140625,9.98687744140625
0.00441344,9.979248046875,9.98687744140625
0.004414464,9.9639892578125,9.98687744140625
0.004415488,10.01739501953125,9.98687744140625
0.004416512,9.979248046875,9.98687744140625
0.004417536,9.98687744140625,9.98687744140625
0.00441856,9.9945068359375,9.98687744140625
0.004419584,9.97161865234375,9.98687744140625
0.004420608,9.98687744140625,9.98687744140625
0.004421632,9.98687744140625,9.98687744140625
0.004422656,10.009765625,9.98687744140625
0.00442368,9.979248046875,9.98687744140625
0.004424704,10.0250244140625,9.98687744140625
0.004425728,9.98687744140625,9.98687744140625
0.004426752,10.00213623046875,9.98687744140625
0.004427776,9.98687744140625,9.98687744140625
0.0044288,9.98687744140625,9.98687744140625
0.004429824,9.98687744140625,9.98687744140625
0.004430848,9.98687744140625,9.98687744140625
0.004431872,9.97161865234375,9.98687744140625
0.004432896,10.01739501953125,9.98687744140625
0.00443392,9.9639892578125,9.98687744140625
0.004434944,10.00213623046875,9.98687744140625
0.004435968,10.009765625,9.98687744140625
0.004436992,9.95635986328125,9.98687744140625
0.004438016,10.01739501953125,9.98687744140625
0.00443904,9.9945068359375,9.98687744140625
0.004440064,10.01739501953125,9.98687744140625
0.004441088,9.9639892578125,9.98687744140625
0.004442112,10.0250244140625,9.98687744140625
0.004443136,9.979248046875,9.98687744140625
0.00444416,9.9945068359375,9.98687744140625
0.004445184,9.98687744140625,9.98687744140625
0.004446208,9.979248046875,9.98687744140625
0.004447232,9.97161865234375,9.98687744140625
0.004448256,9.979248046875,9.9945068359375
0.00444928,9.9639892578125,9.98687744140625
0.004450304,10.00213623046875,9.98687744140625
0.004451328,9.9639892578125,9.98687744140625
0.004452352,10.009765625,9.98687744140625
0.004453376,9.9639892578125,9.98687744140625
0.0044544,10.0250244140625,9.98687744140625
0.004455424,9.98687744140625,9.98687744140625
0.004456448,10.009765625,9.98687744140625
0.004457472,9.98687744140625,9.98687744140625
0.004458496,10.009765625,9.98687744140625
0.00445952,9.98687744140625,9.98687744140625
0.004460544,9.98687744140625,9.98687744140625
0.004461568,9.97161865234375,9.98687744140625
0.004462592,9.979248046875,9.98687744140625
0.004463616,9.94873046875,9.98687744140625
0.00446464,9.979248046875,9.98687744140625
0.004465664,9.98687744140625,9.98687744140625
0.004466688,10.00213623046875,9.98687744140625
0.004467712,10.00213623046875,9.98687744140625
0.004468736,10.00213623046875,9.98687744140625
0.00446976,10.009765625,9.98687744140625
0.004470784,9.979248046875,9.98687744140625
0.004471808,10.00213623046875,9.98687744140625
0.004472832,10.009765625,9.98687744140625
0.004473856,9.98687744140625,9.98687744140625
0.00447488,10.009765625,9.98687744140625
0.004475904,9.97161865234375,9.98687744140625
0.004476928,9.97161865234375,9.98687744140625
0.004477952,9.9945068359375,9.98687744140625
0.004478976,9.979248046875,9.98687744140625
0.00448,9.979248046875,9.98687744140625
0.004481024,9.979248046875,9.98687744140625
0.004482048,9.9945068359375,9.98687744140625
0.004483072,9.979248046875,9.98687744140625
0.004484096,9.9945068359375,9.98687744140625
0.00448512,9.979248046875,9.98687744140625
0.004486144,9.9945068359375,9.98687744140625
0.004487168,10.00213623046875,9.98687744140625
0.004488192,10.009765625,9.98687744140625
0.004489216,9.98687744140625,9.98687744140625
0.00449024,9.9945068359375,9.98687744140625
0.004491264,9.9945068359375,9.98687744140625
0.004492288,9.9945068359375,9.98687744140625
0.004493312,9.97161865234375,9.98687744140625
0.004494336,9.98687744140625,9.98687744140625
0.00449536,9.97161865234375,9.98687744140625
0.004496384,10.009765625,9.98687744140625
0.004497408,9.97161865234375,9.98687744140625
0.004498432,10.01739501953125,9.98687744140625
0.004499456,9.9639892578125,9.98687744140625
0.00450048,10.009765625,9.98687744140625
0.004501504,9.97161865234375,9.98687744140625
0.004502528,10.009765625,9.98687744140625
0.004503552,9.979248046875,9.98687744140625
0.004504576,10.009765625,9.98687744140625
0.0045056,10.00213623046875,9.98687744140625
0.004506624,10.00213623046875,9.98687744140625
0.004507648,9.98687744140625,9.98687744140625
0.004508672,9.95635986328125,9.98687744140625
0.004509696,9.98687744140625,9.98687744140625
0.00451072,9.979248046875,9.98687744140625
0.004511744,9.98687744140625,9.98687744140625
0.004512768,10.00213623046875,9.98687744140625
0.004513792,10.009765625,9.98687744140625
0.004514816,9.97161865234375,9.98687744140625
0.00451584,10.01739501953125,9.98687744140625
0.004516864,9.97161865234375,9.98687744140625
0.004517888,10.0250244140625,9.98687744140625
0.004518912,9.98687744140625,9.98687744140625
0.004519936,10.009765625,9.98687744140625
0.00452096,9.979248046875,9.98687744140625
0.004521984,10.009765625,9.98687744140625
0.004523008,9.95635986328125,9.98687744140625
0.004524032,10.00213623046875,9.98687744140625
0.004525056,9.98687744140625,9.98687744140625
0.00452608,9.98687744140625,9.98687744140625
0.004527104,9.98687744140625,9.98687744140625
0.004528128,10.00213623046875,9.98687744140625
0.004529152,9.9945068359375,9.98687744140625
0.004530176,10.009765625,9.98687744140625
0.0045312,9.97161865234375,9.98687744140625
0.004532224,10.00213623046875,9.98687744140625
0.004533248,10.01739501953125,9.98687744140625
0.004534272,9.9639892578125,9.98687744140625
0.004535296,10.01739501953125,9.98687744140625
0.00453632,9.979248046875,9.98687744140625
0.004537344,10.00213623046875,9.98687744140625
0.004538368,10.009765625,9.98687744140625
0.004539392,9.979248046875,9.9945068359375
0.004540416,9.9945068359375,9.98687744140625
0.00454144,9.98687744140625,9.98687744140625
0.004542464,9.97161865234375,9.98687744140625
0.004543488,10.009765625,9.98687744140625
0.004544512,9.97161865234375,9.98687744140625
0.004545536,9.9945068359375,9.98687744140625
0.00454656,10.00213623046875,9.98687744140625
0.004547584,9.979248046875,9.98687744140625
0.004548608,10.009765625,9.98687744140625
0.004549632,9.98687744140625,9.98687744140625
0.004550656,10.00213623046875,9.98687744140625
0.00455168,9.97161865234375,9.98687744140625
0.004552704,9.9639892578125,9.98687744140625
0.004553728,9.98687744140625,9.98687744140625
0.004554752,9.97161865234375,9.98687744140625
0.004555776,9.9945068359375,9.98687744140625
0.0045568,9.98687744140625,9.98687744140625
0.004557824,9.9945068359375,9.98687744140625
0.004558848,9.9945068359375,9.98687744140625
0.004559872,9.98687744140625,9.98687744140625
0.004560896,9.9945068359375,9.98687744140625
0.00456192,10.00213623046875,9.98687744140625
0.004562944,10.009765625,9.98687744140625
0.004563968,9.98687744140625,9.98687744140625
0.004564992,10.009765625,9.98687744140625
0.004566016,9.979248046875,9.98687744140625
0.00456704,9.98687744140625,9.98687744140625
0.004568064,10.00213623046875,9.9945068359375
0.004569088,10.009765625,9.98687744140625
0.004570112,9.9639892578125,9.98687744140625
0.004571136,10.00213623046875,9.98687744140625
0.00457216,9.95635986328125,9.98687744140625
0.004573184,10.009765625,9.98687744140625
0.004574208,9.94873046875,9.98687744140625
0.004575232,10.009765625,9.98687744140625
0.004576256,9.95635986328125,9.98687744140625
0.00457728,10.01739501953125,9.98687744140625
0.004578304,9.979248046875,9.98687744140625
0.004579328,10.009765625,9.98687744140625
0.004580352,9.97161865234375,9.98687744140625
0.004581376,10.03265380859375,9.98687744140625
0.0045824,9.98687744140625,9.98687744140625
0.004583424,10.009765625,9.98687744140625
0.004584448,9.979248046875,9.98687744140625
0.004585472,9.9945068359375,9.98687744140625
0.004586496,9.9945068359375,9.98687744140625
0.00458752,9.9945068359375,9.98687744140625
0.004588544,9.98687744140625,9.98687744140625
0.004589568,9.95635986328125,9.98687744140625
0.004590592,9.9945068359375,9.98687744140625
0.004591616,9.98687744140625,9.98687744140625
0.00459264,9.9945068359375,9.98687744140625
0.004593664,10.009765625,9.98687744140625
0.004594688,9.98687744140625,9.98687744140625
0.004595712,10.009765625,9.98687744140625
0.004596736,9.9639892578125,9.98687744140625
0.00459776,10.00213623046875,9.98687744140625
0.004598784,9.979248046875,9.98687744140625
0.004599808,10.00213623046875,9.98687744140625
0.004600832,10.01739501953125,9.98687744140625
0.004601856,9.9945068359375,9.98687744140625
0.00460288,10.00213623046875,9.98687744140625
0.004603904,9.9639892578125,9.98687744140625
0.004604928,10.00213623046875,9.98687744140625
0.004605952,9.979248046875,9.98687744140625
0.004606976,9.98687744140625,9.98687744140625
0.004608,9.9945068359375,9.98687744140625
0.004609024,10.00213623046875,9.98687744140625
0.004610048,9.9945068359375,9.98687744140625
0.004611072,10.009765625,9.98687744140625
0.004612096,9.97161865234375,9.98687744140625
0.00461312,10.03265380859375,9.98687744140625
0.004614144,9.94110107421875,9.98687744140625
0.004615168,10.009765625,9.98687744140625
0.004616192,9.979248046875,9.98687744140625
0.004617216,9.97161865234375,9.98687744140625
0.00461824,9.9945068359375,9.98687744140625
0.004619264,10.009765625,9.98687744140625
0.004620288,9.9639892578125,9.98687744140625
0.004621312,9.98687744140625,9.98687744140625
0.004622336,9.97161865234375,9.98687744140625
0.00462336,9.979248046875,9.9945068359375
0.004624384,9.98687744140625,9.98687744140625
0.004625408,9.979248046875,9.98687744140625
0.004626432,9.98687744140625,9.98687744140625
0.004627456,10.00213623046875,9.98687744140625
0.00462848,10.009765625,9.98687744140625
0.004629504,9.97161865234375,9.98687744140625
0.004630528,10.03265380859375,9.98687744140625
0.004631552,9.979248046875,9.98687744140625
0.004632576,9.9945068359375,9.98687744140625
0.0046336,10.01739501953125,9.98687744140625
0.004634624,9.979248046875,9.98687744140625
0.004635648,9.9945068359375,9.98687744140625
0.004636672,10.00213623046875,9.98687744140625
0.004637696,10.009765625,9.98687744140625
0.00463872,9.9639892578125,9.98687744140625
0.004639744,10.00213623046875,9.98687744140625
0.004640768,9.979248046875,9.98687744140625
0.004641792,9.9639892578125,9.98687744140625
0.004642816,9.97161865234375,9.98687744140625
0.00464384,9.97161865234375,9.98687744140625
0.004644864,10.00213623046875,9.98687744140625
0.004645888,10.01739501953125,9.98687744140625
0.004646912,9.98687744140625,9.98687744140625
0.004647936,10.00213623046875,9.98687744140625
0.00464896,10.01739501953125,9.98687744140625
0.004649984,9.9945068359375,9.98687744140625
0.004651008,10.01739501953125,9.98687744140625
0.004652032,9.9945068359375,9.98687744140625
0.004653056,10.009765625,9.98687744140625
0.00465408,9.9639892578125,9.98687744140625
0.004655104,9.9945068359375,9.98687744140625
0.004656128,9.98687744140625,9.98687744140625
0.004657152,9.979248046875,9.98687744140625
0.004658176,9.979248046875,9.98687744140625
0.0046592,9.979248046875,9.98687744140625
0.004660224,9.9945068359375,9.98687744140625
0.004661248,9.9945068359375,9.98687744140625
0.004662272,10.009765625,9.98687744140625
0.004663296,9.97161865234375,9.98687744140625
0.00466432,10.00213623046875,9.98687744140625
0.004665344,9.9945068359375,9.98687744140625
0.004666368,10.01739501953125,9.98687744140625
0.004667392,9.98687744140625,9.98687744140625
0.004668416,10.00213623046875,9.98687744140625
0.00466944,9.9639892578125,9.98687744140625
0.004670464,10.0250244140625,9.98687744140625
0.004671488,9.94873046875,9.98687744140625
0.004672512,10.00213623046875,9.98687744140625
0.004673536,9.97161865234375,9.98687744140625
0.00467456,9.979248046875,9.98687744140625
0.004675584,9.98687744140625,9.98687744140625
0.004676608,9.98687744140625,9.98687744140625
0.004677632,9.9945068359375,9.98687744140625
0.004678656,10.01739501953125,9.98687744140625
0.00467968,9.979248046875,9.98687744140625
0.004680704,10.009765625,9.98687744140625
0.004681728,9.97161865234375,9.98687744140625
0.004682752,10.01739501953125,9.98687744140625
0.004683776,10.009765625,9.98687744140625
0.0046848,9.979248046875,9.98687744140625
0.004685824,9.9945068359375,9.98687744140625
0.004686848,9.979248046875,9.98687744140625
0.004687872,9.979248046875,9.98687744140625
0.004688896,9.95635986328125,9.98687744140625
0.00468992,9.9945068359375,9.98687744140625
0.004690944,10.00213623046875,9.98687744140625
0.004691968,9.97161865234375,9.98687744140625
0.004692992,9.9945068359375,9.98687744140625
0.004694016,10.00213623046875,9.98687744140625
0.00469504,9.9639892578125,9.98687744140625
0.004696064,10.03265380859375,9.98687744140625
0.004697088,9.9945068359375,9.98687744140625
0.004698112,10.009765625,9.98687744140625
0.004699136,9.979248046875,9.98687744140625
0.00470016,10.00213623046875,9.98687744140625
0.004701184,9.979248046875,9.98687744140625
0.004702208,10.00213623046875,9.98687744140625
0.004703232,10.009765625,9.98687744140625
0.004704256,9.9639892578125,9.98687744140625
0.00470528,10.00213623046875,9.98687744140625
0.004706304,9.95635986328125,9.98687744140625
0.004707328,10.009765625,9.98687744140625
0.004708352,9.9639892578125,9.98687744140625
0.004709376,10.009765625,9.98687744140625
0.0047104,9.979248046875,9.98687744140625
0.004711424,9.9945068359375,9.98687744140625
0.004712448,10.00213623046875,9.98687744140625
0.004713472,9.97161865234375,9.98687744140625
0.004714496,10.00213623046875,9.98687744140625
0.00471552,10.009765625,9.98687744140625
0.004716544,9.979248046875,9.98687744140625
0.004717568,10.009765625,9.98687744140625
0.004718592,9.95635986328125,9.98687744140625
0.004719616,10.00213623046875,9.98687744140625
0.00472064,9.94873046875,9.98687744140625
0.004721664,10.00213623046875,9.98687744140625
0.004722688,9.979248046875,9.98687744140625
0.004723712,9.9945068359375,9.98687744140625
0.004724736,9.9945068359375,9.98687744140625
0.00472576,9.9945068359375,9.98687744140625
0.004726784,10.00213623046875,9.9945068359375
0.004727808,10.00213623046875,9.98687744140625
0.004728832,9.979248046875,9.98687744140625
0.004729856,10.0250244140625,9.98687744140625
0.00473088,9.98687744140625,9.98687744140625
0.004731904,9.9945068359375,9.98687744140625
0.004732928,9.98687744140625,9.98687744140625
0.004733952,9.979248046875,9.98687744140625
0.004734976,9.979248046875,9.98687744140625
0.004736,9.98687744140625,9.98687744140625
0.004737024,9.9945068359375,9.98687744140625
0.004738048,9.9945068359375,9.98687744140625
0.004739072,9.98687744140625,9.98687744140625
0.004740096,9.98687744140625,9.98687744140625
0.00474112,10.00213623046875,9.9945068359375
0.004742144,10.00213623046875,9.98687744140625
0.004743168,10.01739501953125,9.98687744140625
0.004744192,9.97161865234375,9.98687744140625
0.004745216,10.009765625,9.98687744140625
0.00474624,9.95635986328125,9.98687744140625
0.004747264,10.040283203125,9.98687744140625
0.004748288,9.95635986328125,9.98687744140625
0.004749312,10.01739501953125,9.98687744140625
0.004750336,9.979248046875,9.9945068359375
0.00475136,9.9945068359375,9.98687744140625
0.004752384,9.97161865234375,9.98687744140625
0.004753408,9.979248046875,9.98687744140625
0.004754432,9.979248046875,9.98687744140625
0.004755456,9.98687744140625,9.98687744140625
0.00475648,9.98687744140625,9.98687744140625
0.004757504,9.979248046875,9.98687744140625
0.004758528,10.009765625,9.98687744140625
0.004759552,9.9639892578125,9.98687744140625
0.004760576,10.01739501953125,9.98687744140625
0.0047616,9.9639892578125,9.98687744140625
0.004762624,10.009765625,9.98687744140625
0.004763648,9.979248046875,9.98687744140625
0.004764672,9.9945068359375,9.98687744140625
0.004765696,10.00213623046875,9.98687744140625
0.00476672,10.00213623046875,9.98687744140625
0.004767744,9.9639892578125,9.98687744140625
0.004768768,10.01739501953125,9.98687744140625
0.004769792,9.95635986328125,9.98687744140625
0.004770816,10.00213623046875,9.98687744140625
0.00477184,9.94873046875,9.98687744140625
0.004772864,9.98687744140625,9.98687744140625
0.004773888,9.98687744140625,9.98687744140625
0.004774912,9.9945068359375,9.98687744140625
0.004775936,10.009765625,9.98687744140625
0.00477696,9.9945068359375,9.98687744140625
0.004777984,9.9945068359375,9.98687744140625
0.004779008,9.979248046875,9.98687744140625
0.004780032,9.97161865234375,9.98687744140625
0.004781056,10.00213623046875,9.98687744140625
0.00478208,9.9945068359375,9.98687744140625
0.004783104,10.009765625,9.98687744140625
0.004784128,9.98687744140625,9.98687744140625
0.004785152,9.97161865234375,9.98687744140625
0.004786176,9.97161865234375,9.98687744140625
0.0047872,10.00213623046875,9.98687744140625
0.004788224,9.9945068359375,9.98687744140625
0.004789248,10.009765625,9.98687744140625
0.004790272,9.9945068359375,9.98687744140625
0.004791296,9.98687744140625,9.98687744140625
0.00479232,10.00213623046875,9.98687744140625
0.004793344,10.00213623046875,9.98687744140625
0.004794368,10.00213623046875,9.98687744140625
0.004795392,10.009765625,9.98687744140625
0.004796416,9.97161865234375,9.98687744140625
0.00479744,10.00213623046875,9.98687744140625
0.004798464,9.9945068359375,9.98687744140625
0.004799488,10.00213623046875,9.98687744140625
0.004800512,9.95635986328125,9.98687744140625
0.004801536,10.0250244140625,9.98687744140625
0.00480256,9.9639892578125,9.98687744140625
0.004803584,10.00213623046875,9.98687744140625
0.004804608,9.9945068359375,9.98687744140625
0.004805632,9.9945068359375,9.98687744140625
0.004806656,9.9945068359375,9.98687744140625
0.00480768,9.98687744140625,9.98687744140625
0.004808704,9.97161865234375,9.98687744140625
0.004809728,9.9945068359375,9.98687744140625
0.004810752,10.00213623046875,9.98687744140625
0.004811776,10.009765625,9.98687744140625
0.0048128,9.97161865234375,9.98687744140625
0.004813824,10.00213623046875,9.98687744140625
0.004814848,10.00213623046875,9.98687744140625
0.004815872,9.97161865234375,9.98687744140625
0.004816896,9.9945068359375,9.98687744140625
0.00481792,10.009765625,9.98687744140625
0.004818944,9.9639892578125,9.98687744140625
0.004819968,10.009765625,9.98687744140625
0.004820992,9.95635986328125,9.98687744140625
0.004822016,9.9945068359375,9.98687744140625
0.00482304,9.9945068359375,9.98687744140625
0.004824064,9.9945068359375,9.9945068359375
0.004825088,9.98687744140625,9.98687744140625
0.004826112,9.979248046875,9.9945068359375
0.004827136,9.98687744140625,9.98687744140625
0.00482816,9.9945068359375,9.98687744140625
0.004829184,10.009765625,9.98687744140625
0.004830208,9.9945068359375,9.98687744140625
0.004831232,10.009765625,9.98687744140625
0.004832256,9.97161865234375,9.98687744140625
0.00483328,9.9945068359375,9.98687744140625
0.004834304,10.00213623046875,9.98687744140625
0.004835328,9.979248046875,9.98687744140625
0.004836352,9.979248046875,9.98687744140625
0.004837376,9.9945068359375,9.98687744140625
0.0048384,9.97161865234375,9.98687744140625
0.004839424,9.98687744140625,9.98687744140625
0.004840448,9.98687744140625,9.98687744140625
0.004841472,9.9945068359375,9.98687744140625
0.004842496,9.9945068359375,9.98687744140625
0.00484352,9.9945068359375,9.98687744140625
0.004844544,9.9945068359375,9.98687744140625
0.004845568,9.9945068359375,9.98687744140625
0.004846592,10.009765625,9.98687744140625
0.004847616,9.979248046875,9.98687744140625
0.00484864,9.9945068359375,9.98687744140625
0.004849664,9.9945068359375,9.98687744140625
0.004850688,10.01739501953125,9.98687744140625
0.004851712,9.97161865234375,9.98687744140625
0.004852736,10.009765625,9.98687744140625
0.00485376,9.97161865234375,9.98687744140625
0.004854784,10.009765625,9.98687744140625
0.004855808,9.95635986328125,9.98687744140625
0.004856832,10.00213623046875,9.98687744140625
0.004857856,10.00213623046875,9.98687744140625
0.00485888,9.9945068359375,9.98687744140625
0.004859904,10.00213623046875,9.98687744140625
0.004860928,9.97161865234375,9.98687744140625
0.004861952,10.01739501953125,9.98687744140625
0.004862976,9.9639892578125,9.98687744140625
0.004864,10.01739501953125,9.98687744140625
0.004865024,9.9639892578125,9.98687744140625
0.004866048,10.0250244140625,9.98687744140625
0.004867072,9.98687744140625,9.98687744140625
0.004868096,10.009765625,9.98687744140625
0.00486912,9.98687744140625,9.98687744140625
0.004870144,9.979248046875,9.98687744140625
0.004871168,9.97161865234375,9.98687744140625
0.004872192,9.98687744140625,9.9945068359375
0.004873216,9.97161865234375,9.98687744140625
0.00487424,10.009765625,9.98687744140625
0.004875264,9.9639892578125,9.98687744140625
0.004876288,10.03265380859375,9.98687744140625
0.004877312,9.95635986328125,9.98687744140625
0.004878336,10.0250244140625,9.98687744140625
0.00487936,9.95635986328125,9.98687744140625
0.004880384,10.009765625,9.98687744140625
0.004881408,9.979248046875,9.98687744140625
0.004882432,10.00213623046875,9.98687744140625
0.004883456,9.979248046875,9.98687744140625
0.00488448,9.98687744140625,9.98687744140625
0.004885504,9.9945068359375,9.98687744140625
0.004886528,10.00213623046875,9.98687744140625
0.004887552,9.9639892578125,9.98687744140625
0.004888576,10.0250244140625,9.98687744140625
0.0048896,9.95635986328125,9.98687744140625
0.004890624,9.9945068359375,9.98687744140625
0.004891648,9.98687744140625,9.98687744140625
0.004892672,9.979248046875,9.98687744140625
0.004893696,9.979248046875,9.98687744140625
0.00489472,9.98687744140625,9.98687744140625
0.004895744,9.9945068359375,9.98687744140625
0.004896768,9.98687744140625,9.98687744140625
0.004897792,10.00213623046875,9.98687744140625
0.004898816,9.9639892578125,9.98687744140625
0.00489984,10.01739501953125,9.98687744140625
0.004900864,9.97161865234375,9.98687744140625
0.004901888,9.9945068359375,9.98687744140625
0.004902912,10.00213623046875,9.98687744140625
0.004903936,9.9945068359375,9.98687744140625
0.00490496,10.009765625,9.98687744140625
0.004905984,9.9639892578125,9.98687744140625
0.004907008,10.009765625,9.98687744140625
0.004908032,9.9639892578125,9.98687744140625
0.004909056,10.009765625,9.98687744140625
0.00491008,9.9639892578125,9.98687744140625
0.004911104,9.9945068359375,9.98687744140625
0.004912128,10.009765625,9.98687744140625
0.004913152,9.97161865234375,9.98687744140625
0.004914176,10.03265380859375,9.98687744140625
0.0049152,9.98687744140625,9.98687744140625
0.004916224,9.979248046875,9.98687744140625
0.004917248,9.97161865234375,9.98687744140625
0.004918272,10.00213623046875,9.98687744140625
0.004919296,10.00213623046875,9.98687744140625
0.00492032,10.01739501953125,9.98687744140625
0.004921344,10.00213623046875,9.98687744140625
0.004922368,9.9639892578125,9.98687744140625
0.004923392,10.009765625,9.98687744140625
0.004924416,9.95635986328125,9.98687744140625
0.00492544,10.00213623046875,9.98687744140625
0.004926464,9.9639892578125,9.98687744140625
0.004927488,10.03265380859375,9.98687744140625
0.004928512,9.95635986328125,9.98687744140625
0.004929536,10.0250244140625,9.98687744140625
0.00493056,9.979248046875,9.98687744140625
0.004931584,9.98687744140625,9.98687744140625
0.004932608,10.00213623046875,9.98687744140625
0.004933632,9.9945068359375,9.98687744140625
0.004934656,9.9945068359375,9.98687744140625
0.00493568,10.00213623046875,9.98687744140625
0.004936704,9.95635986328125,9.98687744140625
0.004937728,10.01739501953125,9.98687744140625
0.004938752,9.97161865234375,9.98687744140625
0.004939776,9.9945068359375,9.98687744140625
0.0049408,9.979248046875,9.98687744140625
0.004941824,9.97161865234375,9.98687744140625
0.004942848,10.00213623046875,9.98687744140625
0.004943872,9.98687744140625,9.98687744140625
0.004944896,9.979248046875,9.98687744140625
0.00494592,9.9945068359375,9.98687744140625
0.004946944,10.009765625,9.98687744140625
0.004947968,9.979248046875,9.98687744140625
0.004948992,9.97161865234375,9.98687744140625
0.004950016,9.98687744140625,9.98687744140625
0.00495104,9.98687744140625,9.98687744140625
0.004952064,9.98687744140625,9.98687744140625
0.004953088,9.9945068359375,9.98687744140625
0.004954112,10.009765625,9.98687744140625
0.004955136,9.9639892578125,9.98687744140625
0.00495616,10.01739501953125,9.98687744140625
0.004957184,9.9639892578125,9.98687744140625
0.004958208,10.009765625,9.98687744140625
0.004959232,9.95635986328125,9.98687744140625
0.004960256,9.9945068359375,9.98687744140625
0.00496128,9.98687744140625,9.98687744140625
0.004962304,9.9639892578125,9.98687744140625
0.004963328,9.98687744140625,9.98687744140625
0.004964352,9.98687744140625,9.98687744140625
0.004965376,9.9945068359375,9.98687744140625
0.0049664,10.00213623046875,9.98687744140625
0.004967424,10.01739501953125,9.98687744140625
0.004968448,9.97161865234375,9.98687744140625
0.004969472,10.00213623046875,9.98687744140625
0.004970496,9.97161865234375,9.98687744140625
0.00497152,10.0250244140625,9.98687744140625
0.004972544,9.98687744140625,9.98687744140625
0.004973568,10.009765625,9.98687744140625
0.004974592,9.979248046875,9.98687744140625
0.004975616,9.979248046875,9.98687744140625
0.00497664,9.97161865234375,9.98687744140625
0.004977664,10.00213623046875,9.98687744140625
0.004978688,9.9945068359375,9.98687744140625
0.004979712,9.98687744140625,9.9945068359375
0.004980736,9.9945068359375,9.98687744140625
0.00498176,9.9945068359375,9.98687744140625
0.004982784,9.98687744140625,9.98687744140625
0.004983808,9.9945068359375,9.98687744140625
0.004984832,9.9945068359375,9.98687744140625
0.004985856,9.9945068359375,9.98687744140625
0.00498688,9.979248046875,9.98687744140625
0.004987904,10.00213623046875,9.98687744140625
0.004988928,9.97161865234375,9.98687744140625
0.004989952,9.9945068359375,9.98687744140625
0.004990976,10.009765625,9.98687744140625
0.004992,9.97161865234375,9.98687744140625
0.004993024,9.979248046875,9.98687744140625
0.004994048,9.979248046875,9.98687744140625
0.004995072,9.979248046875,9.98687744140625
0.004996096,9.98687744140625,9.98687744140625
0.00499712,9.98687744140625,9.98687744140625
0.004998144,10.009765625,9.98687744140625
0.004999168,9.9639892578125,9.98687744140625
0.005000192,10.01739501953125,9.98687744140625
0.005001216,9.979248046875,9.98687744140625
0.00500224,9.979248046875,9.98687744140625
0.005003264,10.009765625,9.98687744140625
0.005004288,10.00213623046875,9.98687744140625
0.005005312,10.009765625,9.98687744140625
0.005006336,9.97161865234375,9.98687744140625
0.00500736,9.979248046875,9.98687744140625
0.005008384,9.97161865234375,9.9945068359375
0.005009408,10.00213623046875,9.98687744140625
0.005010432,9.98687744140625,9.9945068359375
0.005011456,9.979248046875,9.98687744140625
0.00501248,9.98687744140625,9.98687744140625
0.005013504,9.98687744140625,9.98687744140625
0.005014528,9.98687744140625,9.98687744140625
0.005015552,9.9945068359375,9.98687744140625
0.005016576,10.00213623046875,9.98687744140625
0.0050176,10.009765625,9.98687744140625
0.005018624,9.9639892578125,9.98687744140625
0.005019648,10.009765625,9.98687744140625
0.005020672,9.9639892578125,9.9945068359375
0.005021696,10.009765625,9.98687744140625
0.00502272,9.97161865234375,9.98687744140625
0.005023744,10.01739501953125,9.98687744140625
0.005024768,9.9639892578125,9.98687744140625
0.005025792,10.009765625,9.98687744140625
0.005026816,9.97161865234375,9.98687744140625
0.00502784,9.979248046875,9.98687744140625
0.005028864,9.9639892578125,9.98687744140625
0.005029888,10.00213623046875,9.98687744140625
0.005030912,9.979248046875,9.98687744140625
0.005031936,9.979248046875,9.98687744140625
0.00503296,9.9945068359375,9.98687744140625
0.005033984,9.9945068359375,9.98687744140625
0.005035008,10.009765625,9.98687744140625
0.005036032,9.9639892578125,9.98687744140625
0.005037056,10.009765625,9.98687744140625
0.00503808,9.97161865234375,9.98687744140625
0.005039104,10.009765625,9.98687744140625
0.005040128,9.979248046875,9.98687744140625
0.005041152,10.00213623046875,9.98687744140625
0.005042176,10.009765625,9.98687744140625
0.0050432,9.9639892578125,9.98687744140625
0.005044224,9.98687744140625,9.98687744140625
0.005045248,9.979248046875,9.98687744140625
0.005046272,9.9639892578125,9.98687744140625
0.005047296,10.00213623046875,9.98687744140625
0.00504832,10.00213623046875,9.98687744140625
0.005049344,10.00213623046875,9.98687744140625
0.005050368,10.00213623046875,9.98687744140625
0.005051392,9.98687744140625,9.98687744140625
0.005052416,9.97161865234375,9.98687744140625
0.00505344,9.9945068359375,9.98687744140625
0.005054464,9.97161865234375,9.98687744140625
0.005055488,10.009765625,9.98687744140625
0.005056512,9.979248046875,9.98687744140625
0.005057536,10.009765625,9.98687744140625
0.00505856,9.98687744140625,9.98687744140625
0.005059584,9.98687744140625,9.98687744140625
0.005060608,9.98687744140625,9.98687744140625
0.005061632,9.97161865234375,9.98687744140625
0.005062656,9.9945068359375,9.98687744140625
0.00506368,9.98687744140625,9.98687744140625
0.005064704,9.979248046875,9.98687744140625
0.005065728,9.979248046875,9.98687744140625
0.005066752,9.9945068359375,9.98687744140625
0.005067776,9.979248046875,9.98687744140625
0.0050688,9.9945068359375,9.98687744140625
0.005069824,9.9945068359375,9.98687744140625
0.005070848,9.9945068359375,9.98687744140625
0.005071872,10.009765625,9.98687744140625
0.005072896,9.95635986328125,9.98687744140625
0.00507392,10.009765625,9.98687744140625
0.005074944,9.979248046875,9.98687744140625
0.005075968,10.0250244140625,9.98687744140625
0.005076992,9.97161865234375,9.98687744140625
0.005078016,10.01739501953125,9.98687744140625
0.00507904,9.95635986328125,9.98687744140625
0.005080064,9.9945068359375,9.98687744140625
0.005081088,9.979248046875,9.98687744140625
0.005082112,9.9945068359375,9.98687744140625
0.005083136,9.98687744140625,9.98687744140625
0.00508416,9.98687744140625,9.98687744140625
0.005085184,10.00213623046875,9.98687744140625
0.005086208,10.00213623046875,9.98687744140625
0.005087232,9.98687744140625,9.98687744140625
0.005088256,9.98687744140625,9.98687744140625
0.00508928,10.009765625,9.98687744140625
0.005090304,9.979248046875,9.98687744140625
0.005091328,10.01739501953125,9.98687744140625
0.005092352,9.979248046875,9.98687744140625
0.005093376,10.00213623046875,9.98687744140625
0.0050944,10.009765625,9.98687744140625
0.005095424,10.0250244140625,9.98687744140625
0.005096448,9.95635986328125,9.98687744140625
0.005097472,9.9945068359375,9.98687744140625
0.005098496,9.9639892578125,9.98687744140625
0.00509952,9.979248046875,9.98687744140625
0.005100544,10.00213623046875,9.98687744140625
0.005101568,9.9945068359375,9.98687744140625
0.005102592,10.009765625,9.9945068359375
0.005103616,10.009765625,9.98687744140625
0.00510464,9.979248046875,9.98687744140625
0.005105664,9.9945068359375,9.98687744140625
0.005106688,10.00213623046875,9.98687744140625
0.005107712,10.009765625,9.98687744140625
0.005108736,9.98687744140625,9.98687744140625
0.00510976,10.009765625,9.98687744140625
0.005110784,9.97161865234375,9.98687744140625
0.005111808,10.0250244140625,9.98687744140625
0.005112832,9.97161865234375,9.98687744140625
0.005113856,10.009765625,9.98687744140625
0.00511488,9.95635986328125,9.98687744140625
0.005115904,10.00213623046875,9.98687744140625
0.005116928,9.98687744140625,9.98687744140625
0.005117952,9.97161865234375,9.98687744140625
0.005118976,10.009765625,9.98687744140625
0.00512,9.9639892578125,9.98687744140625
0.005121024,10.01739501953125,9.98687744140625
0.005122048,9.979248046875,9.98687744140625
0.005123072,9.98687744140625,9.98687744140625
0.005124096,10.00213623046875,9.98687744140625
0.00512512,10.00213623046875,9.98687744140625
0.005126144,10.00213623046875,9.98687744140625
0.005127168,9.9945068359375,9.98687744140625
0.005128192,10.00213623046875,9.98687744140625
0.005129216,10.009765625,9.98687744140625
0.00513024,9.979248046875,9.9945068359375
0.005131264,9.9945068359375,9.9945068359375
0.005132288,9.9945068359375,9.98687744140625
0.005133312,9.979248046875,9.98687744140625
0.005134336,9.98687744140625,9.98687744140625
0.00513536,9.979248046875,9.98687744140625
0.005136384,9.979248046875,9.98687744140625
0.005137408,9.98687744140625,9.98687744140625
0.005138432,10.00213623046875,9.98687744140625
0.005139456,10.009765625,9.98687744140625
0.00514048,9.97161865234375,9.98687744140625
0.005141504,10.00213623046875,9.98687744140625
0.005142528,9.979248046875,9.98687744140625
0.005143552,9.97161865234375,9.98687744140625
0.005144576,10.0250244140625,9.98687744140625
0.0051456,9.97161865234375,9.98687744140625
0.005146624,10.01739501953125,9.98687744140625
0.005147648,9.98687744140625,9.98687744140625
0.005148672,10.00213623046875,9.98687744140625
0.005149696,10.009765625,9.98687744140625
0.00515072,9.94110107421875,9.98687744140625
0.005151744,9.9945068359375,9.98687744140625
0.005152768,10.00213623046875,9.98687744140625
0.005153792,9.9945068359375,9.98687744140625
0.005154816,10.00213623046875,9.98687744140625
0.00515584,9.95635986328125,9.98687744140625
0.005156864,10.01739501953125,9.98687744140625
0.005157888,9.9639892578125,9.98687744140625
0.005158912,10.009765625,9.98687744140625
0.005159936,9.97161865234375,9.98687744140625
0.00516096,10.009765625,9.98687744140625
0.005161984,9.979248046875,9.98687744140625
0.005163008,9.9945068359375,9.98687744140625
0.005164032,9.9945068359375,9.98687744140625
0.005165056,9.9945068359375,9.98687744140625
0.00516608,9.979248046875,9.98687744140625
0.005167104,9.979248046875,9.98687744140625
0.005168128,9.97161865234375,9.98687744140625
0.005169152,9.9945068359375,9.98687744140625
0.005170176,9.98687744140625,9.98687744140625
0.0051712,9.9945068359375,9.98687744140625
0.005172224,9.98687744140625,9.98687744140625
0.005173248,10.009765625,9.98687744140625
0.005174272,9.9639892578125,9.98687744140625
0.005175296,10.0250244140625,9.98687744140625
0.00517632,9.97161865234375,9.98687744140625
0.005177344,10.009765625,9.98687744140625
0.005178368,9.97161865234375,9.98687744140625
0.005179392,10.00213623046875,9.98687744140625
0.005180416,9.98687744140625,9.98687744140625
0.00518144,10.00213623046875,9.98687744140625
0.005182464,10.009765625,9.98687744140625
0.005183488,9.95635986328125,9.98687744140625
0.005184512,10.00213623046875,9.98687744140625
0.005185536,9.97161865234375,9.98687744140625
0.00518656,9.97161865234375,9.98687744140625
0.005187584,9.9945068359375,9.98687744140625
0.005188608,9.979248046875,9.98687744140625
0.005189632,10.00213623046875,9.98687744140625
0.005190656,9.9945068359375,9.98687744140625
0.00519168,10.009765625,9.98687744140625
0.005192704,9.979248046875,9.98687744140625
0.005193728,9.98687744140625,9.98687744140625
0.005194752,10.00213623046875,9.98687744140625
0.005195776,10.009765625,9.98687744140625
0.0051968,9.97161865234375,9.98687744140625
0.005197824,9.98687744140625,9.98687744140625
0.005198848,9.9945068359375,9.98687744140625
0.005199872,9.98687744140625,9.98687744140625
0.005200896,9.979248046875,9.98687744140625
0.00520192,9.98687744140625,9.98687744140625
0.005202944,9.979248046875,9.98687744140625
0.005203968,9.98687744140625,9.98687744140625
0.005204992,9.98687744140625,9.98687744140625
0.005206016,9.9945068359375,9.98687744140625
0.00520704,9.9945068359375,9.98687744140625
0.005208064,9.98687744140625,9.98687744140625
0.005209088,9.98687744140625,9.98687744140625
0.005210112,9.9945068359375,9.98687744140625
0.005211136,10.00213623046875,9.98687744140625
0.00521216,10.00213623046875,9.98687744140625
0.005213184,10.00213623046875,9.98687744140625
0.005214208,10.01739501953125,9.98687744140625
0.005215232,9.979248046875,9.98687744140625
0.005216256,10.009765625,9.98687744140625
0.00521728,9.98687744140625,9.98687744140625
0.005218304,9.979248046875,9.98687744140625
0.005219328,9.98687744140625,9.98687744140625
0.005220352,9.97161865234375,9.98687744140625
0.005221376,9.9945068359375,9.98687744140625
0.0052224,9.98687744140625,9.98687744140625
0.005223424,9.979248046875,9.98687744140625
0.005224448,10.00213623046875,9.98687744140625
0.005225472,10.009765625,9.98687744140625
0.005226496,9.97161865234375,9.98687744140625
0.00522752,10.00213623046875,9.98687744140625
0.005228544,9.97161865234375,9.98687744140625
0.005229568,9.98687744140625,9.98687744140625
0.005230592,9.979248046875,9.98687744140625
0.005231616,9.9945068359375,9.98687744140625
0.00523264,10.009765625,9.98687744140625
0.005233664,9.98687744140625,9.98687744140625
0.005234688,10.01739501953125,9.98687744140625
0.005235712,9.979248046875,9.98687744140625
0.005236736,9.98687744140625,9.98687744140625
0.00523776,9.98687744140625,9.98687744140625
0.005238784,9.98687744140625,9.98687744140625
0.005239808,9.979248046875,9.98687744140625
0.005240832,9.9945068359375,9.98687744140625
0.005241856,9.9945068359375,9.98687744140625
0.00524288,9.9945068359375,9.98687744140625
0.005243904,9.9945068359375,9.98687744140625
0.005244928,9.98687744140625,9.98687744140625
0.005245952,9.98687744140625,9.98687744140625
0.005246976,10.00213623046875,9.98687744140625
0.005248,10.00213623046875,9.98687744140625
0.005249024,10.009765625,9.98687744140625
0.005250048,9.97161865234375,9.98687744140625
0.005251072,10.0250244140625,9.98687744140625
0.005252096,9.979248046875,9.98687744140625
0.00525312,9.9945068359375,9.98687744140625
0.005254144,9.9945068359375,9.98687744140625
0.005255168,9.9945068359375,9.9945068359375
0.005256192,9.97161865234375,9.98687744140625
0.005257216,9.9945068359375,9.98687744140625
0.00525824,9.98687744140625,9.98687744140625
0.005259264,9.98687744140625,9.98687744140625
0.005260288,9.9945068359375,9.98687744140625
0.005261312,9.9945068359375,9.98687744140625
0.005262336,9.9945068359375,9.98687744140625
0.00526336,9.98687744140625,9.98687744140625
0.005264384,9.98687744140625,9.98687744140625
0.005265408,9.979248046875,9.98687744140625
0.005266432,9.9945068359375,9.98687744140625
0.005267456,10.0250244140625,9.98687744140625
0.00526848,9.98687744140625,9.98687744140625
0.005269504,10.009765625,9.98687744140625
0.005270528,9.95635986328125,9.98687744140625
0.005271552,9.9945068359375,9.98687744140625
0.005272576,9.9639892578125,9.98687744140625
0.0052736,9.98687744140625,9.98687744140625
0.005274624,9.979248046875,9.98687744140625
0.005275648,9.979248046875,9.98687744140625
0.005276672,9.9945068359375,9.98687744140625
0.005277696,10.009765625,9.98687744140625
0.00527872,9.9639892578125,9.98687744140625
0.005279744,10.009765625,9.9945068359375
0.005280768,10.0250244140625,9.98687744140625
0.005281792,9.979248046875,9.98687744140625
0.005282816,9.98687744140625,9.98687744140625
0.00528384,10.009765625,9.98687744140625
0.005284864,9.97161865234375,9.98687744140625
0.005285888,10.01739501953125,9.98687744140625
0.005286912,9.9639892578125,9.98687744140625
0.005287936,10.0250244140625,9.98687744140625
0.00528896,9.979248046875,9.98687744140625
0.005289984,9.979248046875,9.98687744140625
0.005291008,9.98687744140625,9.98687744140625
0.005292032,9.98687744140625,9.98687744140625
0.005293056,9.979248046875,9.98687744140625
0.00529408,9.979248046875,9.98687744140625
0.005295104,9.97161865234375,9.98687744140625
0.005296128,10.01739501953125,9.98687744140625
0.005297152,9.97161865234375,9.98687744140625
0.005298176,10.009765625,9.98687744140625
0.0052992,9.97161865234375,9.98687744140625
0.005300224,10.01739501953125,9.98687744140625
0.005301248,9.979248046875,9.98687744140625
0.005302272,9.9945068359375,9.98687744140625
0.005303296,9.98687744140625,9.98687744140625
0.00530432,9.98687744140625,9.98687744140625
0.005305344,9.98687744140625,9.98687744140625
0.005306368,10.00213623046875,9.98687744140625
0.005307392,10.00213623046875,9.98687744140625
0.005308416,9.97161865234375,9.98687744140625
0.00530944,9.9945068359375,9.98687744140625
0.005310464,9.98687744140625,9.98687744140625
0.005311488,9.979248046875,9.98687744140625
0.005312512,9.9945068359375,9.98687744140625
0.005313536,9.9639892578125,9.98687744140625
0.00531456,9.98687744140625,9.98687744140625
0.005315584,9.97161865234375,9.98687744140625
0.005316608,10.009765625,9.98687744140625
0.005317632,10.009765625,9.98687744140625
0.005318656,9.9945068359375,9.98687744140625
0.00531968,10.009765625,9.98687744140625
0.005320704,9.979248046875,9.98687744140625
0.005321728,10.00213623046875,9.98687744140625
0.005322752,10.00213623046875,9.98687744140625
0.005323776,10.00213623046875,9.98687744140625
0.0053248,10.01739501953125,9.98687744140625
0.005325824,9.97161865234375,9.98687744140625
0.005326848,9.98687744140625,9.98687744140625
0.005327872,9.98687744140625,9.98687744140625
0.005328896,9.979248046875,9.98687744140625
0.00532992,9.97161865234375,9.98687744140625
0.005330944,10.01739501953125,9.98687744140625
0.005331968,9.9639892578125,9.98687744140625
0.005332992,10.01739501953125,9.98687744140625
0.005334016,9.98687744140625,9.98687744140625
0.00533504,9.9945068359375,9.98687744140625
0.005336064,10.009765625,9.9945068359375
0.005337088,10.009765625,9.98687744140625
0.005338112,9.979248046875,9.9945068359375
0.005339136,9.9945068359375,9.98687744140625
0.00534016,10.009765625,9.98687744140625
0.005341184,9.979248046875,9.98687744140625
0.005342208,9.98687744140625,9.98687744140625
0.005343232,9.979248046875,9.98687744140625
0.005344256,9.979248046875,9.98687744140625
0.00534528,9.98687744140625,9.98687744140625
0.005346304,9.9945068359375,9.98687744140625
0.005347328,10.009765625,9.98687744140625
0.005348352,9.97161865234375,9.98687744140625
0.005349376,9.98687744140625,9.98687744140625
0.0053504,9.9945068359375,9.98687744140625
0.005351424,10.00213623046875,9.98687744140625
0.005352448,10.01739501953125,9.98687744140625
0.005353472,9.979248046875,9.98687744140625
0.005354496,10.00213623046875,9.98687744140625
0.00535552,10.00213623046875,9.98687744140625
0.005356544,9.97161865234375,9.98687744140625
0.005357568,9.98687744140625,9.98687744140625
0.005358592,9.97161865234375,9.98687744140625
0.005359616,10.009765625,9.98687744140625
0.00536064,9.94873046875,9.98687744140625
0.005361664,9.98687744140625,9.98687744140625
0.005362688,9.98687744140625,9.98687744140625
0.005363712,9.9945068359375,9.98687744140625
0.005364736,10.00213623046875,9.98687744140625
0.00536576,10.009765625,9.98687744140625
0.005366784,9.95635986328125,9.98687744140625
0.005367808,10.0250244140625,9.98687744140625
0.005368832,9.979248046875,9.98687744140625
0.005369856,10.00213623046875,9.98687744140625
0.00537088,9.98687744140625,9.98687744140625
0.005371904,10.00213623046875,9.98687744140625
0.005372928,10.00213623046875,9.98687744140625
0.005373952,9.9945068359375,9.98687744140625
0.005374976,10.00213623046875,9.98687744140625
0.005376,9.9945068359375,9.98687744140625
0.005377024,9.98687744140625,9.98687744140625
0.005378048,9.979248046875,9.98687744140625
0.005379072,9.979248046875,9.98687744140625
0.005380096,9.979248046875,9.98687744140625
0.00538112,9.97161865234375,9.98687744140625
0.005382144,10.01739501953125,9.98687744140625
0.005383168,9.97161865234375,9.98687744140625
0.005384192,10.009765625,9.98687744140625
0.005385216,9.97161865234375,9.98687744140625
0.00538624,10.01739501953125,9.98687744140625
0.005387264,9.97161865234375,9.98687744140625
0.005388288,10.01739501953125,9.98687744140625
0.005389312,9.979248046875,9.98687744140625
0.005390336,10.00213623046875,9.98687744140625
0.00539136,10.00213623046875,9.98687744140625
0.005392384,9.9945068359375,9.98687744140625
0.005393408,10.00213623046875,9.98687744140625
0.005394432,9.9945068359375,9.98687744140625
0.005395456,9.979248046875,9.98687744140625
0.00539648,9.97161865234375,9.98687744140625
0.005397504,9.98687744140625,9.98687744140625
0.005398528,9.979248046875,9.98687744140625
0.005399552,9.979248046875,9.98687744140625
0.005400576,9.979248046875,9.98687744140625
0.0054016,9.9945068359375,9.98687744140625
0.005402624,10.009765625,9.98687744140625
0.005403648,9.98687744140625,9.98687744140625
0.005404672,10.009765625,9.98687744140625
0.005405696,9.979248046875,9.98687744140625
0.00540672,9.9945068359375,9.98687744140625
0.005407744,10.009765625,9.98687744140625
0.005408768,9.979248046875,9.98687744140625
0.005409792,10.009765625,9.98687744140625
0.005410816,9.97161865234375,9.98687744140625
0.00541184,10.01739501953125,9.98687744140625
0.005412864,9.9639892578125,9.98687744140625
0.005413888,9.9945068359375,9.98687744140625
0.005414912,9.94873046875,9.98687744140625
0.005415936,9.98687744140625,9.98687744140625
0.00541696,9.979248046875,9.98687744140625
0.005417984,9.98687744140625,9.98687744140625
0.005419008,9.9945068359375,9.98687744140625
0.005420032,9.9945068359375,9.98687744140625
0.005421056,10.009765625,9.98687744140625
0.00542208,9.97161865234375,9.98687744140625
0.005423104,10.03265380859375,9.98687744140625
0.005424128,9.979248046875,9.98687744140625
0.005425152,10.009765625,9.98687744140625
0.005426176,9.9639892578125,9.98687744140625
0.0054272,10.009765625,9.98687744140625
0.005428224,9.97161865234375,9.98687744140625
0.005429248,10.009765625,9.98687744140625
0.005430272,9.94873046875,9.98687744140625
0.005431296,9.98687744140625,9.98687744140625
0.00543232,9.97161865234375,9.9945068359375
0.005433344,9.979248046875,9.98687744140625
0.005434368,9.98687744140625,9.98687744140625
0.005435392,9.97161865234375,9.98687744140625
0.005436416,10.009765625,9.98687744140625
0.00543744,9.979248046875,9.98687744140625
0.005438464,10.00213623046875,9.98687744140625
0.005439488,10.00213623046875,9.98687744140625
0.005440512,9.9945068359375,9.98687744140625
0.005441536,9.979248046875,9.98687744140625
0.00544256,9.97161865234375,9.98687744140625
0.005443584,9.9945068359375,9.98687744140625
0.005444608,9.9945068359375,9.98687744140625
0.005445632,9.9945068359375,9.98687744140625
0.005446656,9.9945068359375,9.98687744140625
0.00544768,9.98687744140625,9.98687744140625
0.005448704,9.97161865234375,9.98687744140625
0.005449728,9.98687744140625,9.98687744140625
0.005450752,9.97161865234375,9.98687744140625
0.005451776,10.009765625,9.98687744140625
0.0054528,9.9945068359375,9.98687744140625
0.005453824,9.98687744140625,9.98687744140625
0.005454848,10.00213623046875,9.98687744140625
0.005455872,9.979248046875,9.98687744140625
0.005456896,9.979248046875,9.98687744140625
0.00545792,9.9945068359375,9.98687744140625
0.005458944,9.9945068359375,9.98687744140625
0.005459968,10.00213623046875,9.98687744140625
0.005460992,9.9945068359375,9.98687744140625
0.005462016,9.9945068359375,9.98687744140625
0.00546304,10.00213623046875,9.98687744140625
0.005464064,9.98687744140625,9.98687744140625
0.005465088,10.00213623046875,9.9945068359375
0.005466112,9.9945068359375,9.98687744140625
0.005467136,9.97161865234375,9.98687744140625
0.00546816,9.9945068359375,9.98687744140625
0.005469184,9.98687744140625,9.98687744140625
0.005470208,9.979248046875,9.98687744140625
0.005471232,9.98687744140625,9.98687744140625
0.005472256,9.9945068359375,9.9945068359375
0.00547328,9.98687744140625,9.98687744140625
0.005474304,10.009765625,9.98687744140625
0.005475328,9.979248046875,9.98687744140625
0.005476352,9.9945068359375,9.98687744140625
0.005477376,10.00213623046875,9.98687744140625
0.0054784,10.00213623046875,9.98687744140625
0.005479424,10.009765625,9.98687744140625
0.005480448,9.98687744140625,9.98687744140625
0.005481472,10.01739501953125,9.98687744140625
0.005482496,9.97161865234375,9.98687744140625
0.00548352,9.9945068359375,9.98687744140625
0.005484544,9.94873046875,9.98687744140625
0.005485568,9.9639892578125,9.98687744140625
0.005486592,9.9945068359375,9.98687744140625
0.005487616,10.00213623046875,9.98687744140625
0.00548864,9.9945068359375,9.98687744140625
0.005489664,9.9945068359375,9.98687744140625
0.005490688,9.979248046875,9.98687744140625
0.005491712,9.9945068359375,9.98687744140625
0.005492736,10.009765625,9.98687744140625
0.00549376,9.97161865234375,9.98687744140625
0.005494784,10.0250244140625,9.98687744140625
0.005495808,9.97161865234375,9.98687744140625
0.005496832,10.01739501953125,9.98687744140625
0.005497856,9.97161865234375,9.98687744140625
0.00549888,10.01739501953125,9.98687744140625
0.005499904,9.979248046875,9.98687744140625
0.005500928,9.9945068359375,9.98687744140625
0.005501952,9.98687744140625,9.98687744140625
0.005502976,9.979248046875,9.98687744140625
0.005504,9.9639892578125,9.98687744140625
0.005505024,9.9945068359375,9.98687744140625
0.005506048,9.9945068359375,9.98687744140625
0.005507072,9.98687744140625,9.98687744140625
0.005508096,9.979248046875,9.98687744140625
0.00550912,10.00213623046875,9.9945068359375
0.005510144,10.009765625,9.98687744140625
0.005511168,9.9639892578125,9.98687744140625
0.005512192,10.01739501953125,9.98687744140625
0.005513216,9.9639892578125,9.98687744140625
0.00551424,10.009765625,9.98687744140625
0.005515264,9.97161865234375,9.98687744140625
0.005516288,10.00213623046875,9.98687744140625
0.005517312,10.00213623046875,9.98687744140625
0.005518336,9.98687744140625,9.98687744140625
0.00551936,9.9945068359375,9.98687744140625
0.005520384,9.98687744140625,9.98687744140625
0.005521408,9.98687744140625,9.98687744140625
0.005522432,9.98687744140625,9.98687744140625
0.005523456,10.009765625,9.98687744140625
0.00552448,9.979248046875,9.98687744140625
0.005525504,10.01739501953125,9.98687744140625
0.005526528,9.95635986328125,9.98687744140625
0.005527552,9.979248046875,9.98687744140625
0.005528576,9.97161865234375,9.98687744140625
0.0055296,10.00213623046875,9.98687744140625
0.005530624,9.9945068359375,9.98687744140625
0.005531648,10.009765625,9.98687744140625
0.005532672,9.9639892578125,9.98687744140625
0.005533696,10.01739501953125,9.98687744140625
0.00553472,9.979248046875,9.98687744140625
0.005535744,10.009765625,9.98687744140625
0.005536768,9.98687744140625,9.98687744140625
0.005537792,9.98687744140625,9.98687744140625
0.005538816,9.98687744140625,9.98687744140625
0.00553984,9.98687744140625,9.98687744140625
0.005540864,9.979248046875,9.98687744140625
0.005541888,9.9945068359375,9.98687744140625
0.005542912,9.9945068359375,9.98687744140625
0.005543936,9.98687744140625,9.98687744140625
0.00554496,9.9945068359375,9.98687744140625
0.005545984,9.9945068359375,9.98687744140625
0.005547008,9.98687744140625,9.98687744140625
0.005548032,9.98687744140625,9.98687744140625
0.005549056,9.98687744140625,9.98687744140625
0.00555008,9.9945068359375,9.98687744140625
0.005551104,9.9945068359375,9.98687744140625
0.005552128,9.9945068359375,9.98687744140625
0.005553152,9.979248046875,9.98687744140625
0.005554176,9.98687744140625,9.98687744140625
0.0055552,9.9945068359375,9.98687744140625
0.005556224,9.97161865234375,9.98687744140625
0.005557248,10.00213623046875,9.98687744140625
0.005558272,9.9945068359375,9.98687744140625
0.005559296,9.98687744140625,9.98687744140625
0.00556032,9.979248046875,9.98687744140625
0.005561344,9.979248046875,9.98687744140625
0.005562368,9.9945068359375,9.98687744140625
0.005563392,10.009765625,9.98687744140625
0.005564416,9.98687744140625,9.98687744140625
0.00556544,9.98687744140625,9.98687744140625
0.005566464,9.9945068359375,9.98687744140625
0.005567488,10.00213623046875,9.98687744140625
0.005568512,10.00213623046875,9.98687744140625
0.005569536,9.9945068359375,9.98687744140625
0.00557056,9.9639892578125,9.98687744140625
0.005571584,9.979248046875,9.98687744140625
0.005572608,10.00213623046875,9.98687744140625
0.005573632,9.98687744140625,9.98687744140625
0.005574656,9.98687744140625,9.98687744140625
0.00557568,9.9945068359375,9.98687744140625
0.005576704,9.9945068359375,9.98687744140625
0.005577728,9.98687744140625,9.98687744140625
0.005578752,9.9945068359375,9.9945068359375
0.005579776,10.00213623046875,9.9945068359375
0.0055808,10.00213623046875,9.98687744140625
0.005581824,10.009765625,9.98687744140625
0.005582848,9.9639892578125,9.98687744140625
0.005583872,10.0250244140625,9.98687744140625
0.005584896,9.97161865234375,9.98687744140625
0.00558592,10.009765625,9.98687744140625
0.005586944,9.95635986328125,9.98687744140625
0.005587968,10.00213623046875,9.98687744140625
0.005588992,9.98687744140625,9.98687744140625
0.005590016,9.9945068359375,9.98687744140625
0.00559104,9.9945068359375,9.98687744140625
0.005592064,9.979248046875,9.98687744140625
0.005593088,9.979248046875,9.98687744140625
0.005594112,10.00213623046875,9.98687744140625
0.005595136,10.00213623046875,9.98687744140625
0.00559616,10.00213623046875,9.98687744140625
0.005597184,10.00213623046875,9.98687744140625
0.005598208,10.00213623046875,9.98687744140625
0.005599232,10.00213623046875,9.98687744140625
0.005600256,9.9945068359375,9.98687744140625
0.00560128,10.00213623046875,9.98687744140625
0.005602304,10.00213623046875,9.98687744140625
0.005603328,9.9945068359375,9.98687744140625
0.005604352,9.9945068359375,9.98687744140625
0.005605376,10.00213623046875,9.98687744140625
0.0056064,9.9945068359375,9.98687744140625
0.005607424,10.00213623046875,9.98687744140625
0.005608448,9.9945068359375,9.98687744140625
0.005609472,9.9945068359375,9.98687744140625
0.005610496,10.00213623046875,9.98687744140625
0.00561152,9.97161865234375,9.98687744140625
0.005612544,10.009765625,9.98687744140625
0.005613568,9.95635986328125,9.98687744140625
0.005614592,9.98687744140625,9.98687744140625
0.005615616,9.97161865234375,9.98687744140625
0.00561664,10.01739501953125,9.98687744140625
0.005617664,9.97161865234375,9.98687744140625
0.005618688,10.03265380859375,9.98687744140625
0.005619712,9.98687744140625,9.98687744140625
0.005620736,9.9945068359375,9.98687744140625
0.00562176,9.98687744140625,9.98687744140625
0.005622784,9.9945068359375,9.98687744140625
0.005623808,10.009765625,9.98687744140625
0.005624832,9.97161865234375,9.98687744140625
0.005625856,10.01739501953125,9.98687744140625
0.00562688,9.9639892578125,9.98687744140625
0.005627904,10.009765625,9.98687744140625
0.005628928,9.95635986328125,9.98687744140625
0.005629952,10.00213623046875,9.98687744140625
0.005630976,9.97161865234375,9.98687744140625
0.005632,10.00213623046875,9.98687744140625
0.005633024,9.9945068359375,9.98687744140625
0.005634048,10.00213623046875,9.98687744140625
0.005635072,10.009765625,9.98687744140625
0.005636096,9.97161865234375,9.98687744140625
0.00563712,10.0250244140625,9.98687744140625
0.005638144,9.979248046875,9.98687744140625
0.005639168,9.98687744140625,9.98687744140625
0.005640192,9.9945068359375,9.98687744140625
0.005641216,9.9945068359375,9.98687744140625
0.00564224,10.00213623046875,9.98687744140625
0.005643264,9.9945068359375,9.98687744140625
0.005644288,10.00213623046875,9.98687744140625
0.005645312,9.95635986328125,9.98687744140625
0.005646336,10.01739501953125,9.98687744140625
0.00564736,9.94873046875,9.98687744140625
0.005648384,10.01739501953125,9.98687744140625
0.005649408,9.9639892578125,9.98687744140625
0.005650432,10.009765625,9.98687744140625
0.005651456,9.9639892578125,9.98687744140625
0.00565248,10.01739501953125,9.98687744140625
0.005653504,9.979248046875,9.98687744140625
0.005654528,10.00213623046875,9.98687744140625
0.005655552,10.00213623046875,9.98687744140625
0.005656576,10.00213623046875,9.98687744140625
0.0056576,9.94873046875,9.98687744140625
0.005658624,9.9945068359375,9.9945068359375
0.005659648,9.979248046875,9.98687744140625
0.005660672,9.98687744140625,9.98687744140625
0.005661696,10.009765625,9.98687744140625
0.00566272,9.979248046875,9.98687744140625
0.005663744,9.979248046875,9.98687744140625
0.005664768,9.9639892578125,9.98687744140625
0.005665792,10.00213623046875,9.98687744140625
0.005666816,9.979248046875,9.98687744140625
0.00566784,10.00213623046875,9.98687744140625
0.005668864,10.01739501953125,9.98687744140625
0.005669888,9.9639892578125,9.98687744140625
0.005670912,10.009765625,9.98687744140625
0.005671936,9.9639892578125,9.98687744140625
0.00567296,10.009765625,9.98687744140625
0.005673984,9.94873046875,9.98687744140625
0.005675008,10.00213623046875,9.98687744140625
0.005676032,10.00213623046875,9.98687744140625
0.005677056,9.98687744140625,9.98687744140625
0.00567808,10.00213623046875,9.98687744140625
0.005679104,9.9945068359375,9.98687744140625
0.005680128,10.009765625,9.98687744140625
0.005681152,9.9639892578125,9.98687744140625
0.005682176,10.00213623046875,9.98687744140625
0.0056832,10.00213623046875,9.98687744140625
0.005684224,9.9945068359375,9.98687744140625
0.005685248,9.98687744140625,9.98687744140625
0.005686272,10.009765625,9.98687744140625
0.005687296,9.97161865234375,9.98687744140625
0.00568832,9.9945068359375,9.98687744140625
0.005689344,10.009765625,9.98687744140625
0.005690368,9.9639892578125,9.98687744140625
0.005691392,10.00213623046875,9.98687744140625
0.005692416,10.00213623046875,9.98687744140625
0.00569344,9.979248046875,9.98687744140625
0.005694464,9.98687744140625,9.98687744140625
0.005695488,10.00213623046875,9.98687744140625
0.005696512,9.97161865234375,9.98687744140625
0.005697536,10.01739501953125,9.98687744140625
0.00569856,9.98687744140625,9.98687744140625
0.005699584,9.979248046875,9.98687744140625
0.005700608,9.979248046875,9.98687744140625
0.005701632,9.979248046875,9.98687744140625
0.005702656,9.9639892578125,9.98687744140625
0.00570368,10.00213623046875,9.98687744140625
0.005704704,9.98687744140625,9.98687744140625
0.005705728,10.00213623046875,9.98687744140625
0.005706752,10.00213623046875,9.98687744140625
0.005707776,9.9945068359375,9.98687744140625
0.0057088,9.9945068359375,9.98687744140625
0.005709824,9.98687744140625,9.98687744140625
0.005710848,10.009765625,9.98687744140625
0.005711872,9.979248046875,9.98687744140625
0.005712896,10.00213623046875,9.98687744140625
0.00571392,10.009765625,9.98687744140625
0.005714944,9.97161865234375,9.98687744140625
0.005715968,10.009765625,9.98687744140625
0.005716992,9.95635986328125,9.98687744140625
0.005718016,10.00213623046875,9.98687744140625
0.00571904,9.9945068359375,9.98687744140625
0.005720064,9.9945068359375,9.98687744140625
0.005721088,10.00213623046875,9.98687744140625
0.005722112,10.00213623046875,9.98687744140625
0.005723136,9.95635986328125,9.98687744140625
0.00572416,10.00213623046875,9.98687744140625
0.005725184,9.97161865234375,9.98687744140625
0.005726208,10.009765625,9.98687744140625
0.005727232,9.9639892578125,9.98687744140625
0.005728256,10.0250244140625,9.98687744140625
0.00572928,9.9639892578125,9.98687744140625
0.005730304,10.0250244140625,9.98687744140625
0.005731328,9.979248046875,9.98687744140625
0.005732352,9.9945068359375,9.98687744140625
0.005733376,10.009765625,9.98687744140625
0.0057344,9.97161865234375,9.98687744140625
0.005735424,9.98687744140625,9.98687744140625
0.005736448,9.9945068359375,9.98687744140625
0.005737472,10.00213623046875,9.98687744140625
0.005738496,9.9945068359375,9.98687744140625
0.00573952,9.9945068359375,9.98687744140625
0.005740544,10.01739501953125,9.98687744140625
0.005741568,9.979248046875,9.98687744140625
0.005742592,10.009765625,9.98687744140625
0.005743616,9.9639892578125,9.98687744140625
0.00574464,9.98687744140625,9.98687744140625
0.005745664,9.9639892578125,9.98687744140625
0.005746688,10.00213623046875,9.98687744140625
0.005747712,10.009765625,9.98687744140625
0.005748736,9.979248046875,9.98687744140625
0.00574976,10.009765625,9.98687744140625
0.005750784,9.97161865234375,9.98687744140625
0.005751808,9.98687744140625,9.98687744140625
0.005752832,9.9945068359375,9.98687744140625
0.005753856,9.9945068359375,9.98687744140625
0.00575488,9.9945068359375,9.98687744140625
0.005755904,9.9945068359375,9.98687744140625
0.005756928,9.98687744140625,9.98687744140625
0.005757952,9.98687744140625,9.98687744140625
0.005758976,9.9945068359375,9.98687744140625
0.00576,9.9945068359375,9.98687744140625
0.005761024,9.979248046875,9.9945068359375
0.005762048,10.00213623046875,9.98687744140625
0.005763072,9.9639892578125,9.98687744140625
0.005764096,10.009765625,9.98687744140625
0.00576512,9.95635986328125,9.98687744140625
0.005766144,10.009765625,9.98687744140625
0.005767168,9.97161865234375,9.98687744140625
0.005768192,10.01739501953125,9.98687744140625
0.005769216,9.979248046875,9.98687744140625
0.00577024,9.9945068359375,9.9945068359375
0.005771264,9.98687744140625,9.98687744140625
0.005772288,9.98687744140625,9.98687744140625
0.005773312,9.98687744140625,9.98687744140625
0.005774336,9.98687744140625,9.98687744140625
0.00577536,9.9945068359375,9.98687744140625
0.005776384,9.98687744140625,9.98687744140625
0.005777408,9.98687744140625,9.98687744140625
0.005778432,10.00213623046875,9.98687744140625
0.005779456,9.98687744140625,9.98687744140625
0.00578048,9.9945068359375,9.98687744140625
0.005781504,10.00213623046875,9.98687744140625
0.005782528,9.98687744140625,9.98687744140625
0.005783552,10.00213623046875,9.98687744140625
0.005784576,10.0250244140625,9.98687744140625
0.0057856,9.97161865234375,9.98687744140625
0.005786624,9.9945068359375,9.98687744140625
0.005787648,9.97161865234375,9.98687744140625
0.005788672,10.00213623046875,9.98687744140625
0.005789696,9.979248046875,9.98687744140625
0.00579072,10.01739501953125,9.98687744140625
0.005791744,9.97161865234375,9.98687744140625
0.005792768,10.009765625,9.98687744140625
0.005793792,9.979248046875,9.98687744140625
0.005794816,9.9945068359375,9.98687744140625
0.00579584,9.98687744140625,9.98687744140625
0.005796864,10.01739501953125,9.98687744140625
0.005797888,9.98687744140625,9.98687744140625
0.005798912,10.009765625,9.9945068359375
0.005799936,9.97161865234375,9.98687744140625
0.00580096,9.9945068359375,9.98687744140625
0.005801984,10.00213623046875,9.98687744140625
0.005803008,9.9945068359375,9.98687744140625
0.005804032,9.97161865234375,9.98687744140625
0.005805056,10.01739501953125,9.98687744140625
0.00580608,9.979248046875,9.98687744140625
0.005807104,9.98687744140625,9.98687744140625
0.005808128,9.98687744140625,9.98687744140625
0.005809152,9.98687744140625,9.98687744140625
0.005810176,10.00213623046875,9.98687744140625
0.0058112,9.9639892578125,9.98687744140625
0.005812224,10.01739501953125,9.98687744140625
0.005813248,9.9639892578125,9.98687744140625
0.005814272,10.009765625,9.98687744140625
0.005815296,9.97161865234375,9.98687744140625
0.00581632,10.01739501953125,9.98687744140625
0.005817344,9.979248046875,9.98687744140625
0.005818368,9.9945068359375,9.98687744140625
0.005819392,9.9945068359375,9.98687744140625
0.005820416,10.00213623046875,9.98687744140625
0.00582144,9.979248046875,9.98687744140625
0.005822464,10.00213623046875,9.98687744140625
0.005823488,9.97161865234375,9.98687744140625
0.005824512,9.98687744140625,9.98687744140625
0.005825536,9.9945068359375,9.98687744140625
0.00582656,10.00213623046875,9.98687744140625
0.005827584,9.98687744140625,9.98687744140625
0.005828608,9.9945068359375,9.98687744140625
0.005829632,9.97161865234375,9.98687744140625
0.005830656,9.95635986328125,9.98687744140625
0.00583168,9.9945068359375,9.98687744140625
0.005832704,9.979248046875,9.98687744140625
0.005833728,10.009765625,9.98687744140625
0.005834752,9.97161865234375,9.98687744140625
0.005835776,10.0250244140625,9.98687744140625
0.0058368,9.97161865234375,9.98687744140625
0.005837824,10.01739501953125,9.98687744140625
0.005838848,9.97161865234375,9.98687744140625
0.005839872,10.01739501953125,9.98687744140625
0.005840896,9.979248046875,9.98687744140625
0.00584192,9.9945068359375,9.98687744140625
0.005842944,9.9945068359375,9.98687744140625
0.005843968,9.98687744140625,9.98687744140625
0.005844992,9.9945068359375,9.98687744140625
0.005846016,9.9945068359375,9.98687744140625
0.00584704,9.98687744140625,9.98687744140625
0.005848064,9.98687744140625,9.98687744140625
0.005849088,9.979248046875,9.98687744140625
0.005850112,10.00213623046875,9.98687744140625
0.005851136,9.98687744140625,9.98687744140625
0.00585216,10.00213623046875,9.98687744140625
0.005853184,9.9639892578125,9.98687744140625
0.005854208,10.01739501953125,9.98687744140625
0.005855232,9.9639892578125,9.98687744140625
0.005856256,10.01739501953125,9.98687744140625
0.00585728,9.98687744140625,9.98687744140625
0.005858304,10.00213623046875,9.98687744140625
0.005859328,9.9639892578125,9.98687744140625
0.005860352,10.03265380859375,9.98687744140625
0.005861376,9.95635986328125,9.98687744140625
0.0058624,10.01739501953125,9.98687744140625
0.005863424,9.9639892578125,9.98687744140625
0.005864448,10.00213623046875,9.98687744140625
0.005865472,9.97161865234375,9.98687744140625
0.005866496,10.01739501953125,9.98687744140625
0.00586752,9.97161865234375,9.98687744140625
0.005868544,10.009765625,9.98687744140625
0.005869568,9.97161865234375,9.98687744140625
0.005870592,10.00213623046875,9.98687744140625
0.005871616,10.00213623046875,9.98687744140625
0.00587264,9.97161865234375,9.98687744140625
0.005873664,10.01739501953125,9.98687744140625
0.005874688,9.9639892578125,9.98687744140625
0.005875712,10.03265380859375,9.98687744140625
0.005876736,9.97161865234375,9.98687744140625
0.00587776,10.009765625,9.98687744140625
0.005878784,9.9639892578125,9.98687744140625
0.005879808,10.00213623046875,9.98687744140625
0.005880832,9.979248046875,9.98687744140625
0.005881856,10.00213623046875,9.98687744140625
0.00588288,9.9945068359375,9.98687744140625
0.005883904,10.00213623046875,9.98687744140625
0.005884928,9.97161865234375,9.98687744140625
0.005885952,9.98687744140625,9.98687744140625
0.005886976,9.9945068359375,9.98687744140625
0.005888,9.98687744140625,9.98687744140625
0.005889024,10.00213623046875,9.98687744140625
0.005890048,9.98687744140625,9.98687744140625
0.005891072,9.9945068359375,9.9945068359375
0.005892096,10.00213623046875,9.98687744140625
0.00589312,10.00213623046875,9.98687744140625
0.005894144,9.98687744140625,9.98687744140625
0.005895168,10.009765625,9.98687744140625
0.005896192,9.97161865234375,9.98687744140625
0.005897216,9.98687744140625,9.98687744140625
0.00589824,9.98687744140625,9.98687744140625
0.005899264,9.98687744140625,9.98687744140625
0.005900288,9.9945068359375,9.98687744140625
0.005901312,9.98687744140625,9.98687744140625
0.005902336,9.9945068359375,9.98687744140625
0.00590336,10.009765625,9.98687744140625
0.005904384,9.9639892578125,9.98687744140625
0.005905408,10.009765625,9.98687744140625
0.005906432,9.979248046875,9.98687744140625
0.005907456,9.9945068359375,9.98687744140625
0.00590848,10.01739501953125,9.98687744140625
0.005909504,9.98687744140625,9.98687744140625
0.005910528,10.00213623046875,9.98687744140625
0.005911552,10.00213623046875,9.98687744140625
0.005912576,9.979248046875,9.98687744140625
0.0059136,9.9945068359375,9.98687744140625
0.005914624,9.979248046875,9.98687744140625
0.005915648,9.9639892578125,9.98687744140625
0.005916672,9.979248046875,9.98687744140625
0.005917696,9.97161865234375,9.98687744140625
0.00591872,9.979248046875,9.98687744140625
0.005919744,9.979248046875,9.98687744140625
0.005920768,9.9945068359375,9.98687744140625
0.005921792,10.00213623046875,9.98687744140625
0.005922816,10.00213623046875,9.98687744140625
0.00592384,10.00213623046875,9.98687744140625
0.005924864,10.00213623046875,9.98687744140625
0.005925888,10.009765625,9.98687744140625
0.005926912,9.979248046875,9.98687744140625
0.005927936,10.00213623046875,9.98687744140625
0.00592896,10.00213623046875,9.9945068359375
0.005929984,9.9945068359375,9.98687744140625
0.005931008,10.00213623046875,9.98687744140625
0.005932032,9.97161865234375,9.98687744140625
0.005933056,9.9945068359375,9.98687744140625
0.00593408,9.979248046875,9.98687744140625
0.005935104,9.97161865234375,9.98687744140625
0.005936128,9.979248046875,9.98687744140625
0.005937152,10.00213623046875,9.98687744140625
0.005938176,9.98687744140625,9.98687744140625
0.0059392,10.00213623046875,9.9945068359375
0.005940224,9.9945068359375,9.98687744140625
0.005941248,10.009765625,9.98687744140625
0.005942272,9.97161865234375,9.98687744140625
0.005943296,9.9945068359375,9.98687744140625
0.00594432,10.01739501953125,9.98687744140625
0.005945344,9.9639892578125,9.98687744140625
0.005946368,10.009765625,9.98687744140625
0.005947392,9.9639892578125,9.98687744140625
0.005948416,10.01739501953125,9.98687744140625
0.00594944,9.979248046875,9.98687744140625
0.005950464,9.979248046875,9.98687744140625
0.005951488,9.979248046875,9.98687744140625
0.005952512,9.979248046875,9.98687744140625
0.005953536,9.97161865234375,9.98687744140625
0.00595456,10.00213623046875,9.98687744140625
0.005955584,9.9945068359375,9.98687744140625
0.005956608,9.9945068359375,9.98687744140625
0.005957632,9.9945068359375,9.98687744140625
0.005958656,9.979248046875,9.98687744140625
0.00595968,9.97161865234375,9.98687744140625
0.005960704,10.009765625,9.98687744140625
0.005961728,9.979248046875,9.98687744140625
0.005962752,9.9945068359375,9.98687744140625
0.005963776,10.01739501953125,9.98687744140625
0.0059648,9.979248046875,9.98687744140625
0.005965824,9.98687744140625,9.98687744140625
0.005966848,10.009765625,9.98687744140625
0.005967872,9.97161865234375,9.98687744140625
0.005968896,9.98687744140625,9.98687744140625
0.00596992,9.979248046875,9.98687744140625
0.005970944,9.98687744140625,9.98687744140625
0.005971968,9.979248046875,9.98687744140625
0.005972992,9.98687744140625,9.98687744140625
0.005974016,9.9945068359375,9.98687744140625
0.00597504,9.98687744140625,9.98687744140625
0.005976064,9.9945068359375,9.98687744140625
0.005977088,9.9945068359375,9.98687744140625
0.005978112,10.00213623046875,9.98687744140625
0.005979136,9.9945068359375,9.98687744140625
0.00598016,10.009765625,9.98687744140625
0.005981184,9.9639892578125,9.98687744140625
0.005982208,10.009765625,9.98687744140625
0.005983232,9.98687744140625,9.98687744140625
0.005984256,10.00213623046875,9.98687744140625
0.00598528,10.009765625,9.9945068359375
0.005986304,9.97161865234375,9.98687744140625
0.005987328,9.979248046875,9.98687744140625
0.005988352,9.979248046875,9.98687744140625
0.005989376,9.9945068359375,9.98687744140625
0.0059904,9.98687744140625,9.98687744140625
0.005991424,9.98687744140625,9.98687744140625
0.005992448,9.9945068359375,9.98687744140625
0.005993472,10.00213623046875,9.98687744140625
0.005994496,9.95635986328125,9.98687744140625
0.00599552,10.009765625,9.98687744140625
0.005996544,9.9639892578125,9.98687744140625
0.005997568,10.0250244140625,9.98687744140625
0.005998592,9.97161865234375,9.98687744140625
0.005999616,10.03265380859375,9.98687744140625
0.00600064,9.9639892578125,9.98687744140625
0.006001664,10.0250244140625,9.98687744140625
0.006002688,9.9639892578125,9.98687744140625
0.006003712,10.00213623046875,9.98687744140625
0.006004736,9.9945068359375,9.98687744140625
0.00600576,9.98687744140625,9.98687744140625
0.006006784,9.98687744140625,9.98687744140625
0.006007808,9.98687744140625,9.98687744140625
0.006008832,9.9945068359375,9.98687744140625
0.006009856,9.9945068359375,9.98687744140625
0.00601088,9.9945068359375,9.98687744140625
0.006011904,10.00213623046875,9.98687744140625
0.006012928,9.97161865234375,9.98687744140625
0.006013952,9.9945068359375,9.98687744140625
0.006014976,10.00213623046875,9.98687744140625
0.006016,10.00213623046875,9.98687744140625
0.006017024,9.98687744140625,9.98687744140625
0.006018048,10.00213623046875,9.98687744140625
0.006019072,10.00213623046875,9.98687744140625
0.006020096,9.97161865234375,9.98687744140625
0.00602112,10.009765625,9.98687744140625
0.006022144,9.97161865234375,9.98687744140625
0.006023168,10.00213623046875,9.98687744140625
0.006024192,9.94110107421875,9.98687744140625
0.006025216,9.98687744140625,9.98687744140625
0.00602624,10.00213623046875,9.98687744140625
0.006027264,9.9945068359375,9.98687744140625
0.006028288,9.98687744140625,9.98687744140625
0.006029312,10.00213623046875,9.98687744140625
0.006030336,9.97161865234375,9.98687744140625
0.00603136,10.009765625,9.98687744140625
0.006032384,9.97161865234375,9.98687744140625
0.006033408,10.01739501953125,9.98687744140625
0.006034432,9.9639892578125,9.98687744140625
0.006035456,10.009765625,9.98687744140625
0.00603648,9.9639892578125,9.98687744140625
0.006037504,10.009765625,9.98687744140625
0.006038528,9.98687744140625,9.98687744140625
0.006039552,9.9945068359375,9.98687744140625
0.006040576,10.00213623046875,9.98687744140625
0.0060416,9.94873046875,9.98687744140625
0.006042624,10.009765625,9.98687744140625
0.006043648,9.95635986328125,9.98687744140625
0.006044672,10.009765625,9.98687744140625
0.006045696,9.979248046875,9.98687744140625
0.00604672,9.979248046875,9.98687744140625
0.006047744,9.979248046875,9.98687744140625
0.006048768,9.9945068359375,9.98687744140625
0.006049792,9.9945068359375,9.98687744140625
0.006050816,10.00213623046875,9.98687744140625
0.00605184,10.01739501953125,9.98687744140625
0.006052864,9.97161865234375,9.9945068359375
0.006053888,10.0250244140625,9.98687744140625
0.006054912,9.97161865234375,9.98687744140625
0.006055936,10.009765625,9.98687744140625
0.00605696,9.98687744140625,9.98687744140625
0.006057984,10.00213623046875,9.98687744140625
0.006059008,9.9639892578125,9.98687744140625
0.006060032,9.9945068359375,9.98687744140625
0.006061056,9.98687744140625,9.98687744140625
0.00606208,9.98687744140625,9.98687744140625
0.006063104,9.98687744140625,9.98687744140625
0.006064128,10.00213623046875,9.98687744140625
0.006065152,9.97161865234375,9.98687744140625
0.006066176,10.009765625,9.98687744140625
0.0060672,9.9639892578125,9.98687744140625
0.006068224,10.009765625,9.98687744140625
0.006069248,9.979248046875,9.98687744140625
0.006070272,9.9945068359375,9.98687744140625
0.006071296,9.9945068359375,9.98687744140625
0.00607232,10.00213623046875,9.98687744140625
0.006073344,10.009765625,9.98687744140625
0.006074368,9.9639892578125,9.98687744140625
0.006075392,10.01739501953125,9.98687744140625
0.006076416,9.97161865234375,9.98687744140625
0.00607744,9.98687744140625,9.98687744140625
0.006078464,9.97161865234375,9.98687744140625
0.006079488,9.9945068359375,9.98687744140625
0.006080512,9.979248046875,9.98687744140625
0.006081536,9.9945068359375,9.98687744140625
0.00608256,9.98687744140625,9.98687744140625
0.006083584,9.98687744140625,9.98687744140625
0.006084608,10.00213623046875,9.98687744140625
0.006085632,9.9945068359375,9.98687744140625
0.006086656,9.9945068359375,9.98687744140625
0.00608768,9.9945068359375,9.98687744140625
0.006088704,10.00213623046875,9.98687744140625
0.006089728,10.00213623046875,9.98687744140625
0.006090752,9.9945068359375,9.98687744140625
0.006091776,9.9945068359375,9.98687744140625
0.0060928,9.97161865234375,9.98687744140625
0.006093824,9.97161865234375,9.98687744140625
0.006094848,10.0250244140625,9.98687744140625
0.006095872,9.9639892578125,9.98687744140625
0.006096896,10.009765625,9.98687744140625
0.00609792,9.95635986328125,9.98687744140625
0.006098944,10.00213623046875,9.98687744140625
0.006099968,9.97161865234375,9.98687744140625
0.006100992,10.0250244140625,9.98687744140625
0.006102016,9.97161865234375,9.98687744140625
0.00610304,9.9945068359375,9.98687744140625
0.006104064,9.9945068359375,9.98687744140625
0.006105088,9.9945068359375,9.98687744140625
0.006106112,9.9945068359375,9.98687744140625
0.006107136,9.9945068359375,9.98687744140625
0.00610816,10.00213623046875,9.98687744140625
0.006109184,9.97161865234375,9.98687744140625
0.006110208,10.01739501953125,9.98687744140625
0.006111232,9.97161865234375,9.98687744140625
0.006112256,9.98687744140625,9.98687744140625
0.00611328,9.9945068359375,9.98687744140625
0.006114304,9.9945068359375,9.98687744140625
0.006115328,9.97161865234375,9.98687744140625
0.006116352,10.0250244140625,9.98687744140625
0.006117376,9.95635986328125,9.98687744140625
0.0061184,10.00213623046875,9.98687744140625
0.006119424,9.9639892578125,9.98687744140625
0.006120448,10.009765625,9.98687744140625
0.006121472,9.9639892578125,9.98687744140625
0.006122496,10.0250244140625,9.98687744140625
0.00612352,9.97161865234375,9.98687744140625
0.006124544,9.979248046875,9.98687744140625
0.006125568,9.9945068359375,9.98687744140625
0.006126592,10.00213623046875,9.98687744140625
0.006127616,9.9945068359375,9.98687744140625
0.00612864,10.009765625,9.98687744140625
0.006129664,9.98687744140625,9.98687744140625
0.006130688,10.00213623046875,9.98687744140625
0.006131712,10.00213623046875,9.98687744140625
0.006132736,9.95635986328125,9.98687744140625
0.00613376,9.98687744140625,9.98687744140625
0.006134784,9.98687744140625,9.98687744140625
0.006135808,9.98687744140625,9.98687744140625
0.006136832,9.98687744140625,9.98687744140625
0.006137856,9.97161865234375,9.98687744140625
0.00613888,9.98687744140625,9.98687744140625
0.006139904,9.9945068359375,9.98687744140625
0.006140928,9.9945068359375,9.98687744140625
0.006141952,10.00213623046875,9.98687744140625
0.006142976,9.979248046875,9.98687744140625
0.006144,9.9945068359375,9.98687744140625
0.006145024,10.009765625,9.98687744140625
0.006146048,9.979248046875,9.98687744140625
0.006147072,10.00213623046875,9.98687744140625
0.006148096,9.98687744140625,9.98687744140625
0.00614912,9.98687744140625,9.98687744140625
0.006150144,9.979248046875,9.98687744140625
0.006151168,9.979248046875,9.9945068359375
0.006152192,9.979248046875,9.98687744140625
0.006153216,9.979248046875,9.98687744140625
0.00615424,9.979248046875,9.98687744140625
0.006155264,9.9945068359375,9.98687744140625
0.006156288,9.98687744140625,9.98687744140625
0.006157312,9.98687744140625,9.98687744140625
0.006158336,9.98687744140625,9.98687744140625
0.00615936,9.98687744140625,9.98687744140625
0.006160384,9.9945068359375,9.98687744140625
0.006161408,9.979248046875,9.98687744140625
0.006162432,9.9945068359375,9.98687744140625
0.006163456,10.00213623046875,9.98687744140625
0.00616448,10.00213623046875,9.98687744140625
0.006165504,10.00213623046875,9.98687744140625
0.006166528,10.00213623046875,9.98687744140625
0.006167552,10.009765625,9.98687744140625
0.006168576,9.9639892578125,9.98687744140625
0.0061696,10.00213623046875,9.98687744140625
0.006170624,9.9945068359375,9.98687744140625
0.006171648,9.98687744140625,9.98687744140625
0.006172672,9.98687744140625,9.98687744140625
0.006173696,10.00213623046875,9.98687744140625
0.00617472,9.98687744140625,9.98687744140625
0.006175744,9.9945068359375,9.98687744140625
0.006176768,10.00213623046875,9.98687744140625
0.006177792,10.00213623046875,9.98687744140625
0.006178816,9.979248046875,9.98687744140625
0.00617984,10.00213623046875,9.98687744140625
0.006180864,9.979248046875,9.98687744140625
0.006181888,9.9639892578125,9.98687744140625
0.006182912,10.00213623046875,9.98687744140625
0.006183936,10.00213623046875,9.98687744140625
0.00618496,10.009765625,9.98687744140625
0.006185984,9.98687744140625,9.98687744140625
0.006187008,9.9945068359375,9.98687744140625
0.006188032,9.979248046875,9.98687744140625
0.006189056,9.98687744140625,9.98687744140625
0.00619008,9.98687744140625,9.98687744140625
0.006191104,10.00213623046875,9.98687744140625
0.006192128,9.979248046875,9.9945068359375
0.006193152,9.9945068359375,9.98687744140625
0.006194176,9.979248046875,9.98687744140625
0.0061952,9.979248046875,9.98687744140625
0.006196224,9.9945068359375,9.98687744140625
0.006197248,9.9945068359375,9.98687744140625
0.006198272,10.00213623046875,9.98687744140625
0.006199296,10.00213623046875,9.98687744140625
0.00620032,10.00213623046875,9.98687744140625
0.006201344,9.9945068359375,9.98687744140625
0.006202368,10.00213623046875,9.98687744140625
0.006203392,9.9639892578125,9.98687744140625
0.006204416,10.01739501953125,9.98687744140625
0.00620544,9.95635986328125,9.98687744140625
0.006206464,10.00213623046875,9.98687744140625
0.006207488,9.98687744140625,9.98687744140625
0.006208512,9.97161865234375,9.98687744140625
0.006209536,10.00213623046875,9.98687744140625
0.00621056,9.979248046875,9.98687744140625
0.006211584,9.98687744140625,9.98687744140625
0.006212608,9.9945068359375,9.98687744140625
0.006213632,10.00213623046875,9.98687744140625
0.006214656,9.98687744140625,9.98687744140625
0.00621568,9.9945068359375,9.98687744140625
0.006216704,9.9945068359375,9.98687744140625
0.006217728,9.9945068359375,9.98687744140625
0.006218752,9.9945068359375,9.98687744140625
0.006219776,10.00213623046875,9.98687744140625
0.0062208,9.9945068359375,9.98687744140625
0.006221824,10.009765625,9.98687744140625
0.006222848,9.979248046875,9.98687744140625
0.006223872,9.979248046875,9.98687744140625
0.006224896,9.94873046875,9.98687744140625
0.00622592,9.95635986328125,9.98687744140625
0.006226944,9.979248046875,9.98687744140625
0.006227968,9.979248046875,9.98687744140625
0.006228992,9.9945068359375,9.98687744140625
0.006230016,10.00213623046875,9.98687744140625
0.00623104,10.009765625,9.98687744140625
0.006232064,9.9639892578125,9.98687744140625
0.006233088,10.00213623046875,9.98687744140625
0.006234112,10.00213623046875,9.98687744140625
0.006235136,10.01739501953125,9.98687744140625
0.00623616,9.97161865234375,9.98687744140625
0.006237184,10.01739501953125,9.98687744140625
0.006238208,9.98687744140625,9.98687744140625
0.006239232,9.9945068359375,9.98687744140625
0.006240256,9.979248046875,9.98687744140625
0.00624128,10.00213623046875,9.98687744140625
0.006242304,10.00213623046875,9.98687744140625
0.006243328,9.9945068359375,9.98687744140625
0.006244352,9.9945068359375,9.98687744140625
0.006245376,9.979248046875,9.98687744140625
0.0062464,9.979248046875,9.98687744140625
0.006247424,9.9945068359375,9.98687744140625
0.006248448,9.98687744140625,9.98687744140625
0.006249472,9.9945068359375,9.98687744140625
0.006250496,10.00213623046875,9.98687744140625
0.00625152,10.009765625,9.98687744140625
0.006252544,9.979248046875,9.98687744140625
0.006253568,10.00213623046875,9.98687744140625
0.006254592,10.00213623046875,9.98687744140625
0.006255616,10.009765625,9.98687744140625
0.00625664,9.97161865234375,9.98687744140625
0.006257664,10.00213623046875,9.98687744140625
0.006258688,9.98687744140625,9.98687744140625
0.006259712,9.9945068359375,9.98687744140625
0.006260736,9.9945068359375,9.9945068359375
0.00626176,9.98687744140625,9.98687744140625
0.006262784,9.98687744140625,9.98687744140625
0.006263808,10.00213623046875,9.98687744140625
0.006264832,10.01739501953125,9.98687744140625
0.006265856,10.009765625,9.98687744140625
0.00626688,9.97161865234375,9.98687744140625
0.006267904,10.009765625,9.98687744140625
0.006268928,9.94873046875,9.98687744140625
0.006269952,9.9945068359375,9.98687744140625
0.006270976,9.9945068359375,9.98687744140625
0.006272,10.009765625,9.98687744140625
0.006273024,9.9945068359375,9.98687744140625
0.006274048,10.009765625,9.98687744140625
0.006275072,9.979248046875,9.98687744140625
0.006276096,10.00213623046875,9.98687744140625
0.00627712,9.97161865234375,9.98687744140625
0.006278144,10.00213623046875,9.98687744140625
0.006279168,9.97161865234375,9.98687744140625
0.006280192,10.009765625,9.98687744140625
0.006281216,9.95635986328125,9.98687744140625
0.00628224,9.9945068359375,9.98687744140625
0.006283264,10.00213623046875,9.98687744140625
0.006284288,9.98687744140625,9.98687744140625
0.006285312,9.9945068359375,9.98687744140625
0.006286336,10.00213623046875,9.98687744140625
0.00628736,9.97161865234375,9.98687744140625
0.006288384,10.01739501953125,9.98687744140625
0.006289408,9.97161865234375,9.98687744140625
0.006290432,10.01739501953125,9.98687744140625
0.006291456,9.97161865234375,9.98687744140625
0.00629248,9.9945068359375,9.98687744140625
0.006293504,10.00213623046875,9.98687744140625
0.006294528,10.00213623046875,9.98687744140625
0.006295552,9.97161865234375,9.98687744140625
0.006296576,9.9945068359375,9.98687744140625
0.0062976,9.98687744140625,9.98687744140625
0.006298624,9.979248046875,9.98687744140625
0.006299648,9.98687744140625,9.98687744140625
0.006300672,9.98687744140625,9.98687744140625
0.006301696,9.9945068359375,9.98687744140625
0.00630272,10.00213623046875,9.98687744140625
0.006303744,10.00213623046875,9.98687744140625
0.006304768,9.9945068359375,9.98687744140625
0.006305792,9.9945068359375,9.98687744140625
0.006306816,10.009765625,9.98687744140625
0.00630784,9.98687744140625,9.98687744140625
0.006308864,10.0250244140625,9.9945068359375
0.006309888,9.94873046875,9.98687744140625
0.006310912,9.979248046875,9.98687744140625
0.006311936,9.95635986328125,9.98687744140625
0.00631296,9.98687744140625,9.98687744140625
0.006313984,10.009765625,9.98687744140625
0.006315008,9.979248046875,9.98687744140625
0.006316032,10.00213623046875,9.98687744140625
0.006317056,9.98687744140625,9.98687744140625
0.00631808,9.98687744140625,9.98687744140625
0.006319104,9.979248046875,9.98687744140625
0.006320128,9.9945068359375,9.98687744140625
0.006321152,9.9945068359375,9.98687744140625
0.006322176,9.9945068359375,9.98687744140625
0.0063232,10.009765625,9.98687744140625
0.006324224,9.97161865234375,9.98687744140625
0.006325248,9.98687744140625,9.98687744140625
0.006326272,9.9945068359375,9.98687744140625
0.006327296,9.9945068359375,9.98687744140625
0.00632832,10.00213623046875,9.98687744140625
0.006329344,9.97161865234375,9.98687744140625
0.006330368,10.009765625,9.98687744140625
0.006331392,9.97161865234375,9.98687744140625
0.006332416,10.00213623046875,9.98687744140625
0.00633344,9.9639892578125,9.98687744140625
0.006334464,9.98687744140625,9.98687744140625
0.006335488,9.979248046875,9.98687744140625
0.006336512,9.97161865234375,9.98687744140625
0.006337536,10.01739501953125,9.98687744140625
0.00633856,9.97161865234375,9.98687744140625
0.006339584,10.009765625,9.98687744140625
0.006340608,9.97161865234375,9.98687744140625
0.006341632,10.009765625,9.98687744140625
0.006342656,9.97161865234375,9.98687744140625
0.00634368,10.009765625,9.98687744140625
0.006344704,9.95635986328125,9.98687744140625
0.006345728,10.00213623046875,9.98687744140625
0.006346752,9.9639892578125,9.98687744140625
0.006347776,10.01739501953125,9.98687744140625
0.0063488,9.97161865234375,9.98687744140625
0.006349824,10.00213623046875,9.98687744140625
0.006350848,10.0250244140625,9.98687744140625
0.006351872,9.98687744140625,9.98687744140625
0.006352896,9.98687744140625,9.98687744140625
0.00635392,9.94873046875,9.98687744140625
0.006354944,9.979248046875,9.98687744140625
0.006355968,9.9639892578125,9.98687744140625
0.006356992,10.009765625,9.98687744140625
0.006358016,9.9639892578125,9.98687744140625
0.00635904,10.01739501953125,9.98687744140625
0.006360064,9.97161865234375,9.98687744140625
0.006361088,9.9945068359375,9.98687744140625
0.006362112,9.9945068359375,9.98687744140625
0.006363136,9.9945068359375,9.98687744140625
0.00636416,10.00213623046875,9.98687744140625
0.006365184,9.97161865234375,9.98687744140625
0.006366208,10.0250244140625,9.98687744140625
0.006367232,9.979248046875,9.98687744140625
0.006368256,9.98687744140625,9.98687744140625
0.00636928,9.98687744140625,9.98687744140625
0.006370304,9.98687744140625,9.98687744140625
0.006371328,9.98687744140625,9.98687744140625
0.006372352,9.979248046875,9.98687744140625
0.006373376,9.98687744140625,9.98687744140625
0.0063744,9.979248046875,9.98687744140625
0.006375424,9.98687744140625,9.98687744140625
0.006376448,9.9945068359375,9.98687744140625
0.006377472,9.98687744140625,9.98687744140625
0.006378496,9.98687744140625,9.98687744140625
0.00637952,9.98687744140625,9.98687744140625
0.006380544,9.9945068359375,9.98687744140625
0.006381568,10.00213623046875,9.98687744140625
0.006382592,10.009765625,9.98687744140625
0.006383616,9.979248046875,9.98687744140625
0.00638464,9.9945068359375,9.98687744140625
0.006385664,10.00213623046875,9.98687744140625
0.006386688,10.009765625,9.98687744140625
0.006387712,9.97161865234375,9.98687744140625
0.006388736,10.03265380859375,9.98687744140625
0.00638976,9.97161865234375,9.98687744140625
0.006390784,10.00213623046875,9.98687744140625
0.006391808,9.98687744140625,9.98687744140625
0.006392832,9.9945068359375,9.98687744140625
0.006393856,10.009765625,9.98687744140625
0.00639488,9.979248046875,9.98687744140625
0.006395904,9.979248046875,9.98687744140625
0.006396928,9.95635986328125,9.98687744140625
0.006397952,9.97161865234375,9.98687744140625
0.006398976,10.00213623046875,9.98687744140625
0.0064,9.9945068359375,9.98687744140625
0.006401024,10.009765625,9.98687744140625
0.006402048,9.97161865234375,9.98687744140625
0.006403072,10.03265380859375,9.98687744140625
0.006404096,9.979248046875,9.98687744140625
0.00640512,9.9945068359375,9.98687744140625
0.006406144,10.00213623046875,9.98687744140625
0.006407168,9.9639892578125,9.98687744140625
0.006408192,10.01739501953125,9.98687744140625
0.006409216,9.9639892578125,9.98687744140625
0.00641024,9.9945068359375,9.98687744140625
0.006411264,9.9945068359375,9.98687744140625
0.006412288,9.979248046875,9.98687744140625
0.006413312,9.98687744140625,9.98687744140625
0.006414336,9.98687744140625,9.98687744140625
0.00641536,10.00213623046875,9.98687744140625
0.006416384,9.9945068359375,9.98687744140625
0.006417408,10.00213623046875,9.98687744140625
0.006418432,10.00213623046875,9.98687744140625
0.006419456,9.9945068359375,9.98687744140625
0.00642048,10.009765625,9.98687744140625
0.006421504,9.979248046875,9.98687744140625
0.006422528,9.979248046875,9.98687744140625
0.006423552,10.00213623046875,9.98687744140625
0.006424576,10.00213623046875,9.98687744140625
0.0064256,9.98687744140625,9.98687744140625
0.006426624,9.9945068359375,9.98687744140625
0.006427648,9.98687744140625,9.98687744140625
0.006428672,9.9945068359375,9.98687744140625
0.006429696,10.009765625,9.9945068359375
0.00643072,9.9639892578125,9.98687744140625
0.006431744,10.01739501953125,9.98687744140625
0.006432768,9.97161865234375,9.98687744140625
0.006433792,10.01739501953125,9.98687744140625
0.006434816,9.9639892578125,9.98687744140625
0.00643584,10.009765625,9.98687744140625
0.006436864,9.9945068359375,9.98687744140625
0.006437888,10.01739501953125,9.98687744140625
0.006438912,9.97161865234375,9.98687744140625
0.006439936,9.98687744140625,9.98687744140625
0.00644096,9.97161865234375,9.98687744140625
0.006441984,9.98687744140625,9.98687744140625
0.006443008,9.9945068359375,9.98687744140625
0.006444032,9.9945068359375,9.98687744140625
0.006445056,9.9945068359375,9.98687744140625
0.00644608,9.9945068359375,9.98687744140625
0.006447104,9.9945068359375,9.98687744140625
0.006448128,9.98687744140625,9.98687744140625
0.006449152,9.98687744140625,9.98687744140625
0.006450176,9.98687744140625,9.98687744140625
0.0064512,10.00213623046875,9.98687744140625
0.006452224,10.01739501953125,9.98687744140625
0.006453248,9.97161865234375,9.98687744140625
0.006454272,10.0250244140625,9.98687744140625
0.006455296,9.97161865234375,9.98687744140625
0.00645632,10.01739501953125,9.98687744140625
0.006457344,9.97161865234375,9.98687744140625
0.006458368,10.009765625,9.98687744140625
0.006459392,9.97161865234375,9.9945068359375
0.006460416,10.009765625,9.98687744140625
0.00646144,9.9639892578125,9.98687744140625
0.006462464,10.009765625,9.98687744140625
0.006463488,9.94873046875,9.98687744140625
0.006464512,10.00213623046875,9.98687744140625
0.006465536,9.9945068359375,9.98687744140625
0.00646656,9.979248046875,9.98687744140625
0.006467584,9.98687744140625,9.98687744140625
0.006468608,9.9945068359375,9.98687744140625
0.006469632,10.00213623046875,9.9945068359375
0.006470656,10.00213623046875,9.98687744140625
0.00647168,9.9945068359375,9.98687744140625
0.006472704,10.00213623046875,9.98687744140625
0.006473728,10.00213623046875,9.98687744140625
0.006474752,9.979248046875,9.98687744140625
0.006475776,9.98687744140625,9.98687744140625
0.0064768,9.98687744140625,9.98687744140625
0.006477824,9.979248046875,9.98687744140625
0.006478848,9.9945068359375,9.98687744140625
0.006479872,10.00213623046875,9.98687744140625
0.006480896,9.979248046875,9.98687744140625
0.00648192,9.9945068359375,9.98687744140625
0.006482944,9.9639892578125,9.98687744140625
0.006483968,9.979248046875,9.98687744140625
0.006484992,9.94110107421875,9.98687744140625
0.006486016,9.9639892578125,9.98687744140625
0.00648704,10.009765625,9.98687744140625
0.006488064,9.979248046875,9.98687744140625
0.006489088,9.9945068359375,9.98687744140625
0.006490112,10.009765625,9.98687744140625
0.006491136,9.97161865234375,9.98687744140625
0.00649216,10.01739501953125,9.98687744140625
0.006493184,9.9639892578125,9.98687744140625
0.006494208,10.0250244140625,9.98687744140625
0.006495232,9.979248046875,9.98687744140625
0.006496256,9.9945068359375,9.98687744140625
0.00649728,9.979248046875,9.98687744140625
0.006498304,9.98687744140625,9.98687744140625
0.006499328,9.97161865234375,9.98687744140625
0.006500352,10.009765625,9.98687744140625
0.006501376,9.94873046875,9.98687744140625
0.0065024,10.009765625,9.98687744140625
0.006503424,9.95635986328125,9.98687744140625
0.006504448,10.01739501953125,9.98687744140625
0.006505472,9.97161865234375,9.98687744140625
0.006506496,10.0250244140625,9.98687744140625
0.00650752,9.97161865234375,9.98687744140625
0.006508544,10.0250244140625,9.98687744140625
0.006509568,9.979248046875,9.98687744140625
0.006510592,9.98687744140625,9.98687744140625
0.006511616,9.9945068359375,9.98687744140625
0.00651264,9.9945068359375,9.98687744140625
0.006513664,9.98687744140625,9.98687744140625
0.006514688,10.009765625,9.98687744140625
0.006515712,9.9639892578125,9.98687744140625
0.006516736,10.009765625,9.98687744140625
0.00651776,9.9639892578125,9.98687744140625
0.006518784,10.009765625,9.98687744140625
0.006519808,9.97161865234375,9.98687744140625
0.006520832,10.0250244140625,9.98687744140625
0.006521856,9.97161865234375,9.98687744140625
0.00652288,10.009765625,9.98687744140625
0.006523904,9.97161865234375,9.98687744140625
0.006524928,10.03265380859375,9.98687744140625
0.006525952,9.98687744140625,9.98687744140625
0.006526976,9.9945068359375,9.98687744140625
0.006528,9.9639892578125,9.98687744140625
0.006529024,9.98687744140625,9.98687744140625
0.006530048,9.9639892578125,9.98687744140625
0.006531072,10.009765625,9.98687744140625
0.006532096,9.97161865234375,9.98687744140625
0.00653312,10.0250244140625,9.98687744140625
0.006534144,9.98687744140625,9.98687744140625
0.006535168,9.9945068359375,9.98687744140625
0.006536192,9.979248046875,9.98687744140625
0.006537216,9.98687744140625,9.98687744140625
0.00653824,10.00213623046875,9.98687744140625
0.006539264,10.009765625,9.98687744140625
0.006540288,9.97161865234375,9.98687744140625
0.006541312,10.009765625,9.98687744140625
0.006542336,9.94873046875,9.98687744140625
0.00654336,10.00213623046875,9.98687744140625
0.006544384,9.9945068359375,9.9945068359375
0.006545408,10.00213623046875,9.98687744140625
0.006546432,9.979248046875,9.98687744140625
0.006547456,9.979248046875,9.98687744140625
0.00654848,9.98687744140625,9.98687744140625
0.006549504,9.98687744140625,9.98687744140625
0.006550528,9.97161865234375,9.98687744140625
0.006551552,10.00213623046875,9.98687744140625
0.006552576,9.98687744140625,9.98687744140625
0.0065536,9.98687744140625,9.98687744140625
0.006554624,9.98687744140625,9.98687744140625
0.006555648,9.979248046875,9.98687744140625
0.006556672,10.00213623046875,9.98687744140625
0.006557696,9.979248046875,9.98687744140625
0.00655872,9.98687744140625,9.98687744140625
0.006559744,9.9945068359375,9.98687744140625
0.006560768,9.98687744140625,9.98687744140625
0.006561792,9.979248046875,9.98687744140625
0.006562816,9.98687744140625,9.98687744140625
0.00656384,9.98687744140625,9.98687744140625
0.006564864,9.9945068359375,9.98687744140625
0.006565888,9.98687744140625,9.98687744140625
0.006566912,9.98687744140625,9.98687744140625
0.006567936,9.98687744140625,9.98687744140625
0.00656896,9.9945068359375,9.98687744140625
0.006569984,10.01739501953125,9.98687744140625
0.006571008,9.9945068359375,9.98687744140625
0.006572032,9.9945068359375,9.98687744140625
0.006573056,9.9639892578125,9.98687744140625
0.00657408,9.97161865234375,9.98687744140625
0.006575104,9.979248046875,9.98687744140625
0.006576128,9.979248046875,9.98687744140625
0.006577152,10.009765625,9.98687744140625
0.006578176,9.97161865234375,9.98687744140625
0.0065792,10.0250244140625,9.98687744140625
0.006580224,9.9639892578125,9.98687744140625
0.006581248,10.01739501953125,9.98687744140625
0.006582272,9.97161865234375,9.98687744140625
0.006583296,10.0250244140625,9.98687744140625
0.00658432,9.979248046875,9.98687744140625
0.006585344,10.01739501953125,9.98687744140625
0.006586368,9.9639892578125,9.9945068359375
0.006587392,10.00213623046875,9.98687744140625
0.006588416,9.9945068359375,9.98687744140625
0.00658944,9.9945068359375,9.98687744140625
0.006590464,9.98687744140625,9.98687744140625
0.006591488,9.98687744140625,9.98687744140625
0.006592512,9.98687744140625,9.98687744140625
0.006593536,9.98687744140625,9.98687744140625
0.00659456,9.97161865234375,9.98687744140625
0.006595584,10.009765625,9.98687744140625
0.006596608,9.95635986328125,9.98687744140625
0.006597632,10.009765625,9.98687744140625
0.006598656,9.97161865234375,9.98687744140625
0.00659968,10.01739501953125,9.98687744140625
0.006600704,9.9639892578125,9.98687744140625
0.006601728,10.01739501953125,9.98687744140625
0.006602752,9.979248046875,9.98687744140625
0.006603776,9.9945068359375,9.98687744140625
0.0066048,10.009765625,9.98687744140625
0.006605824,9.97161865234375,9.98687744140625
0.006606848,10.03265380859375,9.98687744140625
0.006607872,9.9639892578125,9.98687744140625
0.006608896,10.0250244140625,9.98687744140625
0.00660992,9.97161865234375,9.98687744140625
0.006610944,10.00213623046875,9.98687744140625
0.006611968,9.9945068359375,9.98687744140625
0.006612992,10.00213623046875,9.98687744140625
0.006614016,10.009765625,9.98687744140625
0.00661504,9.979248046875,9.98687744140625
0.006616064,9.95635986328125,9.98687744140625
0.006617088,9.979248046875,9.98687744140625
0.006618112,9.9639892578125,9.98687744140625
0.006619136,10.00213623046875,9.98687744140625
0.00662016,10.01739501953125,9.98687744140625
0.006621184,9.979248046875,9.98687744140625
0.006622208,10.009765625,9.98687744140625
0.006623232,9.979248046875,9.98687744140625
0.006624256,10.009765625,9.98687744140625
0.00662528,9.95635986328125,9.98687744140625
0.006626304,10.01739501953125,9.98687744140625
0.006627328,9.9945068359375,9.98687744140625
0.006628352,9.9945068359375,9.98687744140625
0.006629376,9.98687744140625,9.98687744140625
0.0066304,9.98687744140625,9.98687744140625
0.006631424,9.98687744140625,9.98687744140625
0.006632448,9.98687744140625,9.98687744140625
0.006633472,9.98687744140625,9.98687744140625
0.006634496,10.00213623046875,9.98687744140625
0.00663552,9.9945068359375,9.98687744140625
0.006636544,9.98687744140625,9.98687744140625
0.006637568,9.9945068359375,9.98687744140625
0.006638592,10.00213623046875,9.98687744140625
0.006639616,9.9945068359375,9.98687744140625
0.00664064,10.00213623046875,9.98687744140625
0.006641664,9.9945068359375,9.98687744140625
0.006642688,10.00213623046875,9.98687744140625
0.006643712,9.9945068359375,9.98687744140625
0.006644736,9.9945068359375,9.98687744140625
0.00664576,9.9945068359375,9.98687744140625
0.006646784,10.00213623046875,9.98687744140625
0.006647808,9.9945068359375,9.98687744140625
0.006648832,9.979248046875,9.98687744140625
0.006649856,9.98687744140625,9.98687744140625
0.00665088,9.98687744140625,9.98687744140625
0.006651904,9.9945068359375,9.9945068359375
0.006652928,9.9945068359375,9.98687744140625
0.006653952,9.9945068359375,9.98687744140625
0.006654976,9.98687744140625,9.98687744140625
0.006656,10.01739501953125,9.98687744140625
0.006657024,9.98687744140625,9.98687744140625
0.006658048,10.01739501953125,9.98687744140625
0.006659072,9.9639892578125,9.98687744140625
0.006660096,9.9945068359375,9.98687744140625
0.00666112,9.9639892578125,9.98687744140625
0.006662144,10.00213623046875,9.98687744140625
0.006663168,10.00213623046875,9.98687744140625
0.006664192,10.00213623046875,9.98687744140625
0.006665216,10.00213623046875,9.98687744140625
0.00666624,10.00213623046875,9.98687744140625
0.006667264,9.9945068359375,9.98687744140625
0.006668288,9.9945068359375,9.98687744140625
0.006669312,10.00213623046875,9.98687744140625
0.006670336,10.01739501953125,9.98687744140625
0.00667136,9.979248046875,9.98687744140625
0.006672384,10.009765625,9.98687744140625
0.006673408,9.97161865234375,9.98687744140625
0.006674432,10.01739501953125,9.98687744140625
0.006675456,9.979248046875,9.98687744140625
0.00667648,9.9945068359375,9.98687744140625
0.006677504,9.979248046875,9.98687744140625
0.006678528,10.009765625,9.98687744140625
0.006679552,9.9639892578125,9.98687744140625
0.006680576,10.009765625,9.98687744140625
0.0066816,9.9639892578125,9.98687744140625
0.006682624,10.01739501953125,9.98687744140625
0.006683648,9.95635986328125,9.98687744140625
0.006684672,10.00213623046875,9.98687744140625
0.006685696,9.9639892578125,9.98687744140625
0.00668672,10.01739501953125,9.98687744140625
0.006687744,9.97161865234375,9.98687744140625
0.006688768,10.01739501953125,9.98687744140625
0.006689792,9.9639892578125,9.98687744140625
0.006690816,10.01739501953125,9.98687744140625
0.00669184,9.979248046875,9.98687744140625
0.006692864,9.9945068359375,9.98687744140625
0.006693888,10.00213623046875,9.98687744140625
0.006694912,10.00213623046875,9.98687744140625
0.006695936,9.9945068359375,9.98687744140625
0.00669696,9.9945068359375,9.98687744140625
0.006697984,9.98687744140625,9.98687744140625
0.006699008,10.00213623046875,9.98687744140625
0.006700032,9.9945068359375,9.98687744140625
0.006701056,10.01739501953125,9.98687744140625
0.00670208,9.98687744140625,9.98687744140625
0.006703104,10.00213623046875,9.98687744140625
0.006704128,9.92584228515625,9.98687744140625
0.006705152,9.97161865234375,9.98687744140625
0.006706176,9.97161865234375,9.98687744140625
0.0067072,10.01739501953125,9.98687744140625
0.006708224,9.98687744140625,9.98687744140625
0.006709248,10.01739501953125,9.98687744140625
0.006710272,9.979248046875,9.98687744140625
0.006711296,10.009765625,9.9945068359375
0.00671232,9.97161865234375,9.98687744140625
0.006713344,10.009765625,9.98687744140625
0.006714368,9.97161865234375,9.98687744140625
0.006715392,9.979248046875,9.98687744140625
0.006716416,10.00213623046875,9.98687744140625
0.00671744,10.00213623046875,9.98687744140625
0.006718464,9.9639892578125,9.98687744140625
0.006719488,10.00213623046875,9.98687744140625
0.006720512,10.00213623046875,9.98687744140625
0.006721536,9.98687744140625,9.98687744140625
0.00672256,9.98687744140625,9.98687744140625
0.006723584,9.98687744140625,9.98687744140625
0.006724608,10.00213623046875,9.98687744140625
0.006725632,9.95635986328125,9.98687744140625
0.006726656,10.009765625,9.98687744140625
0.00672768,9.9639892578125,9.98687744140625
0.006728704,10.009765625,9.98687744140625
0.006729728,9.97161865234375,9.98687744140625
0.006730752,10.009765625,9.98687744140625
0.006731776,9.979248046875,9.98687744140625
0.0067328,10.00213623046875,9.98687744140625
0.006733824,9.9639892578125,9.98687744140625
0.006734848,10.01739501953125,9.98687744140625
0.006735872,9.979248046875,9.98687744140625
0.006736896,9.9945068359375,9.98687744140625
0.00673792,10.01739501953125,9.98687744140625
0.006738944,9.94873046875,9.98687744140625
0.006739968,10.00213623046875,9.98687744140625
0.006740992,9.9945068359375,9.98687744140625
0.006742016,9.9945068359375,9.98687744140625
0.00674304,9.98687744140625,9.98687744140625
0.006744064,10.00213623046875,9.98687744140625
0.006745088,10.009765625,9.98687744140625
0.006746112,9.979248046875,9.98687744140625
0.006747136,10.009765625,9.98687744140625
0.00674816,9.95635986328125,9.98687744140625
0.006749184,9.98687744140625,9.98687744140625
0.006750208,9.95635986328125,9.98687744140625
0.006751232,9.98687744140625,9.98687744140625
0.006752256,9.9945068359375,9.98687744140625
0.00675328,10.009765625,9.98687744140625
0.006754304,9.979248046875,9.98687744140625
0.006755328,10.009765625,9.98687744140625
0.006756352,9.97161865234375,9.98687744140625
0.006757376,10.009765625,9.98687744140625
0.0067584,9.9639892578125,9.98687744140625
0.006759424,10.0250244140625,9.98687744140625
0.006760448,9.95635986328125,9.98687744140625
0.006761472,10.01739501953125,9.98687744140625
0.006762496,9.979248046875,9.98687744140625
0.00676352,9.979248046875,9.98687744140625
0.006764544,9.98687744140625,9.98687744140625
0.006765568,10.00213623046875,9.98687744140625
0.006766592,9.97161865234375,9.98687744140625
0.006767616,10.00213623046875,9.98687744140625
0.00676864,9.98687744140625,9.98687744140625
0.006769664,9.98687744140625,9.98687744140625
0.006770688,9.98687744140625,9.98687744140625
0.006771712,9.9945068359375,9.98687744140625
0.006772736,9.9945068359375,9.98687744140625
0.00677376,9.9945068359375,9.98687744140625
0.006774784,9.9945068359375,9.98687744140625
0.006775808,9.98687744140625,9.98687744140625
0.006776832,9.979248046875,9.98687744140625
0.006777856,9.98687744140625,9.98687744140625
0.00677888,9.98687744140625,9.98687744140625
0.006779904,9.9945068359375,9.98687744140625
0.006780928,9.9945068359375,9.98687744140625
0.006781952,9.9945068359375,9.9945068359375
0.006782976,9.9945068359375,9.98687744140625
0.006784,9.9945068359375,9.98687744140625
0.006785024,10.00213623046875,9.98687744140625
0.006786048,9.9945068359375,9.98687744140625
0.006787072,9.98687744140625,9.98687744140625
0.006788096,9.9945068359375,9.98687744140625
0.00678912,10.0250244140625,9.98687744140625
0.006790144,9.98687744140625,9.98687744140625
0.006791168,9.95635986328125,9.98687744140625
0.006792192,9.98687744140625,9.98687744140625
0.006793216,9.95635986328125,9.98687744140625
0.00679424,9.9945068359375,9.98687744140625
0.006795264,9.9945068359375,9.98687744140625
0.006796288,10.00213623046875,9.98687744140625
0.006797312,10.00213623046875,9.98687744140625
0.006798336,9.979248046875,9.98687744140625
0.00679936,9.98687744140625,9.98687744140625
0.006800384,9.979248046875,9.98687744140625
0.006801408,9.98687744140625,9.98687744140625
0.006802432,10.009765625,9.98687744140625
0.006803456,9.979248046875,9.98687744140625
0.00680448,9.9945068359375,9.98687744140625
0.006805504,9.98687744140625,9.98687744140625
0.006806528,9.9945068359375,9.98687744140625
0.006807552,10.00213623046875,9.98687744140625
0.006808576,9.979248046875,9.98687744140625
0.0068096,9.9945068359375,9.98687744140625
0.006810624,10.009765625,9.98687744140625
0.006811648,9.9639892578125,9.98687744140625
0.006812672,10.00213623046875,9.98687744140625
0.006813696,9.95635986328125,9.98687744140625
0.00681472,10.00213623046875,9.98687744140625
0.006815744,9.979248046875,9.98687744140625
0.006816768,9.98687744140625,9.98687744140625
0.006817792,9.9945068359375,9.98687744140625
0.006818816,9.9945068359375,9.98687744140625
0.00681984,9.9945068359375,9.98687744140625
0.006820864,10.009765625,9.9945068359375
0.006821888,9.979248046875,9.98687744140625
0.006822912,10.009765625,9.98687744140625
0.006823936,9.9639892578125,9.98687744140625
0.00682496,10.0250244140625,9.98687744140625
0.006825984,9.97161865234375,9.98687744140625
0.006827008,9.98687744140625,9.98687744140625
0.006828032,9.9945068359375,9.98687744140625
0.006829056,9.98687744140625,9.98687744140625
0.00683008,9.98687744140625,9.98687744140625
0.006831104,9.98687744140625,9.98687744140625
0.006832128,10.009765625,9.98687744140625
0.006833152,9.979248046875,9.98687744140625
0.006834176,9.979248046875,9.98687744140625
0.0068352,9.9639892578125,9.98687744140625
0.006836224,9.98687744140625,9.9945068359375
0.006837248,9.98687744140625,9.98687744140625
0.006838272,9.98687744140625,9.98687744140625
0.006839296,10.009765625,9.98687744140625
0.00684032,9.98687744140625,9.98687744140625
0.006841344,10.009765625,9.98687744140625
0.006842368,9.979248046875,9.98687744140625
0.006843392,9.9945068359375,9.98687744140625
0.006844416,10.00213623046875,9.98687744140625
0.00684544,9.9639892578125,9.98687744140625
0.006846464,10.01739501953125,9.98687744140625
0.006847488,9.97161865234375,9.98687744140625
0.006848512,9.98687744140625,9.98687744140625
0.006849536,9.979248046875,9.98687744140625
0.00685056,9.97161865234375,9.98687744140625
0.006851584,10.00213623046875,9.98687744140625
0.006852608,9.979248046875,9.98687744140625
0.006853632,9.98687744140625,9.98687744140625
0.006854656,9.979248046875,9.98687744140625
0.00685568,10.00213623046875,9.98687744140625
0.006856704,9.979248046875,9.98687744140625
0.006857728,9.979248046875,9.98687744140625
0.006858752,9.979248046875,9.98687744140625
0.006859776,9.9945068359375,9.98687744140625
0.0068608,9.98687744140625,9.98687744140625
0.006861824,9.9945068359375,9.98687744140625
0.006862848,9.9945068359375,9.98687744140625
0.006863872,9.98687744140625,9.98687744140625
0.006864896,10.009765625,9.98687744140625
0.00686592,9.9639892578125,9.98687744140625
0.006866944,10.01739501953125,9.98687744140625
0.006867968,9.97161865234375,9.98687744140625
0.006868992,9.9945068359375,9.98687744140625
0.006870016,9.9945068359375,9.98687744140625
0.00687104,9.979248046875,9.98687744140625
0.006872064,9.979248046875,9.98687744140625
0.006873088,9.979248046875,9.98687744140625
0.006874112,9.979248046875,9.98687744140625
0.006875136,10.01739501953125,9.98687744140625
0.00687616,9.98687744140625,9.98687744140625
0.006877184,10.00213623046875,9.98687744140625
0.006878208,9.979248046875,9.98687744140625
0.006879232,9.95635986328125,9.98687744140625
0.006880256,9.97161865234375,9.98687744140625
0.00688128,10.00213623046875,9.98687744140625
0.006882304,9.9945068359375,9.98687744140625
0.006883328,9.9945068359375,9.98687744140625
0.006884352,10.009765625,9.98687744140625
0.006885376,9.9639892578125,9.98687744140625
0.0068864,10.01739501953125,9.98687744140625
0.006887424,9.9639892578125,9.98687744140625
0.006888448,10.00213623046875,9.98687744140625
0.006889472,10.01739501953125,9.98687744140625
0.006890496,9.97161865234375,9.98687744140625
0.00689152,10.01739501953125,9.98687744140625
0.006892544,9.95635986328125,9.98687744140625
0.006893568,10.009765625,9.98687744140625
0.006894592,9.9639892578125,9.98687744140625
0.006895616,10.00213623046875,9.98687744140625
0.00689664,9.9945068359375,9.98687744140625
0.006897664,9.9945068359375,9.98687744140625
0.006898688,10.00213623046875,9.98687744140625
0.006899712,10.009765625,9.9945068359375
0.006900736,9.9945068359375,9.98687744140625
0.00690176,9.9945068359375,9.98687744140625
0.006902784,9.98687744140625,9.98687744140625
0.006903808,9.9945068359375,9.98687744140625
0.006904832,9.98687744140625,9.98687744140625
0.006905856,9.979248046875,9.98687744140625
0.00690688,9.979248046875,9.9945068359375
0.006907904,10.01739501953125,9.98687744140625
0.006908928,9.97161865234375,9.98687744140625
0.006909952,10.01739501953125,9.98687744140625
0.006910976,9.9639892578125,9.98687744140625
0.006912,10.0250244140625,9.98687744140625
0.006913024,9.95635986328125,9.98687744140625
0.006914048,10.01739501953125,9.98687744140625
0.006915072,9.95635986328125,9.98687744140625
0.006916096,10.01739501953125,9.98687744140625
0.00691712,9.9639892578125,9.98687744140625
0.006918144,10.009765625,9.98687744140625
0.006919168,9.979248046875,9.98687744140625
0.006920192,10.0250244140625,9.98687744140625
0.006921216,10.00213623046875,9.98687744140625
0.00692224,9.9945068359375,9.98687744140625
0.006923264,9.95635986328125,9.98687744140625
0.006924288,9.97161865234375,9.98687744140625
0.006925312,9.9945068359375,9.98687744140625
0.006926336,9.9945068359375,9.98687744140625
0.00692736,10.009765625,9.98687744140625
0.006928384,9.979248046875,9.98687744140625
0.006929408,9.9945068359375,9.98687744140625
0.006930432,10.00213623046875,9.98687744140625
0.006931456,9.9945068359375,9.98687744140625
0.00693248,9.9945068359375,9.98687744140625
0.006933504,10.01739501953125,9.98687744140625
0.006934528,9.9945068359375,9.98687744140625
0.006935552,10.01739501953125,9.98687744140625
0.006936576,9.97161865234375,9.98687744140625
0.0069376,10.0250244140625,9.98687744140625
0.006938624,9.97161865234375,9.98687744140625
0.006939648,10.0250244140625,9.98687744140625
0.006940672,9.95635986328125,9.98687744140625
0.006941696,10.0250244140625,9.98687744140625
0.00694272,9.95635986328125,9.98687744140625
0.006943744,9.9945068359375,9.98687744140625
0.006944768,9.979248046875,9.98687744140625
0.006945792,9.979248046875,9.98687744140625
0.006946816,9.98687744140625,9.98687744140625
0.00694784,9.98687744140625,9.98687744140625
0.006948864,9.979248046875,9.98687744140625
0.006949888,9.9945068359375,9.98687744140625
0.006950912,10.00213623046875,9.98687744140625
0.006951936,10.00213623046875,9.98687744140625
0.00695296,10.00213623046875,9.98687744140625
0.006953984,10.009765625,9.98687744140625
0.006955008,9.97161865234375,9.98687744140625
0.006956032,10.01739501953125,9.98687744140625
0.006957056,9.98687744140625,9.98687744140625
0.00695808,9.9945068359375,9.98687744140625
0.006959104,9.979248046875,9.98687744140625
0.006960128,9.98687744140625,9.98687744140625
0.006961152,9.979248046875,9.98687744140625
0.006962176,9.9945068359375,9.98687744140625
0.0069632,9.979248046875,9.98687744140625
0.006964224,9.979248046875,9.98687744140625
0.006965248,10.01739501953125,9.98687744140625
0.006966272,9.98687744140625,9.98687744140625
0.006967296,10.00213623046875,9.98687744140625
0.00696832,9.98687744140625,9.98687744140625
0.006969344,9.95635986328125,9.98687744140625
0.006970368,9.9945068359375,9.98687744140625
0.006971392,9.979248046875,9.98687744140625
0.006972416,10.00213623046875,9.98687744140625
0.00697344,10.00213623046875,9.98687744140625
0.006974464,10.009765625,9.98687744140625
0.006975488,9.979248046875,9.98687744140625
0.006976512,9.979248046875,9.98687744140625
0.006977536,9.98687744140625,9.98687744140625
0.00697856,9.979248046875,9.98687744140625
0.006979584,9.9945068359375,9.98687744140625
0.006980608,9.9945068359375,9.98687744140625
0.006981632,9.9945068359375,9.98687744140625
0.006982656,9.98687744140625,9.98687744140625
0.00698368,9.9945068359375,9.98687744140625
0.006984704,9.98687744140625,9.98687744140625
0.006985728,9.9945068359375,9.98687744140625
0.006986752,9.98687744140625,9.98687744140625
0.006987776,9.9945068359375,9.98687744140625
0.0069888,10.00213623046875,9.98687744140625
0.006989824,9.9945068359375,9.98687744140625
0.006990848,9.9945068359375,9.98687744140625
0.006991872,9.9945068359375,9.98687744140625
0.006992896,9.9945068359375,9.98687744140625
0.00699392,10.00213623046875,9.98687744140625
0.006994944,9.9945068359375,9.98687744140625
0.006995968,10.00213623046875,9.98687744140625
0.006996992,9.98687744140625,9.98687744140625
0.006998016,9.98687744140625,9.98687744140625
0.00699904,9.979248046875,9.98687744140625
0.007000064,10.00213623046875,9.98687744140625
0.007001088,9.98687744140625,9.98687744140625
0.007002112,10.00213623046875,9.98687744140625
0.007003136,10.00213623046875,9.98687744140625
0.00700416,10.00213623046875,9.98687744140625
0.007005184,10.00213623046875,9.98687744140625
0.007006208,10.009765625,9.98687744140625
0.007007232,9.97161865234375,9.98687744140625
0.007008256,10.01739501953125,9.98687744140625
0.00700928,9.9639892578125,9.98687744140625
0.007010304,10.01739501953125,9.98687744140625
0.007011328,9.98687744140625,9.98687744140625
0.007012352,10.0250244140625,9.98687744140625
0.007013376,9.979248046875,9.98687744140625
0.0070144,9.979248046875,9.98687744140625
0.007015424,9.94110107421875,9.98687744140625
0.007016448,9.9639892578125,9.98687744140625
0.007017472,10.00213623046875,9.98687744140625
0.007018496,9.9945068359375,9.98687744140625
0.00701952,10.009765625,9.98687744140625
0.007020544,9.979248046875,9.98687744140625
0.007021568,9.9945068359375,9.98687744140625
0.007022592,10.00213623046875,9.98687744140625
0.007023616,10.00213623046875,9.98687744140625
0.00702464,10.00213623046875,9.98687744140625
0.007025664,10.009765625,9.98687744140625
0.007026688,9.98687744140625,9.9945068359375
0.007027712,9.9945068359375,9.98687744140625
0.007028736,9.9945068359375,9.98687744140625
0.00702976,9.98687744140625,9.98687744140625
0.007030784,9.98687744140625,9.98687744140625
0.007031808,9.98687744140625,9.98687744140625
0.007032832,9.97161865234375,9.98687744140625
0.007033856,9.98687744140625,9.98687744140625
0.00703488,9.979248046875,9.98687744140625
0.007035904,9.979248046875,9.98687744140625
0.007036928,9.98687744140625,9.98687744140625
0.007037952,10.00213623046875,9.98687744140625
0.007038976,9.9945068359375,9.98687744140625
0.00704,10.00213623046875,9.98687744140625
0.007041024,9.9639892578125,9.98687744140625
0.007042048,10.0250244140625,9.98687744140625
0.007043072,9.97161865234375,9.9945068359375
0.007044096,10.009765625,9.98687744140625
0.00704512,9.9639892578125,9.98687744140625
0.007046144,10.00213623046875,9.98687744140625
0.007047168,9.9945068359375,9.98687744140625
0.007048192,9.9945068359375,9.98687744140625
0.007049216,9.9945068359375,9.98687744140625
0.00705024,9.9945068359375,9.98687744140625
0.007051264,9.9945068359375,9.98687744140625
0.007052288,9.9945068359375,9.98687744140625
0.007053312,9.9945068359375,9.98687744140625
0.007054336,9.9945068359375,9.98687744140625
0.00705536,9.9945068359375,9.98687744140625
0.007056384,10.009765625,9.98687744140625
0.007057408,9.98687744140625,9.98687744140625
0.007058432,10.00213623046875,9.98687744140625
0.007059456,9.979248046875,9.98687744140625
0.00706048,9.95635986328125,9.98687744140625
0.007061504,9.9945068359375,9.98687744140625
0.007062528,9.98687744140625,9.98687744140625
0.007063552,10.00213623046875,9.98687744140625
0.007064576,9.9945068359375,9.98687744140625
0.0070656,10.01739501953125,9.98687744140625
0.007066624,9.979248046875,9.98687744140625
0.007067648,10.00213623046875,9.98687744140625
0.007068672,10.009765625,9.98687744140625
0.007069696,9.979248046875,9.98687744140625
0.00707072,9.98687744140625,9.98687744140625
0.007071744,10.00213623046875,9.98687744140625
0.007072768,9.97161865234375,9.98687744140625
0.007073792,9.9945068359375,9.98687744140625
0.007074816,9.98687744140625,9.98687744140625
0.00707584,9.979248046875,9.98687744140625
0.007076864,9.98687744140625,9.98687744140625
0.007077888,9.98687744140625,9.98687744140625
0.007078912,9.979248046875,9.98687744140625
0.007079936,9.98687744140625,9.98687744140625
0.00708096,9.98687744140625,9.98687744140625
0.007081984,9.98687744140625,9.98687744140625
0.007083008,10.00213623046875,9.98687744140625
0.007084032,9.98687744140625,9.98687744140625
0.007085056,10.00213623046875,9.98687744140625
0.00708608,9.98687744140625,9.98687744140625
0.007087104,9.98687744140625,9.98687744140625
0.007088128,9.979248046875,9.98687744140625
0.007089152,9.98687744140625,9.98687744140625
0.007090176,9.97161865234375,9.98687744140625
0.0070912,10.01739501953125,9.98687744140625
0.007092224,9.97161865234375,9.98687744140625
0.007093248,10.009765625,9.98687744140625
0.007094272,9.97161865234375,9.98687744140625
0.007095296,10.01739501953125,9.98687744140625
0.00709632,9.97161865234375,9.98687744140625
0.007097344,10.01739501953125,9.98687744140625
0.007098368,9.979248046875,9.98687744140625
0.007099392,9.9945068359375,9.98687744140625
0.007100416,10.00213623046875,9.98687744140625
0.00710144,10.01739501953125,9.98687744140625
0.007102464,9.979248046875,9.98687744140625
0.007103488,10.00213623046875,9.98687744140625
0.007104512,9.94873046875,9.98687744140625
0.007105536,9.97161865234375,9.98687744140625
0.00710656,9.979248046875,9.98687744140625
0.007107584,9.95635986328125,9.98687744140625
0.007108608,9.98687744140625,9.98687744140625
0.007109632,10.00213623046875,9.98687744140625
0.007110656,10.00213623046875,9.98687744140625
0.00711168,9.9639892578125,9.98687744140625
0.007112704,10.009765625,9.98687744140625
0.007113728,9.97161865234375,9.98687744140625
0.007114752,10.009765625,9.98687744140625
0.007115776,9.979248046875,9.98687744140625
0.0071168,10.00213623046875,9.98687744140625
0.007117824,10.009765625,9.98687744140625
0.007118848,9.9639892578125,9.98687744140625
0.007119872,10.01739501953125,9.98687744140625
0.007120896,9.95635986328125,9.98687744140625
0.00712192,10.00213623046875,9.98687744140625
0.007122944,9.9945068359375,9.98687744140625
0.007123968,9.979248046875,9.98687744140625
0.007124992,9.97161865234375,9.98687744140625
0.007126016,10.00213623046875,9.98687744140625
0.00712704,9.98687744140625,9.98687744140625
0.007128064,9.98687744140625,9.98687744140625
0.007129088,9.9945068359375,9.98687744140625
0.007130112,9.979248046875,9.98687744140625
0.007131136,9.98687744140625,9.98687744140625
0.00713216,9.9945068359375,9.98687744140625
0.007133184,9.9945068359375,9.98687744140625
0.007134208,9.98687744140625,9.98687744140625
0.007135232,9.9945068359375,9.98687744140625
0.007136256,9.9945068359375,9.98687744140625
0.00713728,10.00213623046875,9.98687744140625
0.007138304,9.9945068359375,9.98687744140625
0.007139328,9.98687744140625,9.98687744140625
0.007140352,10.00213623046875,9.98687744140625
0.007141376,9.9945068359375,9.9945068359375
0.0071424,9.979248046875,9.98687744140625
0.007143424,9.979248046875,9.98687744140625
0.007144448,9.9945068359375,9.98687744140625
0.007145472,9.98687744140625,9.98687744140625
0.007146496,9.98687744140625,9.98687744140625
0.00714752,10.009765625,9.98687744140625
0.007148544,9.98687744140625,9.98687744140625
0.007149568,9.9945068359375,9.98687744140625
0.007150592,9.9945068359375,9.98687744140625
0.007151616,9.9945068359375,9.98687744140625
0.00715264,10.01739501953125,9.98687744140625
0.007153664,9.97161865234375,9.98687744140625
0.007154688,10.0250244140625,9.98687744140625
0.007155712,9.979248046875,9.98687744140625
0.007156736,9.98687744140625,9.98687744140625
0.00715776,9.9945068359375,9.98687744140625
0.007158784,9.9945068359375,9.98687744140625
0.007159808,10.00213623046875,9.98687744140625
0.007160832,9.9945068359375,9.98687744140625
0.007161856,9.98687744140625,9.98687744140625
0.00716288,9.9945068359375,9.9945068359375
0.007163904,10.00213623046875,9.98687744140625
0.007164928,9.9945068359375,9.98687744140625
0.007165952,9.98687744140625,9.98687744140625
0.007166976,10.00213623046875,9.98687744140625
0.007168,9.98687744140625,9.98687744140625
0.007169024,9.9945068359375,9.98687744140625
0.007170048,9.98687744140625,9.98687744140625
0.007171072,9.9945068359375,9.98687744140625
0.007172096,9.9945068359375,9.98687744140625
0.00717312,10.00213623046875,9.98687744140625
0.007174144,9.9945068359375,9.98687744140625
0.007175168,9.9945068359375,9.98687744140625
0.007176192,9.97161865234375,9.98687744140625
0.007177216,9.9945068359375,9.98687744140625
0.00717824,9.9945068359375,9.98687744140625
0.007179264,9.98687744140625,9.98687744140625
0.007180288,9.979248046875,9.98687744140625
0.007181312,9.98687744140625,9.98687744140625
0.007182336,9.9945068359375,9.98687744140625
0.00718336,9.98687744140625,9.98687744140625
0.007184384,9.98687744140625,9.98687744140625
0.007185408,9.979248046875,9.98687744140625
0.007186432,9.98687744140625,9.98687744140625
0.007187456,9.98687744140625,9.98687744140625
0.00718848,9.9945068359375,9.98687744140625
0.007189504,9.9945068359375,9.98687744140625
0.007190528,9.98687744140625,9.98687744140625
0.007191552,10.00213623046875,9.9945068359375
0.007192576,10.00213623046875,9.98687744140625
0.0071936,9.9945068359375,9.98687744140625
0.007194624,9.9945068359375,9.98687744140625
0.007195648,9.98687744140625,9.98687744140625
0.007196672,9.98687744140625,9.98687744140625
0.007197696,9.979248046875,9.98687744140625
0.00719872,9.98687744140625,9.98687744140625
0.007199744,10.00213623046875,9.98687744140625
0.007200768,9.9945068359375,9.98687744140625
0.007201792,9.9945068359375,9.98687744140625
0.007202816,9.9945068359375,9.98687744140625
0.00720384,9.98687744140625,9.98687744140625
0.007204864,9.9945068359375,9.98687744140625
0.007205888,9.9945068359375,9.98687744140625
0.007206912,9.9945068359375,9.98687744140625
0.007207936,9.9945068359375,9.98687744140625
0.00720896,10.00213623046875,9.98687744140625
0.007209984,10.00213623046875,9.98687744140625
0.007211008,10.00213623046875,9.98687744140625
0.007212032,9.98687744140625,9.98687744140625
0.007213056,9.9945068359375,9.98687744140625
0.00721408,9.979248046875,9.98687744140625
0.007215104,9.979248046875,9.98687744140625
0.007216128,9.98687744140625,9.98687744140625
0.007217152,9.9945068359375,9.98687744140625
0.007218176,9.979248046875,9.98687744140625
0.0072192,10.00213623046875,9.98687744140625
0.007220224,9.97161865234375,9.98687744140625
0.007221248,10.00213623046875,9.98687744140625
0.007222272,9.9945068359375,9.98687744140625
0.007223296,10.009765625,9.98687744140625
0.00722432,9.9639892578125,9.98687744140625
0.007225344,10.009765625,9.98687744140625
0.007226368,9.97161865234375,9.98687744140625
0.007227392,10.00213623046875,9.98687744140625
0.007228416,9.97161865234375,9.98687744140625
0.00722944,10.009765625,9.98687744140625
0.007230464,9.9639892578125,9.98687744140625
0.007231488,10.00213623046875,9.98687744140625
0.007232512,9.98687744140625,9.98687744140625
0.007233536,9.979248046875,9.98687744140625
0.00723456,9.98687744140625,9.98687744140625
0.007235584,9.9945068359375,9.98687744140625
0.007236608,9.98687744140625,9.98687744140625
0.007237632,9.98687744140625,9.98687744140625
0.007238656,9.98687744140625,9.98687744140625
0.00723968,9.9945068359375,9.98687744140625
0.007240704,9.98687744140625,9.98687744140625
0.007241728,9.98687744140625,9.98687744140625
0.007242752,9.98687744140625,9.98687744140625
0.007243776,10.00213623046875,9.98687744140625
0.0072448,9.98687744140625,9.98687744140625
0.007245824,9.9945068359375,9.98687744140625
0.007246848,9.98687744140625,9.98687744140625
0.007247872,9.9945068359375,9.98687744140625
0.007248896,9.98687744140625,9.98687744140625
0.00724992,9.979248046875,9.98687744140625
0.007250944,9.98687744140625,9.98687744140625
0.007251968,9.9945068359375,9.98687744140625
0.007252992,9.98687744140625,9.98687744140625
0.007254016,9.98687744140625,9.98687744140625
0.00725504,10.00213623046875,9.98687744140625
0.007256064,9.979248046875,9.98687744140625
0.007257088,9.98687744140625,9.98687744140625
0.007258112,10.00213623046875,9.98687744140625
0.007259136,10.00213623046875,9.98687744140625
0.00726016,10.00213623046875,9.98687744140625
0.007261184,9.98687744140625,9.98687744140625
0.007262208,10.00213623046875,9.98687744140625
0.007263232,10.009765625,9.98687744140625
0.007264256,9.979248046875,9.98687744140625
0.00726528,10.00213623046875,9.98687744140625
0.007266304,10.00213623046875,9.98687744140625
0.007267328,9.9945068359375,9.98687744140625
0.007268352,9.9945068359375,9.98687744140625
0.007269376,9.9945068359375,9.98687744140625
0.0072704,9.98687744140625,9.98687744140625
0.007271424,9.979248046875,9.98687744140625
0.007272448,10.00213623046875,9.98687744140625
0.007273472,9.95635986328125,9.98687744140625
0.007274496,10.009765625,9.98687744140625
0.00727552,9.9639892578125,9.98687744140625
0.007276544,10.009765625,9.98687744140625
0.007277568,9.979248046875,9.98687744140625
0.007278592,9.9945068359375,9.98687744140625
0.007279616,10.00213623046875,9.98687744140625
0.00728064,9.9945068359375,9.98687744140625
0.007281664,10.009765625,9.98687744140625
0.007282688,9.9639892578125,9.98687744140625
0.007283712,10.01739501953125,9.98687744140625
0.007284736,9.97161865234375,9.98687744140625
0.00728576,9.98687744140625,9.98687744140625
0.007286784,9.98687744140625,9.98687744140625
0.007287808,9.9945068359375,9.98687744140625
0.007288832,9.9945068359375,9.98687744140625
0.007289856,9.9945068359375,9.98687744140625
0.00729088,9.98687744140625,9.98687744140625
0.007291904,10.00213623046875,9.98687744140625
0.007292928,9.9945068359375,9.98687744140625
0.007293952,9.98687744140625,9.98687744140625
0.007294976,10.00213623046875,9.98687744140625
0.007296,9.9945068359375,9.98687744140625
0.007297024,9.9945068359375,9.9945068359375
0.007298048,10.00213623046875,9.98687744140625
0.007299072,9.94873046875,9.98687744140625
0.007300096,10.0250244140625,9.98687744140625
0.00730112,9.97161865234375,9.98687744140625
0.007302144,9.9945068359375,9.98687744140625
0.007303168,9.98687744140625,9.98687744140625
0.007304192,9.98687744140625,9.98687744140625
0.007305216,9.98687744140625,9.98687744140625
0.00730624,9.979248046875,9.98687744140625
0.007307264,9.9945068359375,9.98687744140625
0.007308288,9.98687744140625,9.98687744140625
0.007309312,9.9945068359375,9.98687744140625
0.007310336,9.98687744140625,9.98687744140625
0.00731136,9.9945068359375,9.98687744140625
0.007312384,9.9945068359375,9.98687744140625
0.007313408,9.979248046875,9.98687744140625
0.007314432,10.00213623046875,9.98687744140625
0.007315456,9.95635986328125,9.98687744140625
0.00731648,10.009765625,9.98687744140625
0.007317504,9.9639892578125,9.98687744140625
0.007318528,10.009765625,9.98687744140625
0.007319552,9.97161865234375,9.98687744140625
0.007320576,9.97161865234375,9.98687744140625
0.0073216,10.01739501953125,9.98687744140625
0.007322624,9.9639892578125,9.98687744140625
0.007323648,9.9945068359375,9.98687744140625
0.007324672,9.98687744140625,9.98687744140625
0.007325696,9.979248046875,9.98687744140625
0.00732672,9.9945068359375,9.98687744140625
0.007327744,9.979248046875,9.98687744140625
0.007328768,9.9945068359375,9.98687744140625
0.007329792,10.009765625,9.98687744140625
0.007330816,9.979248046875,9.98687744140625
0.00733184,10.00213623046875,9.98687744140625
0.007332864,10.009765625,9.98687744140625
0.007333888,9.97161865234375,9.98687744140625
0.007334912,10.01739501953125,9.98687744140625
0.007335936,9.9639892578125,9.98687744140625
0.00733696,10.009765625,9.98687744140625
0.007337984,9.9639892578125,9.98687744140625
0.007339008,10.0250244140625,9.98687744140625
0.007340032,9.979248046875,9.9945068359375
0.007341056,9.979248046875,9.98687744140625
0.00734208,9.9945068359375,9.98687744140625
0.007343104,9.9945068359375,9.98687744140625
0.007344128,9.9945068359375,9.98687744140625
0.007345152,9.9945068359375,9.98687744140625
0.007346176,9.9945068359375,9.98687744140625
0.0073472,9.98687744140625,9.98687744140625
0.007348224,9.98687744140625,9.98687744140625
0.007349248,9.98687744140625,9.98687744140625
0.007350272,10.009765625,9.98687744140625
0.007351296,9.97161865234375,9.98687744140625
0.00735232,10.009765625,9.98687744140625
0.007353344,9.97161865234375,9.98687744140625
0.007354368,10.01739501953125,9.98687744140625
0.007355392,9.97161865234375,9.98687744140625
0.007356416,10.01739501953125,9.98687744140625
0.00735744,9.9639892578125,9.98687744140625
0.007358464,10.00213623046875,9.98687744140625
0.007359488,9.98687744140625,9.98687744140625
0.007360512,9.98687744140625,9.98687744140625
0.007361536,9.9945068359375,9.98687744140625
0.00736256,10.00213623046875,9.98687744140625
0.007363584,9.9945068359375,9.98687744140625
0.007364608,10.00213623046875,9.98687744140625
0.007365632,9.95635986328125,9.98687744140625
0.007366656,10.009765625,9.98687744140625
0.00736768,9.97161865234375,9.98687744140625
0.007368704,9.98687744140625,9.98687744140625
0.007369728,9.9945068359375,9.98687744140625
0.007370752,9.9945068359375,9.98687744140625
0.007371776,9.9945068359375,9.98687744140625
0.0073728,10.00213623046875,9.98687744140625
0.007373824,9.979248046875,9.98687744140625
0.007374848,9.9639892578125,9.98687744140625
0.007375872,10.00213623046875,9.98687744140625
0.007376896,9.979248046875,9.98687744140625
0.00737792,9.9945068359375,9.98687744140625
0.007378944,9.9945068359375,9.98687744140625
0.007379968,9.98687744140625,9.98687744140625
0.007380992,10.00213623046875,9.98687744140625
0.007382016,9.98687744140625,9.98687744140625
0.00738304,9.9945068359375,9.98687744140625
0.007384064,9.9945068359375,9.98687744140625
0.007385088,9.979248046875,9.98687744140625
0.007386112,10.00213623046875,9.98687744140625
0.007387136,9.98687744140625,9.98687744140625
0.00738816,10.00213623046875,9.98687744140625
0.007389184,9.98687744140625,9.98687744140625
0.007390208,9.98687744140625,9.98687744140625
0.007391232,9.979248046875,9.98687744140625
0.007392256,9.9945068359375,9.98687744140625
0.00739328,9.98687744140625,9.98687744140625
0.007394304,9.979248046875,9.98687744140625
0.007395328,9.9945068359375,9.98687744140625
0.007396352,9.9945068359375,9.9945068359375
0.007397376,10.00213623046875,9.98687744140625
0.0073984,10.00213623046875,9.98687744140625
0.007399424,9.9945068359375,9.98687744140625
0.007400448,9.979248046875,9.98687744140625
0.007401472,9.98687744140625,9.98687744140625
0.007402496,9.9945068359375,9.98687744140625
0.00740352,9.9945068359375,9.98687744140625
0.007404544,10.00213623046875,9.98687744140625
0.007405568,9.9945068359375,9.98687744140625
0.007406592,9.9945068359375,9.98687744140625
0.007407616,9.9945068359375,9.98687744140625
0.00740864,9.98687744140625,9.98687744140625
0.007409664,10.00213623046875,9.98687744140625
0.007410688,9.9945068359375,9.98687744140625
0.007411712,9.979248046875,9.98687744140625
0.007412736,9.98687744140625,9.98687744140625
0.00741376,9.9945068359375,9.98687744140625
0.007414784,9.9945068359375,9.98687744140625
0.007415808,10.00213623046875,9.98687744140625
0.007416832,10.00213623046875,9.98687744140625
0.007417856,10.009765625,9.98687744140625
0.00741888,9.9639892578125,9.98687744140625
0.007419904,10.0250244140625,9.98687744140625
0.007420928,9.979248046875,9.98687744140625
0.007421952,9.98687744140625,9.98687744140625
0.007422976,9.9945068359375,9.98687744140625
0.007424,9.98687744140625,9.98687744140625
0.007425024,9.98687744140625,9.98687744140625
0.007426048,9.98687744140625,9.98687744140625
0.007427072,9.98687744140625,9.98687744140625
0.007428096,10.00213623046875,9.98687744140625
0.00742912,9.9639892578125,9.98687744140625
0.007430144,10.009765625,9.98687744140625
0.007431168,9.95635986328125,9.98687744140625
0.007432192,10.01739501953125,9.98687744140625
0.007433216,9.9639892578125,9.98687744140625
0.00743424,10.01739501953125,9.98687744140625
0.007435264,9.97161865234375,9.98687744140625
0.007436288,9.98687744140625,9.98687744140625
0.007437312,10.00213623046875,9.98687744140625
0.007438336,10.009765625,9.98687744140625
0.00743936,9.9639892578125,9.98687744140625
0.007440384,10.01739501953125,9.98687744140625
0.007441408,9.98687744140625,9.98687744140625
0.007442432,10.00213623046875,9.98687744140625
0.007443456,9.9945068359375,9.98687744140625
0.00744448,10.00213623046875,9.98687744140625
0.007445504,9.979248046875,9.98687744140625
0.007446528,9.98687744140625,9.98687744140625
0.007447552,9.98687744140625,9.98687744140625
0.007448576,9.979248046875,9.98687744140625
0.0074496,9.98687744140625,9.98687744140625
0.007450624,9.9945068359375,9.98687744140625
0.007451648,9.9945068359375,9.98687744140625
0.007452672,9.98687744140625,9.98687744140625
0.007453696,9.98687744140625,9.98687744140625
0.00745472,10.00213623046875,9.98687744140625
0.007455744,9.9945068359375,9.98687744140625
0.007456768,10.00213623046875,9.98687744140625
0.007457792,9.98687744140625,9.98687744140625
0.007458816,9.98687744140625,9.98687744140625
0.00745984,9.9945068359375,9.98687744140625
0.007460864,10.00213623046875,9.98687744140625
0.007461888,9.97161865234375,9.98687744140625
0.007462912,9.9945068359375,9.98687744140625
0.007463936,10.00213623046875,9.98687744140625
0.00746496,9.9639892578125,9.98687744140625
0.007465984,9.9945068359375,9.98687744140625
0.007467008,9.9945068359375,9.98687744140625
0.007468032,9.98687744140625,9.98687744140625
0.007469056,9.98687744140625,9.98687744140625
0.00747008,10.00213623046875,9.98687744140625
0.007471104,9.97161865234375,9.98687744140625
0.007472128,9.9945068359375,9.98687744140625
0.007473152,9.98687744140625,9.98687744140625
0.007474176,9.9945068359375,9.98687744140625
0.0074752,9.9945068359375,9.98687744140625
0.007476224,10.00213623046875,9.98687744140625
0.007477248,9.98687744140625,9.98687744140625
0.007478272,10.00213623046875,9.98687744140625
0.007479296,9.9639892578125,9.98687744140625
0.00748032,10.009765625,9.98687744140625
0.007481344,9.95635986328125,9.98687744140625
0.007482368,10.009765625,9.98687744140625
0.007483392,9.9639892578125,9.98687744140625
0.007484416,10.00213623046875,9.98687744140625
0.00748544,9.95635986328125,9.98687744140625
0.007486464,10.009765625,9.98687744140625
0.007487488,9.9639892578125,9.98687744140625
0.007488512,10.01739501953125,9.98687744140625
0.007489536,9.9639892578125,9.98687744140625
0.00749056,10.01739501953125,9.98687744140625
0.007491584,9.97161865234375,9.98687744140625
0.007492608,9.9945068359375,9.98687744140625
0.007493632,9.9945068359375,9.98687744140625
0.007494656,9.98687744140625,9.98687744140625
0.00749568,10.00213623046875,9.98687744140625
0.007496704,9.98687744140625,9.98687744140625
0.007497728,10.00213623046875,9.98687744140625
0.007498752,9.95635986328125,9.98687744140625
0.007499776,10.00213623046875,9.98687744140625
0.0075008,9.9945068359375,9.98687744140625
0.007501824,10.009765625,9.98687744140625
0.007502848,9.9639892578125,9.98687744140625
0.007503872,10.009765625,9.98687744140625
0.007504896,9.97161865234375,9.98687744140625
0.00750592,10.0250244140625,9.98687744140625
0.007506944,9.979248046875,9.98687744140625
0.007507968,9.9945068359375,9.98687744140625
0.007508992,10.009765625,9.98687744140625
0.007510016,9.979248046875,9.98687744140625
0.00751104,9.98687744140625,9.98687744140625
0.007512064,10.00213623046875,9.98687744140625
0.007513088,10.00213623046875,9.98687744140625
0.007514112,9.9945068359375,9.98687744140625
0.007515136,9.9945068359375,9.98687744140625
0.00751616,9.9945068359375,9.98687744140625
0.007517184,9.98687744140625,9.98687744140625
0.007518208,9.98687744140625,9.98687744140625
0.007519232,9.98687744140625,9.98687744140625
0.007520256,9.98687744140625,9.98687744140625
0.00752128,9.98687744140625,9.98687744140625
0.007522304,9.9945068359375,9.98687744140625
0.007523328,9.98687744140625,9.98687744140625
0.007524352,10.00213623046875,9.98687744140625
0.007525376,9.9945068359375,9.98687744140625
0.0075264,10.00213623046875,9.98687744140625
0.007527424,10.00213623046875,9.98687744140625
0.007528448,9.9639892578125,9.98687744140625
0.007529472,10.01739501953125,9.98687744140625
0.007530496,9.97161865234375,9.98687744140625
0.00753152,10.00213623046875,9.98687744140625
0.007532544,10.00213623046875,9.98687744140625
0.007533568,10.00213623046875,9.98687744140625
0.007534592,10.00213623046875,9.98687744140625
0.007535616,9.95635986328125,9.98687744140625
0.00753664,10.00213623046875,9.98687744140625
0.007537664,9.9639892578125,9.98687744140625
0.007538688,10.00213623046875,9.98687744140625
0.007539712,9.9639892578125,9.98687744140625
0.007540736,10.01739501953125,9.98687744140625
0.00754176,9.97161865234375,9.98687744140625
0.007542784,9.98687744140625,9.9945068359375
0.007543808,9.9945068359375,9.98687744140625
0.007544832,9.98687744140625,9.98687744140625
0.007545856,9.9945068359375,9.98687744140625
0.00754688,9.98687744140625,9.98687744140625
0.007547904,9.9945068359375,9.98687744140625
0.007548928,9.98687744140625,9.98687744140625
0.007549952,10.00213623046875,9.98687744140625
0.007550976,9.9639892578125,9.98687744140625
0.007552,10.009765625,9.98687744140625
0.007553024,9.94873046875,9.98687744140625
0.007554048,9.9945068359375,9.98687744140625
0.007555072,9.98687744140625,9.98687744140625
0.007556096,9.98687744140625,9.98687744140625
0.00755712,9.9945068359375,9.98687744140625
0.007558144,10.00213623046875,9.98687744140625
0.007559168,9.9945068359375,9.98687744140625
0.007560192,9.9945068359375,9.98687744140625
0.007561216,10.00213623046875,9.98687744140625
0.00756224,9.97161865234375,9.9945068359375
0.007563264,10.009765625,9.98687744140625
0.007564288,9.97161865234375,9.98687744140625
0.007565312,10.009765625,9.98687744140625
0.007566336,9.979248046875,9.98687744140625
0.00756736,9.98687744140625,9.98687744140625
0.007568384,9.9945068359375,9.98687744140625
0.007569408,9.9945068359375,9.98687744140625
0.007570432,10.00213623046875,9.98687744140625
0.007571456,10.00213623046875,9.98687744140625
0.00757248,10.00213623046875,9.98687744140625
0.007573504,10.00213623046875,9.98687744140625
0.007574528,9.9639892578125,9.98687744140625
0.007575552,10.03265380859375,9.98687744140625
0.007576576,9.97161865234375,9.98687744140625
0.0075776,10.01739501953125,9.98687744140625
0.007578624,9.97161865234375,9.98687744140625
0.007579648,10.00213623046875,9.98687744140625
0.007580672,9.9639892578125,9.98687744140625
0.007581696,10.009765625,9.98687744140625
0.00758272,9.97161865234375,9.98687744140625
0.007583744,10.009765625,9.98687744140625
0.007584768,9.9639892578125,9.98687744140625
0.007585792,10.009765625,9.98687744140625
0.007586816,9.9639892578125,9.98687744140625
0.00758784,10.01739501953125,9.98687744140625
0.007588864,9.95635986328125,9.98687744140625
0.007589888,10.00213623046875,9.98687744140625
0.007590912,9.97161865234375,9.98687744140625
0.007591936,9.98687744140625,9.98687744140625
0.00759296,9.98687744140625,9.98687744140625
0.007593984,10.009765625,9.98687744140625
0.007595008,9.979248046875,9.98687744140625
0.007596032,10.00213623046875,9.98687744140625
0.007597056,9.9945068359375,9.98687744140625
0.00759808,9.9945068359375,9.98687744140625
0.007599104,9.9945068359375,9.98687744140625
0.007600128,9.9945068359375,9.98687744140625
0.007601152,9.979248046875,9.98687744140625
0.007602176,9.98687744140625,9.98687744140625
0.0076032,9.97161865234375,9.98687744140625
0.007604224,9.97161865234375,9.98687744140625
0.007605248,9.98687744140625,9.98687744140625
0.007606272,9.979248046875,9.98687744140625
0.007607296,9.979248046875,9.98687744140625
0.00760832,9.979248046875,9.98687744140625
0.007609344,9.98687744140625,9.98687744140625
0.007610368,9.979248046875,9.98687744140625
0.007611392,9.98687744140625,9.98687744140625
0.007612416,9.9945068359375,9.98687744140625
0.00761344,9.9945068359375,9.98687744140625
0.007614464,9.98687744140625,9.98687744140625
0.007615488,9.98687744140625,9.98687744140625
0.007616512,9.9945068359375,9.98687744140625
0.007617536,9.9945068359375,9.98687744140625
0.00761856,10.00213623046875,9.98687744140625
0.007619584,9.9945068359375,9.98687744140625
0.007620608,9.9945068359375,9.98687744140625
0.007621632,9.9945068359375,9.98687744140625
0.007622656,9.979248046875,9.98687744140625
0.00762368,9.98687744140625,9.98687744140625
0.007624704,9.98687744140625,9.98687744140625
0.007625728,10.00213623046875,9.98687744140625
0.007626752,9.98687744140625,9.98687744140625
0.007627776,9.98687744140625,9.98687744140625
0.0076288,9.98687744140625,9.98687744140625
0.007629824,9.979248046875,9.98687744140625
0.007630848,9.98687744140625,9.98687744140625
0.007631872,9.98687744140625,9.98687744140625
0.007632896,9.9945068359375,9.98687744140625
0.00763392,9.98687744140625,9.98687744140625
0.007634944,9.98687744140625,9.98687744140625
0.007635968,9.98687744140625,9.98687744140625
0.007636992,9.979248046875,9.98687744140625
0.007638016,9.98687744140625,9.98687744140625
0.00763904,10.00213623046875,9.98687744140625
0.007640064,9.979248046875,9.98687744140625
0.007641088,9.98687744140625,9.98687744140625
0.007642112,9.98687744140625,9.98687744140625
0.007643136,9.98687744140625,9.98687744140625
0.00764416,10.00213623046875,9.98687744140625
0.007645184,10.009765625,9.98687744140625
0.007646208,9.97161865234375,9.98687744140625
0.007647232,10.01739501953125,9.98687744140625
0.007648256,9.9639892578125,9.98687744140625
0.00764928,10.009765625,9.98687744140625
0.007650304,9.9639892578125,9.98687744140625
0.007651328,10.009765625,9.98687744140625
0.007652352,9.95635986328125,9.98687744140625
0.007653376,10.009765625,9.98687744140625
0.0076544,9.95635986328125,9.98687744140625
0.007655424,10.00213623046875,9.98687744140625
0.007656448,9.98687744140625,9.98687744140625
0.007657472,9.98687744140625,9.98687744140625
0.007658496,9.9945068359375,9.9945068359375
0.00765952,9.98687744140625,9.98687744140625
0.007660544,9.9945068359375,9.98687744140625
0.007661568,10.00213623046875,9.98687744140625
0.007662592,10.009765625,9.98687744140625
0.007663616,10.00213623046875,9.98687744140625
0.00766464,9.9945068359375,9.98687744140625
0.007665664,9.98687744140625,9.98687744140625
0.007666688,9.98687744140625,9.98687744140625
0.007667712,9.9945068359375,9.98687744140625
0.007668736,10.00213623046875,9.98687744140625
0.00766976,9.9945068359375,9.98687744140625
0.007670784,9.9945068359375,9.98687744140625
0.007671808,9.9945068359375,9.98687744140625
0.007672832,9.979248046875,9.98687744140625
0.007673856,9.9945068359375,9.98687744140625
0.00767488,9.98687744140625,9.98687744140625
0.007675904,9.98687744140625,9.98687744140625
0.007676928,9.98687744140625,9.98687744140625
0.007677952,10.009765625,9.98687744140625
0.007678976,9.9639892578125,9.98687744140625
0.00768,10.00213623046875,9.98687744140625
0.007681024,9.9945068359375,9.98687744140625
0.007682048,9.9945068359375,9.98687744140625
0.007683072,9.98687744140625,9.98687744140625
0.007684096,10.00213623046875,9.98687744140625
0.00768512,9.9945068359375,9.98687744140625
0.007686144,9.9945068359375,9.98687744140625
0.007687168,9.979248046875,9.98687744140625
0.007688192,10.00213623046875,9.98687744140625
0.007689216,9.98687744140625,9.98687744140625
0.00769024,9.98687744140625,9.98687744140625
0.007691264,9.979248046875,9.98687744140625
0.007692288,9.9945068359375,9.98687744140625
0.007693312,9.9945068359375,9.98687744140625
0.007694336,9.98687744140625,9.98687744140625
0.00769536,10.00213623046875,9.98687744140625
0.007696384,9.98687744140625,9.98687744140625
0.007697408,10.00213623046875,9.98687744140625
0.007698432,10.00213623046875,9.98687744140625
0.007699456,9.9945068359375,9.98687744140625
0.00770048,9.98687744140625,9.98687744140625
0.007701504,10.00213623046875,9.98687744140625
0.007702528,10.00213623046875,9.98687744140625
0.007703552,9.98687744140625,9.98687744140625
0.007704576,9.98687744140625,9.98687744140625
0.0077056,10.00213623046875,9.98687744140625
0.007706624,9.979248046875,9.98687744140625
0.007707648,9.979248046875,9.98687744140625
0.007708672,9.979248046875,9.98687744140625
0.007709696,9.98687744140625,9.98687744140625
0.00771072,9.98687744140625,9.98687744140625
0.007711744,9.9945068359375,9.98687744140625
0.007712768,9.98687744140625,9.98687744140625
0.007713792,9.9945068359375,9.98687744140625
0.007714816,9.98687744140625,9.98687744140625
0.00771584,9.9945068359375,9.98687744140625
0.007716864,10.00213623046875,9.98687744140625
0.007717888,9.9945068359375,9.98687744140625
0.007718912,9.9945068359375,9.98687744140625
0.007719936,10.00213623046875,9.98687744140625
0.00772096,10.00213623046875,9.98687744140625
0.007721984,9.9945068359375,9.98687744140625
0.007723008,9.9945068359375,9.98687744140625
0.007724032,9.9945068359375,9.98687744140625
0.007725056,9.97161865234375,9.98687744140625
0.00772608,10.009765625,9.98687744140625
0.007727104,9.9639892578125,9.98687744140625
0.007728128,10.009765625,9.98687744140625
0.007729152,9.9639892578125,9.98687744140625
0.007730176,10.01739501953125,9.98687744140625
0.0077312,9.9639892578125,9.98687744140625
0.007732224,10.01739501953125,9.98687744140625
0.007733248,9.95635986328125,9.98687744140625
0.007734272,10.009765625,9.98687744140625
0.007735296,9.9639892578125,9.98687744140625
0.00773632,10.009765625,9.98687744140625
0.007737344,9.979248046875,9.98687744140625
0.007738368,9.979248046875,9.98687744140625
0.007739392,10.00213623046875,9.98687744140625
0.007740416,9.94873046875,9.98687744140625
0.00774144,9.98687744140625,9.98687744140625
0.007742464,10.00213623046875,9.98687744140625
0.007743488,9.9945068359375,9.98687744140625
0.007744512,9.98687744140625,9.98687744140625
0.007745536,9.98687744140625,9.98687744140625
0.00774656,9.98687744140625,9.98687744140625
0.007747584,10.009765625,9.98687744140625
0.007748608,9.979248046875,9.98687744140625
0.007749632,10.009765625,9.98687744140625
0.007750656,9.97161865234375,9.98687744140625
0.00775168,10.00213623046875,9.98687744140625
0.007752704,10.00213623046875,9.98687744140625
0.007753728,10.00213623046875,9.98687744140625
0.007754752,10.00213623046875,9.98687744140625
0.007755776,9.9945068359375,9.98687744140625
0.0077568,10.00213623046875,9.98687744140625
0.007757824,10.009765625,9.98687744140625
0.007758848,9.95635986328125,9.98687744140625
0.007759872,10.00213623046875,9.98687744140625
0.007760896,9.9945068359375,9.98687744140625
0.00776192,9.9945068359375,9.98687744140625
0.007762944,9.98687744140625,9.98687744140625
0.007763968,9.9945068359375,9.98687744140625
0.007764992,9.9945068359375,9.98687744140625
0.007766016,9.98687744140625,9.98687744140625
0.00776704,10.00213623046875,9.98687744140625
0.007768064,9.9639892578125,9.98687744140625
0.007769088,10.009765625,9.98687744140625
0.007770112,9.9639892578125,9.98687744140625
0.007771136,10.0250244140625,9.98687744140625
0.00777216,9.97161865234375,9.98687744140625
0.007773184,10.009765625,9.98687744140625
0.007774208,9.95635986328125,9.98687744140625
0.007775232,10.01739501953125,9.98687744140625
0.007776256,9.9639892578125,9.98687744140625
0.00777728,9.98687744140625,9.98687744140625
0.007778304,9.98687744140625,9.98687744140625
0.007779328,9.979248046875,9.98687744140625
0.007780352,9.98687744140625,9.98687744140625
0.007781376,9.98687744140625,9.98687744140625
0.0077824,10.00213623046875,9.98687744140625
0.007783424,9.9945068359375,9.98687744140625
0.007784448,10.00213623046875,9.98687744140625
0.007785472,9.9945068359375,9.98687744140625
0.007786496,9.98687744140625,9.98687744140625
0.00778752,10.00213623046875,9.98687744140625
0.007788544,9.9945068359375,9.98687744140625
0.007789568,9.9945068359375,9.98687744140625
0.007790592,9.9945068359375,9.98687744140625
0.007791616,9.9945068359375,9.98687744140625
0.00779264,9.9945068359375,9.98687744140625
0.007793664,9.979248046875,9.98687744140625
0.007794688,9.98687744140625,9.98687744140625
0.007795712,9.98687744140625,9.98687744140625
0.007796736,9.9945068359375,9.98687744140625
0.00779776,9.979248046875,9.98687744140625
0.007798784,9.98687744140625,9.98687744140625
0.007799808,10.00213623046875,9.98687744140625
0.007800832,9.97161865234375,9.98687744140625
0.007801856,10.01739501953125,9.98687744140625
0.00780288,9.97161865234375,9.98687744140625
0.007803904,9.9945068359375,9.98687744140625
0.007804928,9.9945068359375,9.98687744140625
0.007805952,10.00213623046875,9.98687744140625
0.007806976,10.00213623046875,9.98687744140625
0.007808,9.9945068359375,9.98687744140625
0.007809024,9.9945068359375,9.98687744140625
0.007810048,9.979248046875,9.98687744140625
0.007811072,9.98687744140625,9.98687744140625
0.007812096,9.9945068359375,9.98687744140625
0.00781312,10.00213623046875,9.98687744140625
0.007814144,10.00213623046875,9.98687744140625
0.007815168,9.9945068359375,9.98687744140625
0.007816192,9.98687744140625,9.98687744140625
0.007817216,10.009765625,9.98687744140625
0.00781824,9.98687744140625,9.98687744140625
0.007819264,9.98687744140625,9.98687744140625
0.007820288,10.00213623046875,9.98687744140625
0.007821312,9.97161865234375,9.98687744140625
0.007822336,10.009765625,9.98687744140625
0.00782336,9.9639892578125,9.98687744140625
0.007824384,10.009765625,9.98687744140625
0.007825408,9.95635986328125,9.98687744140625
0.007826432,9.9945068359375,9.98687744140625
0.007827456,10.00213623046875,9.98687744140625
0.00782848,9.979248046875,9.98687744140625
0.007829504,9.9945068359375,9.98687744140625
0.007830528,9.98687744140625,9.98687744140625
0.007831552,9.979248046875,9.98687744140625
0.007832576,9.979248046875,9.98687744140625
0.0078336,9.9945068359375,9.98687744140625
0.007834624,9.98687744140625,9.98687744140625
0.007835648,10.009765625,9.98687744140625
0.007836672,9.97161865234375,9.98687744140625
0.007837696,9.98687744140625,9.98687744140625
0.00783872,9.9945068359375,9.98687744140625
0.007839744,10.00213623046875,9.98687744140625
0.007840768,10.00213623046875,9.98687744140625
0.007841792,9.98687744140625,9.98687744140625
0.007842816,10.00213623046875,9.98687744140625
0.00784384,9.95635986328125,9.98687744140625
0.007844864,10.01739501953125,9.98687744140625
0.007845888,9.9639892578125,9.98687744140625
0.007846912,10.009765625,9.98687744140625
0.007847936,9.9639892578125,9.98687744140625
0.00784896,10.009765625,9.98687744140625
0.007849984,9.979248046875,9.98687744140625
0.007851008,9.9945068359375,9.98687744140625
0.007852032,10.00213623046875,9.98687744140625
0.007853056,9.9945068359375,9.98687744140625
0.00785408,9.9945068359375,9.98687744140625
0.007855104,9.9945068359375,9.98687744140625
0.007856128,10.00213623046875,9.98687744140625
0.007857152,9.9639892578125,9.98687744140625
0.007858176,10.01739501953125,9.98687744140625
0.0078592,9.9639892578125,9.98687744140625
0.007860224,10.009765625,9.98687744140625
0.007861248,9.95635986328125,9.98687744140625
0.007862272,10.00213623046875,9.98687744140625
0.007863296,9.9945068359375,9.98687744140625
0.00786432,10.00213623046875,9.98687744140625
0.007865344,9.95635986328125,9.98687744140625
0.007866368,10.01739501953125,9.98687744140625
0.007867392,9.979248046875,9.98687744140625
0.007868416,10.00213623046875,9.98687744140625
0.00786944,9.9945068359375,9.98687744140625
0.007870464,10.00213623046875,9.98687744140625
0.007871488,9.9639892578125,9.98687744140625
0.007872512,10.01739501953125,9.98687744140625
0.007873536,9.9639892578125,9.98687744140625
0.00787456,10.00213623046875,9.98687744140625
0.007875584,9.9639892578125,9.98687744140625
0.007876608,10.00213623046875,9.98687744140625
0.007877632,9.9945068359375,9.98687744140625
0.007878656,9.979248046875,9.98687744140625
0.00787968,9.9945068359375,9.98687744140625
0.007880704,9.9945068359375,9.98687744140625
0.007881728,9.9945068359375,9.98687744140625
0.007882752,9.979248046875,9.98687744140625
0.007883776,10.009765625,9.98687744140625
0.0078848,9.9639892578125,9.98687744140625
0.007885824,10.01739501953125,9.98687744140625
0.007886848,9.97161865234375,9.98687744140625
0.007887872,10.009765625,9.98687744140625
0.007888896,9.97161865234375,9.98687744140625
0.00788992,9.9945068359375,9.98687744140625
0.007890944,10.00213623046875,9.98687744140625
0.007891968,9.9945068359375,9.98687744140625
0.007892992,9.98687744140625,9.98687744140625
0.007894016,9.979248046875,9.98687744140625
0.00789504,9.979248046875,9.98687744140625
0.007896064,9.98687744140625,9.9945068359375
0.007897088,9.98687744140625,9.98687744140625
0.007898112,10.00213623046875,9.98687744140625
0.007899136,9.98687744140625,9.98687744140625
0.00790016,9.979248046875,9.98687744140625
0.007901184,10.00213623046875,9.98687744140625
0.007902208,10.009765625,9.98687744140625
0.007903232,9.9639892578125,9.98687744140625
0.007904256,10.01739501953125,9.98687744140625
0.00790528,9.9639892578125,9.98687744140625
0.007906304,10.01739501953125,9.98687744140625
0.007907328,9.95635986328125,9.98687744140625
0.007908352,10.009765625,9.98687744140625
0.007909376,9.9639892578125,9.98687744140625
0.0079104,9.9945068359375,9.98687744140625
0.007911424,9.98687744140625,9.98687744140625
0.007912448,9.9945068359375,9.98687744140625
0.007913472,9.9945068359375,9.98687744140625
0.007914496,9.9945068359375,9.98687744140625
0.00791552,9.98687744140625,9.98687744140625
0.007916544,9.9945068359375,9.98687744140625
0.007917568,9.98687744140625,9.98687744140625
0.007918592,9.9945068359375,9.98687744140625
0.007919616,9.9945068359375,9.98687744140625
0.00792064,9.9945068359375,9.98687744140625
0.007921664,9.979248046875,9.98687744140625
0.007922688,9.9945068359375,9.98687744140625
0.007923712,10.00213623046875,9.98687744140625
0.007924736,9.94110107421875,9.98687744140625
0.00792576,10.009765625,9.98687744140625
0.007926784,9.9639892578125,9.98687744140625
0.007927808,9.9945068359375,9.98687744140625
0.007928832,9.979248046875,9.98687744140625
0.007929856,9.979248046875,9.98687744140625
0.00793088,9.979248046875,9.98687744140625
0.007931904,9.98687744140625,9.98687744140625
0.007932928,9.9945068359375,9.98687744140625
0.007933952,9.9945068359375,9.98687744140625
0.007934976,9.979248046875,9.98687744140625
0.007936,9.9945068359375,9.98687744140625
0.007937024,9.98687744140625,9.98687744140625
0.007938048,9.98687744140625,9.98687744140625
0.007939072,10.009765625,9.9945068359375
0.007940096,9.9945068359375,9.98687744140625
0.00794112,10.00213623046875,9.98687744140625
0.007942144,9.9945068359375,9.98687744140625
0.007943168,10.00213623046875,9.98687744140625
0.007944192,9.9945068359375,9.98687744140625
0.007945216,9.98687744140625,9.98687744140625
0.00794624,10.00213623046875,9.98687744140625
0.007947264,9.9945068359375,9.98687744140625
0.007948288,9.9945068359375,9.98687744140625
0.007949312,9.9945068359375,9.98687744140625
0.007950336,9.979248046875,9.98687744140625
0.00795136,9.9945068359375,9.98687744140625
0.007952384,10.00213623046875,9.98687744140625
0.007953408,10.00213623046875,9.98687744140625
0.007954432,9.9639892578125,9.98687744140625
0.007955456,10.009765625,9.98687744140625
0.00795648,9.9639892578125,9.98687744140625
0.007957504,10.01739501953125,9.98687744140625
0.007958528,9.97161865234375,9.98687744140625
0.007959552,10.01739501953125,9.98687744140625
0.007960576,9.97161865234375,9.98687744140625
0.0079616,10.009765625,9.98687744140625
0.007962624,9.9639892578125,9.98687744140625
0.007963648,9.9945068359375,9.98687744140625
0.007964672,9.979248046875,9.98687744140625
0.007965696,9.98687744140625,9.98687744140625
0.00796672,9.979248046875,9.98687744140625
0.007967744,9.98687744140625,9.98687744140625
0.007968768,9.98687744140625,9.98687744140625
0.007969792,9.9945068359375,9.98687744140625
0.007970816,9.9945068359375,9.98687744140625
0.00797184,9.9945068359375,9.98687744140625
0.007972864,10.009765625,9.98687744140625
0.007973888,9.97161865234375,9.98687744140625
0.007974912,10.01739501953125,9.98687744140625
0.007975936,9.979248046875,9.98687744140625
0.00797696,9.98687744140625,9.98687744140625
0.007977984,9.9945068359375,9.98687744140625
0.007979008,9.9945068359375,9.98687744140625
0.007980032,9.98687744140625,9.98687744140625
0.007981056,9.98687744140625,9.98687744140625
0.00798208,9.98687744140625,9.98687744140625
0.007983104,9.98687744140625,9.98687744140625
0.007984128,9.9945068359375,9.98687744140625
0.007985152,9.98687744140625,9.98687744140625
0.007986176,10.00213623046875,9.98687744140625
0.0079872,9.9945068359375,9.98687744140625
0.007988224,10.009765625,9.98687744140625
0.007989248,9.97161865234375,9.98687744140625
0.007990272,10.01739501953125,9.98687744140625
0.007991296,9.979248046875,9.98687744140625
0.00799232,10.00213623046875,9.98687744140625
0.007993344,10.00213623046875,9.98687744140625
0.007994368,10.00213623046875,9.98687744140625
0.007995392,10.00213623046875,9.98687744140625
0.007996416,9.9945068359375,9.98687744140625
0.00799744,9.9945068359375,9.98687744140625
0.007998464,9.9945068359375,9.98687744140625
0.007999488,10.00213623046875,9.98687744140625
0.008000512,10.00213623046875,9.98687744140625
0.008001536,9.979248046875,9.98687744140625
0.00800256,10.00213623046875,9.98687744140625
0.008003584,9.9945068359375,9.98687744140625
0.008004608,10.00213623046875,9.98687744140625
0.008005632,9.9945068359375,9.98687744140625
0.008006656,9.9945068359375,9.98687744140625
0.00800768,10.00213623046875,9.98687744140625
0.008008704,9.9639892578125,9.98687744140625
0.008009728,10.01739501953125,9.98687744140625
0.008010752,9.98687744140625,9.98687744140625
0.008011776,10.00213623046875,9.98687744140625
0.0080128,9.9945068359375,9.98687744140625
0.008013824,9.97161865234375,9.98687744140625
0.008014848,10.009765625,9.98687744140625
0.008015872,9.9639892578125,9.98687744140625
0.008016896,10.009765625,9.98687744140625
0.00801792,9.97161865234375,9.98687744140625
0.008018944,9.9945068359375,9.98687744140625
0.008019968,9.9945068359375,9.98687744140625
0.008020992,9.9945068359375,9.98687744140625
0.008022016,9.9945068359375,9.98687744140625
0.00802304,10.00213623046875,9.98687744140625
0.008024064,9.97161865234375,9.98687744140625
0.008025088,10.01739501953125,9.98687744140625
0.008026112,9.979248046875,9.98687744140625
0.008027136,9.9945068359375,9.98687744140625
0.00802816,9.9945068359375,9.98687744140625
0.008029184,9.9945068359375,9.98687744140625
0.008030208,10.00213623046875,9.98687744140625
0.008031232,9.9639892578125,9.98687744140625
0.008032256,10.0250244140625,9.98687744140625
0.00803328,9.97161865234375,9.98687744140625
0.008034304,10.0250244140625,9.98687744140625
0.008035328,9.979248046875,9.98687744140625
0.008036352,9.9945068359375,9.98687744140625
0.008037376,10.009765625,9.98687744140625
0.0080384,9.97161865234375,9.98687744140625
0.008039424,9.9945068359375,9.98687744140625
0.008040448,10.009765625,9.98687744140625
0.008041472,9.979248046875,9.98687744140625
0.008042496,9.98687744140625,9.98687744140625
0.00804352,9.98687744140625,9.98687744140625
0.008044544,9.9945068359375,9.98687744140625
0.008045568,9.9945068359375,9.98687744140625
0.008046592,9.98687744140625,9.98687744140625
0.008047616,9.9945068359375,9.98687744140625
0.00804864,9.9945068359375,9.98687744140625
0.008049664,10.00213623046875,9.98687744140625
0.008050688,9.97161865234375,9.98687744140625
0.008051712,10.00213623046875,9.98687744140625
0.008052736,9.9639892578125,9.98687744140625
0.00805376,10.009765625,9.98687744140625
0.008054784,9.98687744140625,9.98687744140625
0.008055808,10.009765625,9.98687744140625
0.008056832,9.97161865234375,9.98687744140625
0.008057856,9.98687744140625,9.98687744140625
0.00805888,9.98687744140625,9.98687744140625
0.008059904,9.9945068359375,9.98687744140625
0.008060928,10.00213623046875,9.98687744140625
0.008061952,9.9945068359375,9.98687744140625
0.008062976,9.9945068359375,9.98687744140625
0.008064,9.98687744140625,9.98687744140625
0.008065024,10.00213623046875,9.98687744140625
0.008066048,9.9639892578125,9.98687744140625
0.008067072,10.0250244140625,9.98687744140625
0.008068096,9.979248046875,9.98687744140625
0.00806912,9.9945068359375,9.98687744140625
0.008070144,9.9945068359375,9.98687744140625
0.008071168,10.00213623046875,9.98687744140625
0.008072192,9.9639892578125,9.98687744140625
0.008073216,10.01739501953125,9.98687744140625
0.00807424,9.97161865234375,9.98687744140625
0.008075264,9.9945068359375,9.98687744140625
0.008076288,9.98687744140625,9.98687744140625
0.008077312,9.98687744140625,9.98687744140625
0.008078336,9.98687744140625,9.98687744140625
0.00807936,9.979248046875,9.98687744140625
0.008080384,9.9945068359375,9.98687744140625
0.008081408,9.9945068359375,9.98687744140625
0.008082432,10.00213623046875,9.98687744140625
0.008083456,9.9639892578125,9.98687744140625
0.00808448,10.0250244140625,9.98687744140625
0.008085504,9.979248046875,9.98687744140625
0.008086528,9.9945068359375,9.98687744140625
0.008087552,9.9945068359375,9.98687744140625
0.008088576,9.9945068359375,9.98687744140625
0.0080896,9.9945068359375,9.98687744140625
0.008090624,9.98687744140625,9.98687744140625
0.008091648,9.9945068359375,9.98687744140625
0.008092672,9.98687744140625,9.98687744140625
0.008093696,9.979248046875,9.98687744140625
0.00809472,9.97161865234375,9.98687744140625
0.008095744,9.979248046875,9.98687744140625
0.008096768,9.979248046875,9.98687744140625
0.008097792,9.98687744140625,9.98687744140625
0.008098816,9.98687744140625,9.98687744140625
0.00809984,9.9945068359375,9.98687744140625
0.008100864,9.98687744140625,9.98687744140625
0.008101888,9.9945068359375,9.98687744140625
0.008102912,9.9945068359375,9.98687744140625
0.008103936,9.9945068359375,9.98687744140625
0.00810496,9.9945068359375,9.98687744140625
0.008105984,9.9945068359375,9.98687744140625
0.008107008,9.9945068359375,9.98687744140625
0.008108032,9.9945068359375,9.98687744140625
0.008109056,9.9945068359375,9.98687744140625
0.00811008,9.9945068359375,9.98687744140625
0.008111104,9.98687744140625,9.98687744140625
0.008112128,9.98687744140625,9.98687744140625
0.008113152,9.9945068359375,9.98687744140625
0.008114176,9.9945068359375,9.98687744140625
0.0081152,9.9945068359375,9.98687744140625
0.008116224,10.00213623046875,9.98687744140625
0.008117248,9.95635986328125,9.98687744140625
0.008118272,10.01739501953125,9.98687744140625
0.008119296,9.97161865234375,9.98687744140625
0.00812032,10.01739501953125,9.98687744140625
0.008121344,9.979248046875,9.98687744140625
0.008122368,10.00213623046875,9.98687744140625
0.008123392,9.9639892578125,9.98687744140625
0.008124416,10.00213623046875,9.98687744140625
0.00812544,9.97161865234375,9.98687744140625
0.008126464,9.98687744140625,9.98687744140625
0.008127488,9.9945068359375,9.98687744140625
0.008128512,9.98687744140625,9.98687744140625
0.008129536,9.9945068359375,9.98687744140625
0.00813056,10.00213623046875,9.98687744140625
0.008131584,9.9639892578125,9.98687744140625
0.008132608,10.01739501953125,9.98687744140625
0.008133632,9.9639892578125,9.98687744140625
0.008134656,10.01739501953125,9.98687744140625
0.00813568,9.9639892578125,9.98687744140625
0.008136704,10.01739501953125,9.98687744140625
0.008137728,9.97161865234375,9.98687744140625
0.008138752,9.9945068359375,9.98687744140625
0.008139776,9.9945068359375,9.98687744140625
0.0081408,9.9945068359375,9.98687744140625
0.008141824,9.979248046875,9.98687744140625
0.008142848,10.00213623046875,9.98687744140625
0.008143872,9.95635986328125,9.98687744140625
0.008144896,9.9945068359375,9.98687744140625
0.00814592,9.9945068359375,9.98687744140625
0.008146944,9.9945068359375,9.98687744140625
0.008147968,10.00213623046875,9.98687744140625
0.008148992,9.97161865234375,9.98687744140625
0.008150016,10.00213623046875,9.98687744140625
0.00815104,9.9639892578125,9.98687744140625
0.008152064,10.0250244140625,9.98687744140625
0.008153088,9.95635986328125,9.98687744140625
0.008154112,10.01739501953125,9.98687744140625
0.008155136,9.9639892578125,9.98687744140625
0.00815616,10.01739501953125,9.98687744140625
0.008157184,9.9639892578125,9.98687744140625
0.008158208,10.01739501953125,9.98687744140625
0.008159232,9.95635986328125,9.98687744140625
0.008160256,10.01739501953125,9.98687744140625
0.00816128,9.95635986328125,9.98687744140625
0.008162304,9.9945068359375,9.98687744140625
0.008163328,9.9945068359375,9.98687744140625
0.008164352,9.98687744140625,9.98687744140625
0.008165376,10.00213623046875,9.98687744140625
0.0081664,9.97161865234375,9.98687744140625
0.008167424,9.9945068359375,9.98687744140625
0.008168448,9.98687744140625,9.98687744140625
0.008169472,10.00213623046875,9.98687744140625
0.008170496,9.98687744140625,9.98687744140625
0.00817152,9.98687744140625,9.98687744140625
0.008172544,9.9945068359375,9.98687744140625
0.008173568,9.98687744140625,9.98687744140625
0.008174592,9.979248046875,9.98687744140625
0.008175616,9.979248046875,9.98687744140625
0.00817664,9.98687744140625,9.98687744140625
0.008177664,10.00213623046875,9.98687744140625
0.008178688,9.98687744140625,9.98687744140625
0.008179712,10.009765625,9.98687744140625
0.008180736,9.97161865234375,9.98687744140625
0.00818176,10.00213623046875,9.98687744140625
0.008182784,10.009765625,9.98687744140625
0.008183808,9.979248046875,9.98687744140625
0.008184832,10.00213623046875,9.98687744140625
0.008185856,9.97161865234375,9.98687744140625
0.00818688,10.009765625,9.98687744140625
0.008187904,9.97161865234375,9.98687744140625
0.008188928,10.01739501953125,9.98687744140625
0.008189952,9.95635986328125,9.98687744140625
0.008190976,10.01739501953125,9.98687744140625
0.008192,9.95635986328125,9.98687744140625
0.008193024,10.009765625,9.98687744140625
0.008194048,9.97161865234375,9.98687744140625
0.008195072,10.0250244140625,9.98687744140625
0.008196096,9.97161865234375,9.98687744140625
0.00819712,9.98687744140625,9.98687744140625
0.008198144,10.00213623046875,9.98687744140625
0.008199168,10.00213623046875,9.98687744140625
0.008200192,9.9639892578125,9.98687744140625
0.008201216,10.009765625,9.98687744140625
0.00820224,9.97161865234375,9.98687744140625
0.008203264,9.98687744140625,9.98687744140625
0.008204288,9.98687744140625,9.98687744140625
0.008205312,9.9945068359375,9.98687744140625
0.008206336,9.9945068359375,9.98687744140625
0.00820736,9.979248046875,9.98687744140625
0.008208384,9.9945068359375,9.98687744140625
0.008209408,9.98687744140625,9.98687744140625
0.008210432,9.9945068359375,9.98687744140625
0.008211456,9.9945068359375,9.98687744140625
0.00821248,9.979248046875,9.98687744140625
0.008213504,9.9945068359375,9.98687744140625
0.008214528,9.9945068359375,9.98687744140625
0.008215552,10.009765625,9.98687744140625
0.008216576,9.97161865234375,9.98687744140625
0.0082176,9.9945068359375,9.98687744140625
0.008218624,9.9945068359375,9.98687744140625
0.008219648,9.979248046875,9.98687744140625
0.008220672,10.00213623046875,9.98687744140625
0.008221696,9.9639892578125,9.98687744140625
0.00822272,10.00213623046875,9.98687744140625
0.008223744,9.95635986328125,9.98687744140625
0.008224768,9.9945068359375,9.98687744140625
0.008225792,9.9945068359375,9.98687744140625
0.008226816,9.979248046875,9.98687744140625
0.00822784,9.9945068359375,9.98687744140625
0.008228864,9.98687744140625,9.9945068359375
0.008229888,9.98687744140625,9.98687744140625
0.008230912,10.00213623046875,9.98687744140625
0.008231936,9.98687744140625,9.98687744140625
0.00823296,9.9945068359375,9.98687744140625
0.008233984,9.9945068359375,9.98687744140625
0.008235008,10.00213623046875,9.98687744140625
0.008236032,9.9639892578125,9.98687744140625
0.008237056,10.009765625,9.98687744140625
0.00823808,9.97161865234375,9.98687744140625
0.008239104,9.9945068359375,9.98687744140625
0.008240128,9.979248046875,9.98687744140625
0.008241152,9.98687744140625,9.98687744140625
0.008242176,9.98687744140625,9.98687744140625
0.0082432,9.9945068359375,9.98687744140625
0.008244224,10.00213623046875,9.98687744140625
0.008245248,9.9945068359375,9.98687744140625
0.008246272,9.98687744140625,9.98687744140625
0.008247296,10.00213623046875,9.98687744140625
0.00824832,9.97161865234375,9.98687744140625
0.008249344,10.00213623046875,9.98687744140625
0.008250368,10.00213623046875,9.98687744140625
0.008251392,9.94873046875,9.98687744140625
0.008252416,10.01739501953125,9.98687744140625
0.00825344,9.97161865234375,9.98687744140625
0.008254464,10.009765625,9.98687744140625
0.008255488,9.9639892578125,9.98687744140625
0.008256512,10.00213623046875,9.98687744140625
0.008257536,9.9639892578125,9.98687744140625
0.00825856,10.01739501953125,9.98687744140625
0.008259584,9.9639892578125,9.98687744140625
0.008260608,10.01739501953125,9.98687744140625
0.008261632,9.97161865234375,9.98687744140625
0.008262656,9.9945068359375,9.98687744140625
0.00826368,9.9945068359375,9.98687744140625
0.008264704,10.00213623046875,9.98687744140625
0.008265728,9.97161865234375,9.98687744140625
0.008266752,9.9945068359375,9.98687744140625
0.008267776,9.9945068359375,9.98687744140625
0.0082688,9.979248046875,9.98687744140625
0.008269824,9.9945068359375,9.98687744140625
0.008270848,9.979248046875,9.98687744140625
0.008271872,9.98687744140625,9.98687744140625
0.008272896,9.98687744140625,9.98687744140625
0.00827392,9.98687744140625,9.98687744140625
0.008274944,9.98687744140625,9.98687744140625
0.008275968,9.9945068359375,9.98687744140625
0.008276992,10.00213623046875,9.98687744140625
0.008278016,9.9945068359375,9.98687744140625
0.00827904,10.00213623046875,9.98687744140625
0.008280064,9.9945068359375,9.98687744140625
0.008281088,10.00213623046875,9.98687744140625
0.008282112,9.9639892578125,9.98687744140625
0.008283136,10.01739501953125,9.98687744140625
0.00828416,9.97161865234375,9.98687744140625
0.008285184,10.01739501953125,9.98687744140625
0.008286208,9.95635986328125,9.98687744140625
0.008287232,10.00213623046875,9.98687744140625
0.008288256,9.97161865234375,9.98687744140625
0.00828928,10.00213623046875,9.98687744140625
0.008290304,9.9639892578125,9.98687744140625
0.008291328,10.009765625,9.98687744140625
0.008292352,9.979248046875,9.98687744140625
0.008293376,10.009765625,9.98687744140625
0.0082944,9.9639892578125,9.98687744140625
0.008295424,10.009765625,9.98687744140625
0.008296448,9.97161865234375,9.9945068359375
0.008297472,10.0250244140625,9.98687744140625
0.008298496,9.97161865234375,9.98687744140625
0.00829952,9.979248046875,9.98687744140625
0.008300544,10.00213623046875,9.98687744140625
0.008301568,9.95635986328125,9.98687744140625
0.008302592,10.009765625,9.98687744140625
0.008303616,9.94873046875,9.98687744140625
0.00830464,9.9945068359375,9.98687744140625
0.008305664,10.00213623046875,9.98687744140625
0.008306688,9.9945068359375,9.98687744140625
0.008307712,9.98687744140625,9.98687744140625
0.008308736,9.98687744140625,9.98687744140625
0.00830976,9.9945068359375,9.98687744140625
0.008310784,9.98687744140625,9.98687744140625
0.008311808,10.00213623046875,9.98687744140625
0.008312832,9.95635986328125,9.98687744140625
0.008313856,10.03265380859375,9.98687744140625
0.00831488,9.9639892578125,9.98687744140625
0.008315904,10.009765625,9.98687744140625
0.008316928,9.97161865234375,9.98687744140625
0.008317952,9.9945068359375,9.98687744140625
0.008318976,9.979248046875,9.98687744140625
0.00832,9.98687744140625,9.98687744140625
0.008321024,9.98687744140625,9.98687744140625
0.008322048,9.9945068359375,9.98687744140625
0.008323072,10.00213623046875,9.98687744140625
0.008324096,9.9945068359375,9.98687744140625
0.00832512,9.9945068359375,9.98687744140625
0.008326144,9.98687744140625,9.98687744140625
0.008327168,9.9945068359375,9.98687744140625
0.008328192,9.9945068359375,9.98687744140625
0.008329216,9.9945068359375,9.98687744140625
0.00833024,9.98687744140625,9.98687744140625
0.008331264,9.9945068359375,9.98687744140625
0.008332288,9.9945068359375,9.98687744140625
0.008333312,10.00213623046875,9.98687744140625
0.008334336,9.9639892578125,9.98687744140625
0.00833536,9.9945068359375,9.98687744140625
0.008336384,10.00213623046875,9.98687744140625
0.008337408,9.98687744140625,9.98687744140625
0.008338432,9.98687744140625,9.98687744140625
0.008339456,9.98687744140625,9.98687744140625
0.00834048,10.00213623046875,9.98687744140625
0.008341504,10.00213623046875,9.98687744140625
0.008342528,10.00213623046875,9.98687744140625
0.008343552,10.00213623046875,9.98687744140625
0.008344576,9.9639892578125,9.98687744140625
0.0083456,10.01739501953125,9.98687744140625
0.008346624,9.97161865234375,9.98687744140625
0.008347648,10.0250244140625,9.98687744140625
0.008348672,9.97161865234375,9.9945068359375
0.008349696,10.01739501953125,9.98687744140625
0.00835072,9.98687744140625,9.98687744140625
0.008351744,9.979248046875,9.98687744140625
0.008352768,9.97161865234375,9.98687744140625
0.008353792,9.98687744140625,9.98687744140625
0.008354816,9.98687744140625,9.98687744140625
0.00835584,9.9945068359375,9.98687744140625
0.008356864,9.9945068359375,9.9945068359375
0.008357888,9.9945068359375,9.98687744140625
0.008358912,9.9945068359375,9.98687744140625
0.008359936,9.9945068359375,9.98687744140625
0.00836096,10.00213623046875,9.98687744140625
0.008361984,9.979248046875,9.98687744140625
0.008363008,10.00213623046875,9.98687744140625
0.008364032,9.97161865234375,9.9945068359375
0.008365056,10.01739501953125,9.98687744140625
0.00836608,9.979248046875,9.98687744140625
0.008367104,10.00213623046875,9.98687744140625
0.008368128,9.98687744140625,9.98687744140625
0.008369152,9.98687744140625,9.98687744140625
0.008370176,9.9945068359375,9.98687744140625
0.0083712,9.9945068359375,9.98687744140625
0.008372224,10.00213623046875,9.98687744140625
0.008373248,10.00213623046875,9.98687744140625
0.008374272,9.98687744140625,9.98687744140625
0.008375296,10.00213623046875,9.98687744140625
0.00837632,9.97161865234375,9.98687744140625
0.008377344,10.009765625,9.98687744140625
0.008378368,9.9639892578125,9.98687744140625
0.008379392,10.01739501953125,9.98687744140625
0.008380416,9.97161865234375,9.98687744140625
0.00838144,9.9945068359375,9.98687744140625
0.008382464,9.98687744140625,9.98687744140625
0.008383488,10.00213623046875,9.98687744140625
0.008384512,9.98687744140625,9.98687744140625
0.008385536,9.979248046875,9.98687744140625
0.00838656,9.98687744140625,9.98687744140625
0.008387584,10.00213623046875,9.98687744140625
0.008388608,9.9945068359375,9.98687744140625
0.008389632,9.9945068359375,9.98687744140625
0.008390656,10.00213623046875,9.98687744140625
0.00839168,9.97161865234375,9.98687744140625
0.008392704,9.98687744140625,9.98687744140625
0.008393728,10.00213623046875,9.98687744140625
0.008394752,9.9639892578125,9.98687744140625
0.008395776,10.009765625,9.98687744140625
0.0083968,9.97161865234375,9.98687744140625
0.008397824,9.9945068359375,9.98687744140625
0.008398848,9.9945068359375,9.98687744140625
0.008399872,9.9945068359375,9.98687744140625
0.008400896,10.00213623046875,9.98687744140625
0.00840192,10.009765625,9.98687744140625
0.008402944,9.9639892578125,9.98687744140625
0.008403968,10.01739501953125,9.98687744140625
0.008404992,9.97161865234375,9.98687744140625
0.008406016,9.9945068359375,9.98687744140625
0.00840704,10.009765625,9.98687744140625
0.008408064,9.95635986328125,9.98687744140625
0.008409088,10.01739501953125,9.98687744140625
0.008410112,9.97161865234375,9.98687744140625
0.008411136,9.98687744140625,9.98687744140625
0.00841216,9.9945068359375,9.98687744140625
0.008413184,9.979248046875,9.98687744140625
0.008414208,9.9945068359375,9.98687744140625
0.008415232,9.9945068359375,9.98687744140625
0.008416256,10.00213623046875,9.98687744140625
0.00841728,9.98687744140625,9.98687744140625
0.008418304,10.00213623046875,9.98687744140625
0.008419328,9.979248046875,9.98687744140625
0.008420352,10.00213623046875,9.98687744140625
0.008421376,9.979248046875,9.98687744140625
0.0084224,10.009765625,9.98687744140625
0.008423424,9.97161865234375,9.98687744140625
0.008424448,10.0250244140625,9.98687744140625
0.008425472,9.979248046875,9.98687744140625
0.008426496,10.00213623046875,9.98687744140625
0.00842752,9.9945068359375,9.98687744140625
0.008428544,9.9945068359375,9.98687744140625
0.008429568,9.9945068359375,9.98687744140625
0.008430592,9.979248046875,9.98687744140625
0.008431616,9.98687744140625,9.98687744140625
0.00843264,9.9945068359375,9.98687744140625
0.008433664,9.979248046875,9.98687744140625
0.008434688,9.9945068359375,9.98687744140625
0.008435712,10.00213623046875,9.98687744140625
0.008436736,9.9945068359375,9.98687744140625
0.00843776,10.00213623046875,9.98687744140625
0.008438784,9.97161865234375,9.98687744140625
0.008439808,9.979248046875,9.98687744140625
0.008440832,9.98687744140625,9.98687744140625
0.008441856,9.9945068359375,9.98687744140625
0.00844288,9.9945068359375,9.98687744140625
0.008443904,10.00213623046875,9.98687744140625
0.008444928,9.98687744140625,9.98687744140625
0.008445952,9.98687744140625,9.98687744140625
0.008446976,9.9945068359375,9.98687744140625
0.008448,10.00213623046875,9.98687744140625
0.008449024,9.97161865234375,9.98687744140625
0.008450048,9.9945068359375,9.9945068359375
0.008451072,9.98687744140625,9.98687744140625
0.008452096,9.9945068359375,9.98687744140625
0.00845312,10.009765625,9.98687744140625
0.008454144,9.97161865234375,9.98687744140625
0.008455168,10.00213623046875,9.98687744140625
0.008456192,9.979248046875,9.98687744140625
0.008457216,9.98687744140625,9.98687744140625
0.00845824,10.00213623046875,9.98687744140625
0.008459264,9.9639892578125,9.98687744140625
0.008460288,9.9945068359375,9.98687744140625
0.008461312,9.9945068359375,9.98687744140625
0.008462336,9.9945068359375,9.98687744140625
0.00846336,10.00213623046875,9.98687744140625
0.008464384,9.95635986328125,9.98687744140625
0.008465408,10.0250244140625,9.98687744140625
0.008466432,9.97161865234375,9.98687744140625
0.008467456,9.9945068359375,9.98687744140625
0.00846848,10.00213623046875,9.98687744140625
0.008469504,9.9945068359375,9.98687744140625
0.008470528,10.009765625,9.98687744140625
0.008471552,9.9639892578125,9.98687744140625
0.008472576,10.0250244140625,9.98687744140625
0.0084736,9.98687744140625,9.98687744140625
0.008474624,9.98687744140625,9.98687744140625
0.008475648,9.98687744140625,9.98687744140625
0.008476672,9.9945068359375,9.98687744140625
0.008477696,9.98687744140625,9.98687744140625
0.00847872,10.00213623046875,9.98687744140625
0.008479744,9.9945068359375,9.98687744140625
0.008480768,10.00213623046875,9.98687744140625
0.008481792,9.9639892578125,9.98687744140625
0.008482816,10.0250244140625,9.98687744140625
0.00848384,9.97161865234375,9.98687744140625
0.008484864,9.98687744140625,9.98687744140625
0.008485888,9.9945068359375,9.98687744140625
0.008486912,9.9945068359375,9.98687744140625
0.008487936,9.9945068359375,9.98687744140625
0.00848896,10.00213623046875,9.98687744140625
0.008489984,9.95635986328125,9.98687744140625
0.008491008,10.00213623046875,9.98687744140625
0.008492032,9.9639892578125,9.98687744140625
0.008493056,10.00213623046875,9.98687744140625
0.00849408,9.94873046875,9.98687744140625
0.008495104,10.01739501953125,9.98687744140625
0.008496128,9.95635986328125,9.98687744140625
0.008497152,10.0250244140625,9.98687744140625
0.008498176,9.9639892578125,9.98687744140625
0.0084992,10.0250244140625,9.98687744140625
0.008500224,9.97161865234375,9.98687744140625
0.008501248,9.97161865234375,9.98687744140625
0.008502272,9.9945068359375,9.98687744140625
0.008503296,9.9945068359375,9.98687744140625
0.00850432,9.979248046875,9.98687744140625
0.008505344,9.979248046875,9.98687744140625
0.008506368,9.98687744140625,9.98687744140625
0.008507392,9.979248046875,9.98687744140625
0.008508416,9.979248046875,9.98687744140625
0.00850944,9.98687744140625,9.98687744140625
0.008510464,9.98687744140625,9.98687744140625
0.008511488,10.00213623046875,9.9945068359375
0.008512512,9.9945068359375,9.98687744140625
0.008513536,10.009765625,9.98687744140625
0.00851456,9.97161865234375,9.98687744140625
0.008515584,9.9945068359375,9.98687744140625
0.008516608,10.00213623046875,9.98687744140625
0.008517632,9.9945068359375,9.98687744140625
0.008518656,9.98687744140625,9.98687744140625
0.00851968,9.9945068359375,9.98687744140625
0.008520704,10.00213623046875,9.98687744140625
0.008521728,9.9639892578125,9.98687744140625
0.008522752,9.9945068359375,9.98687744140625
0.008523776,10.00213623046875,9.98687744140625
0.0085248,9.9639892578125,9.98687744140625
0.008525824,10.01739501953125,9.98687744140625
0.008526848,9.9639892578125,9.98687744140625
0.008527872,10.03265380859375,9.98687744140625
0.008528896,9.97161865234375,9.98687744140625
0.00852992,10.01739501953125,9.98687744140625
0.008530944,9.979248046875,9.98687744140625
0.008531968,9.9945068359375,9.98687744140625
0.008532992,9.9945068359375,9.98687744140625
0.008534016,10.00213623046875,9.98687744140625
0.00853504,9.9639892578125,9.98687744140625
0.008536064,10.00213623046875,9.98687744140625
0.008537088,9.95635986328125,9.98687744140625
0.008538112,10.009765625,9.98687744140625
0.008539136,9.95635986328125,9.98687744140625
0.00854016,10.009765625,9.98687744140625
0.008541184,9.97161865234375,9.98687744140625
0.008542208,10.01739501953125,9.98687744140625
0.008543232,9.9639892578125,9.98687744140625
0.008544256,10.040283203125,9.98687744140625
0.00854528,9.94873046875,9.98687744140625
0.008546304,10.0250244140625,9.98687744140625
0.008547328,9.979248046875,9.98687744140625
0.008548352,10.009765625,9.98687744140625
0.008549376,9.979248046875,9.98687744140625
0.0085504,9.9945068359375,9.98687744140625
0.008551424,9.98687744140625,9.98687744140625
0.008552448,9.9945068359375,9.98687744140625
0.008553472,9.9945068359375,9.98687744140625
0.008554496,9.98687744140625,9.98687744140625
0.00855552,9.9945068359375,9.98687744140625
0.008556544,10.009765625,9.98687744140625
0.008557568,9.979248046875,9.98687744140625
0.008558592,9.98687744140625,9.98687744140625
0.008559616,9.98687744140625,9.98687744140625
0.00856064,9.9945068359375,9.98687744140625
0.008561664,10.00213623046875,9.98687744140625
0.008562688,9.9639892578125,9.98687744140625
0.008563712,10.01739501953125,9.98687744140625
0.008564736,9.97161865234375,9.98687744140625
0.00856576,9.98687744140625,9.98687744140625
0.008566784,10.00213623046875,9.98687744140625
0.008567808,9.9639892578125,9.98687744140625
0.008568832,10.009765625,9.98687744140625
0.008569856,9.979248046875,9.98687744140625
0.00857088,9.98687744140625,9.98687744140625
0.008571904,10.00213623046875,9.98687744140625
0.008572928,9.98687744140625,9.98687744140625
0.008573952,9.9945068359375,9.98687744140625
0.008574976,10.00213623046875,9.98687744140625
0.008576,9.97161865234375,9.98687744140625
0.008577024,10.00213623046875,9.98687744140625
0.008578048,9.97161865234375,9.98687744140625
0.008579072,10.009765625,9.98687744140625
0.008580096,9.979248046875,9.98687744140625
0.00858112,9.98687744140625,9.98687744140625
0.008582144,9.979248046875,9.98687744140625
0.008583168,9.9945068359375,9.98687744140625
0.008584192,9.9945068359375,9.98687744140625
0.008585216,9.98687744140625,9.98687744140625
0.00858624,9.9945068359375,9.98687744140625
0.008587264,9.9945068359375,9.98687744140625
0.008588288,9.9945068359375,9.98687744140625
0.008589312,9.9945068359375,9.98687744140625
0.008590336,10.009765625,9.98687744140625
0.00859136,9.979248046875,9.98687744140625
0.008592384,9.9945068359375,9.98687744140625
0.008593408,9.98687744140625,9.98687744140625
0.008594432,10.00213623046875,9.98687744140625
0.008595456,10.009765625,9.98687744140625
0.00859648,9.94110107421875,9.98687744140625
0.008597504,9.9945068359375,9.98687744140625
0.008598528,9.98687744140625,9.98687744140625
0.008599552,9.98687744140625,9.98687744140625
0.008600576,10.00213623046875,9.98687744140625
0.0086016,9.979248046875,9.98687744140625
0.008602624,9.979248046875,9.98687744140625
0.008603648,9.97161865234375,9.98687744140625
0.008604672,10.01739501953125,9.98687744140625
0.008605696,9.9639892578125,9.98687744140625
0.00860672,10.009765625,9.98687744140625
0.008607744,9.95635986328125,9.98687744140625
0.008608768,10.0250244140625,9.98687744140625
0.008609792,9.97161865234375,9.98687744140625
0.008610816,10.01739501953125,9.98687744140625
0.00861184,9.95635986328125,9.98687744140625
0.008612864,10.00213623046875,9.98687744140625
0.008613888,9.98687744140625,9.98687744140625
0.008614912,9.9945068359375,9.98687744140625
0.008615936,9.9945068359375,9.98687744140625
0.00861696,9.979248046875,9.98687744140625
0.008617984,9.98687744140625,9.98687744140625
0.008619008,10.00213623046875,9.98687744140625
0.008620032,9.9945068359375,9.98687744140625
0.008621056,9.98687744140625,9.98687744140625
0.00862208,10.00213623046875,9.98687744140625
0.008623104,9.9945068359375,9.98687744140625
0.008624128,9.98687744140625,9.98687744140625
0.008625152,9.9945068359375,9.98687744140625
0.008626176,9.9945068359375,9.98687744140625
0.0086272,9.98687744140625,9.98687744140625
0.008628224,10.00213623046875,9.98687744140625
0.008629248,10.009765625,9.98687744140625
0.008630272,9.95635986328125,9.98687744140625
0.008631296,10.009765625,9.98687744140625
0.00863232,9.9639892578125,9.98687744140625
0.008633344,10.01739501953125,9.98687744140625
0.008634368,9.9639892578125,9.98687744140625
0.008635392,10.01739501953125,9.98687744140625
0.008636416,9.97161865234375,9.98687744140625
0.00863744,9.98687744140625,9.98687744140625
0.008638464,9.9945068359375,9.98687744140625
0.008639488,9.9945068359375,9.98687744140625
0.008640512,9.9945068359375,9.98687744140625
0.008641536,9.9945068359375,9.98687744140625
0.00864256,9.9945068359375,9.98687744140625
0.008643584,9.9945068359375,9.98687744140625
0.008644608,9.9945068359375,9.98687744140625
0.008645632,9.9945068359375,9.98687744140625
0.008646656,10.01739501953125,9.9945068359375
0.00864768,9.94110107421875,9.98687744140625
0.008648704,9.9945068359375,9.98687744140625
0.008649728,9.9945068359375,9.98687744140625
0.008650752,9.9945068359375,9.98687744140625
0.008651776,9.98687744140625,9.9945068359375
0.0086528,9.98687744140625,9.98687744140625
0.008653824,10.009765625,9.98687744140625
0.008654848,9.97161865234375,9.98687744140625
0.008655872,10.009765625,9.98687744140625
0.008656896,9.97161865234375,9.98687744140625
0.00865792,10.009765625,9.98687744140625
0.008658944,9.979248046875,9.98687744140625
0.008659968,9.98687744140625,9.98687744140625
0.008660992,9.98687744140625,9.98687744140625
0.008662016,9.979248046875,9.98687744140625
0.00866304,10.00213623046875,9.98687744140625
0.008664064,9.9945068359375,9.98687744140625
0.008665088,9.9945068359375,9.98687744140625
0.008666112,10.009765625,9.9945068359375
0.008667136,9.9639892578125,9.98687744140625
0.00866816,10.0250244140625,9.98687744140625
0.008669184,9.97161865234375,9.98687744140625
0.008670208,10.01739501953125,9.9945068359375
0.008671232,9.979248046875,9.98687744140625
0.008672256,9.9945068359375,9.98687744140625
0.00867328,10.009765625,9.98687744140625
0.008674304,9.97161865234375,9.98687744140625
0.008675328,9.98687744140625,9.98687744140625
0.008676352,9.98687744140625,9.98687744140625
0.008677376,10.009765625,9.98687744140625
0.0086784,9.97161865234375,9.98687744140625
0.008679424,9.9945068359375,9.98687744140625
0.008680448,9.9945068359375,9.98687744140625
0.008681472,10.00213623046875,9.98687744140625
0.008682496,10.00213623046875,9.98687744140625
0.00868352,9.979248046875,9.98687744140625
0.008684544,10.00213623046875,9.98687744140625
0.008685568,9.979248046875,9.98687744140625
0.008686592,10.00213623046875,9.98687744140625
0.008687616,9.979248046875,9.98687744140625
0.00868864,9.98687744140625,9.98687744140625
0.008689664,10.00213623046875,9.98687744140625
0.008690688,9.9945068359375,9.98687744140625
0.008691712,9.98687744140625,9.98687744140625
0.008692736,9.9945068359375,9.98687744140625
0.00869376,9.98687744140625,9.98687744140625
0.008694784,9.9945068359375,9.98687744140625
0.008695808,9.98687744140625,9.98687744140625
0.008696832,9.9945068359375,9.98687744140625
0.008697856,10.00213623046875,9.98687744140625
0.00869888,9.98687744140625,9.98687744140625
0.008699904,9.98687744140625,9.98687744140625
0.008700928,10.009765625,9.98687744140625
0.008701952,9.979248046875,9.98687744140625
0.008702976,9.9945068359375,9.98687744140625
0.008704,9.9945068359375,9.98687744140625
0.008705024,10.01739501953125,9.98687744140625
0.008706048,9.9639892578125,9.98687744140625
0.008707072,10.01739501953125,9.98687744140625
0.008708096,9.979248046875,9.98687744140625
0.00870912,9.9945068359375,9.98687744140625
0.008710144,10.00213623046875,9.98687744140625
0.008711168,9.9639892578125,9.98687744140625
0.008712192,10.0250244140625,9.98687744140625
0.008713216,9.97161865234375,9.98687744140625
0.00871424,9.979248046875,9.9945068359375
0.008715264,9.9945068359375,9.98687744140625
0.008716288,9.9945068359375,9.98687744140625
0.008717312,9.98687744140625,9.98687744140625
0.008718336,9.9945068359375,9.98687744140625
0.00871936,9.98687744140625,9.98687744140625
0.008720384,9.98687744140625,9.9945068359375
0.008721408,9.9945068359375,9.98687744140625
0.008722432,9.98687744140625,9.98687744140625
0.008723456,9.98687744140625,9.98687744140625
0.00872448,10.00213623046875,9.98687744140625
0.008725504,9.98687744140625,9.98687744140625
0.008726528,10.00213623046875,9.98687744140625
0.008727552,9.979248046875,9.98687744140625
0.008728576,9.9945068359375,9.98687744140625
0.0087296,9.9945068359375,9.98687744140625
0.008730624,10.01739501953125,9.98687744140625
0.008731648,9.97161865234375,9.98687744140625
0.008732672,10.00213623046875,9.98687744140625
0.008733696,9.97161865234375,9.98687744140625
0.00873472,9.9945068359375,9.98687744140625
0.008735744,10.00213623046875,9.98687744140625
0.008736768,9.9639892578125,9.98687744140625
0.008737792,10.01739501953125,9.98687744140625
0.008738816,9.95635986328125,9.98687744140625
0.00873984,10.009765625,9.98687744140625
0.008740864,9.97161865234375,9.98687744140625
0.008741888,9.98687744140625,9.98687744140625
0.008742912,10.00213623046875,9.98687744140625
0.008743936,10.00213623046875,9.98687744140625
0.00874496,9.97161865234375,9.98687744140625
0.008745984,10.03265380859375,9.9945068359375
0.008747008,9.97161865234375,9.98687744140625
0.008748032,9.9945068359375,9.98687744140625
0.008749056,10.009765625,9.98687744140625
0.00875008,9.979248046875,9.98687744140625
0.008751104,10.00213623046875,9.98687744140625
0.008752128,10.00213623046875,9.98687744140625
0.008753152,9.95635986328125,9.98687744140625
0.008754176,10.009765625,9.98687744140625
0.0087552,9.97161865234375,9.98687744140625
0.008756224,10.01739501953125,9.98687744140625
0.008757248,9.9639892578125,9.98687744140625
0.008758272,10.01739501953125,9.98687744140625
0.008759296,9.979248046875,9.98687744140625
0.00876032,9.98687744140625,9.98687744140625
0.008761344,10.00213623046875,9.98687744140625
0.008762368,9.97161865234375,9.98687744140625
0.008763392,9.9945068359375,9.98687744140625
0.008764416,10.00213623046875,9.98687744140625
0.00876544,9.9639892578125,9.98687744140625
0.008766464,10.01739501953125,9.98687744140625
0.008767488,9.9639892578125,9.98687744140625
0.008768512,10.009765625,9.98687744140625
0.008769536,9.95635986328125,9.98687744140625
0.00877056,10.01739501953125,9.98687744140625
0.008771584,9.97161865234375,9.98687744140625
0.008772608,10.03265380859375,9.98687744140625
0.008773632,9.94873046875,9.98687744140625
0.008774656,10.009765625,9.98687744140625
0.00877568,9.97161865234375,9.98687744140625
0.008776704,9.98687744140625,9.98687744140625
0.008777728,10.00213623046875,9.98687744140625
0.008778752,10.009765625,9.98687744140625
0.008779776,9.97161865234375,9.98687744140625
0.0087808,10.00213623046875,9.98687744140625
0.008781824,10.00213623046875,9.98687744140625
0.008782848,9.9639892578125,9.98687744140625
0.008783872,10.00213623046875,9.98687744140625
0.008784896,9.9639892578125,9.98687744140625
0.00878592,10.009765625,9.98687744140625
0.008786944,9.95635986328125,9.98687744140625
0.008787968,10.009765625,9.98687744140625
0.008788992,9.97161865234375,9.98687744140625
0.008790016,10.01739501953125,9.98687744140625
0.00879104,9.97161865234375,9.98687744140625
0.008792064,10.009765625,9.98687744140625
0.008793088,9.97161865234375,9.98687744140625
0.008794112,9.98687744140625,9.98687744140625
0.008795136,9.9945068359375,9.98687744140625
0.00879616,9.98687744140625,9.98687744140625
0.008797184,9.9945068359375,9.98687744140625
0.008798208,9.9945068359375,9.98687744140625
0.008799232,9.98687744140625,9.98687744140625
0.008800256,10.00213623046875,9.98687744140625
0.00880128,9.9639892578125,9.98687744140625
0.008802304,10.00213623046875,9.98687744140625
0.008803328,9.98687744140625,9.98687744140625
0.008804352,9.979248046875,9.98687744140625
0.008805376,9.9945068359375,9.98687744140625
0.0088064,9.98687744140625,9.98687744140625
0.008807424,9.98687744140625,9.98687744140625
0.008808448,9.9945068359375,9.98687744140625
0.008809472,9.9945068359375,9.98687744140625
0.008810496,10.00213623046875,9.98687744140625
0.00881152,9.98687744140625,9.98687744140625
0.008812544,9.98687744140625,9.98687744140625
0.008813568,9.9945068359375,9.98687744140625
0.008814592,10.009765625,9.98687744140625
0.008815616,9.9639892578125,9.98687744140625
0.00881664,10.0250244140625,9.98687744140625
0.008817664,9.9639892578125,9.98687744140625
0.008818688,10.009765625,9.98687744140625
0.008819712,9.979248046875,9.9945068359375
0.008820736,9.9945068359375,9.9945068359375
0.00882176,10.00213623046875,9.9945068359375
0.008822784,9.98687744140625,9.98687744140625
0.008823808,10.00213623046875,9.98687744140625
0.008824832,9.98687744140625,9.98687744140625
0.008825856,9.98687744140625,9.98687744140625
0.00882688,9.97161865234375,9.98687744140625
0.008827904,9.9945068359375,9.98687744140625
0.008828928,9.9945068359375,9.98687744140625
0.008829952,9.9945068359375,9.98687744140625
0.008830976,10.00213623046875,9.98687744140625
0.008832,9.979248046875,9.98687744140625
0.008833024,9.979248046875,9.98687744140625
0.008834048,9.979248046875,9.98687744140625
0.008835072,9.98687744140625,9.98687744140625
0.008836096,9.98687744140625,9.98687744140625
0.00883712,9.98687744140625,9.98687744140625
0.008838144,9.98687744140625,9.98687744140625
0.008839168,9.98687744140625,9.98687744140625
0.008840192,10.00213623046875,9.98687744140625
0.008841216,10.00213623046875,9.98687744140625
0.00884224,9.9639892578125,9.98687744140625
0.008843264,10.009765625,9.98687744140625
0.008844288,9.979248046875,9.98687744140625
0.008845312,9.979248046875,9.98687744140625
0.008846336,9.98687744140625,9.98687744140625
0.00884736,9.9945068359375,9.98687744140625
0.008848384,9.9945068359375,9.98687744140625
0.008849408,9.98687744140625,9.98687744140625
0.008850432,9.98687744140625,9.98687744140625
0.008851456,9.9945068359375,9.98687744140625
0.00885248,9.98687744140625,9.98687744140625
0.008853504,9.98687744140625,9.98687744140625
0.008854528,9.98687744140625,9.98687744140625
0.008855552,10.00213623046875,9.98687744140625
0.008856576,10.009765625,9.98687744140625
0.0088576,9.95635986328125,9.98687744140625
0.008858624,10.01739501953125,9.98687744140625
0.008859648,9.979248046875,9.98687744140625
0.008860672,9.9945068359375,9.98687744140625
0.008861696,9.98687744140625,9.98687744140625
0.00886272,9.98687744140625,9.98687744140625
0.008863744,9.9945068359375,9.98687744140625
0.008864768,9.9945068359375,9.98687744140625
0.008865792,9.979248046875,9.98687744140625
0.008866816,9.98687744140625,9.98687744140625
0.00886784,9.9945068359375,9.98687744140625
0.008868864,9.98687744140625,9.98687744140625
0.008869888,9.9945068359375,9.98687744140625
0.008870912,9.98687744140625,9.98687744140625
0.008871936,9.98687744140625,9.98687744140625
0.00887296,9.98687744140625,9.98687744140625
0.008873984,9.9945068359375,9.98687744140625
0.008875008,9.9945068359375,9.98687744140625
0.008876032,9.9945068359375,9.98687744140625
0.008877056,9.98687744140625,9.98687744140625
0.00887808,9.98687744140625,9.98687744140625
0.008879104,9.98687744140625,9.98687744140625
0.008880128,9.979248046875,9.98687744140625
0.008881152,9.979248046875,9.98687744140625
0.008882176,9.979248046875,9.98687744140625
0.0088832,9.98687744140625,9.98687744140625
0.008884224,9.98687744140625,9.98687744140625
0.008885248,9.98687744140625,9.98687744140625
0.008886272,9.98687744140625,9.98687744140625
0.008887296,9.979248046875,9.98687744140625
0.00888832,9.98687744140625,9.98687744140625
0.008889344,9.9945068359375,9.98687744140625
0.008890368,10.009765625,9.98687744140625
0.008891392,9.94873046875,9.98687744140625
0.008892416,10.009765625,9.98687744140625
0.00889344,9.979248046875,9.98687744140625
0.008894464,9.98687744140625,9.98687744140625
0.008895488,9.98687744140625,9.98687744140625
0.008896512,9.98687744140625,9.98687744140625
0.008897536,9.9945068359375,9.98687744140625
0.00889856,9.9945068359375,9.98687744140625
0.008899584,9.98687744140625,9.98687744140625
0.008900608,9.9945068359375,9.98687744140625
0.008901632,9.9945068359375,9.98687744140625
0.008902656,9.98687744140625,9.98687744140625
0.00890368,10.00213623046875,9.98687744140625
0.008904704,10.00213623046875,9.98687744140625
0.008905728,10.00213623046875,9.98687744140625
0.008906752,9.9945068359375,9.98687744140625
0.008907776,10.00213623046875,9.98687744140625
0.0089088,9.98687744140625,9.98687744140625
0.008909824,9.98687744140625,9.98687744140625
0.008910848,9.9945068359375,9.98687744140625
0.008911872,9.979248046875,9.98687744140625
0.008912896,9.98687744140625,9.98687744140625
0.00891392,9.9945068359375,9.98687744140625
0.008914944,9.9945068359375,9.98687744140625
0.008915968,9.98687744140625,9.98687744140625
0.008916992,9.9945068359375,9.98687744140625
0.008918016,10.009765625,9.98687744140625
0.00891904,9.979248046875,9.98687744140625
0.008920064,9.9945068359375,9.98687744140625
0.008921088,10.00213623046875,9.98687744140625
0.008922112,9.97161865234375,9.98687744140625
0.008923136,10.0250244140625,9.98687744140625
0.00892416,9.979248046875,9.98687744140625
0.008925184,9.9945068359375,9.98687744140625
0.008926208,10.00213623046875,9.98687744140625
0.008927232,9.979248046875,9.98687744140625
0.008928256,9.9945068359375,9.98687744140625
0.00892928,9.98687744140625,9.98687744140625
0.008930304,9.9945068359375,9.98687744140625
0.008931328,9.98687744140625,9.98687744140625
0.008932352,10.009765625,9.98687744140625
0.008933376,9.95635986328125,9.98687744140625
0.0089344,10.009765625,9.98687744140625
0.008935424,9.9639892578125,9.98687744140625
0.008936448,10.009765625,9.98687744140625
0.008937472,9.9639892578125,9.98687744140625
0.008938496,10.009765625,9.98687744140625
0.00893952,9.9639892578125,9.98687744140625
0.008940544,10.01739501953125,9.98687744140625
0.008941568,9.95635986328125,9.98687744140625
0.008942592,9.9945068359375,9.98687744140625
0.008943616,9.9945068359375,9.98687744140625
0.00894464,9.9945068359375,9.98687744140625
0.008945664,9.98687744140625,9.98687744140625
0.008946688,9.98687744140625,9.98687744140625
0.008947712,9.98687744140625,9.98687744140625
0.008948736,10.00213623046875,9.98687744140625
0.00894976,9.98687744140625,9.98687744140625
0.008950784,10.00213623046875,9.98687744140625
0.008951808,10.00213623046875,9.98687744140625
0.008952832,9.9945068359375,9.98687744140625
0.008953856,10.00213623046875,9.98687744140625
0.00895488,9.9945068359375,9.98687744140625
0.008955904,9.9945068359375,9.98687744140625
0.008956928,10.009765625,9.98687744140625
0.008957952,9.9639892578125,9.98687744140625
0.008958976,10.009765625,9.98687744140625
0.00896,9.9639892578125,9.98687744140625
0.008961024,10.00213623046875,9.98687744140625
0.008962048,9.97161865234375,9.98687744140625
0.008963072,10.009765625,9.98687744140625
0.008964096,9.95635986328125,9.98687744140625
0.00896512,10.01739501953125,9.98687744140625
0.008966144,9.9639892578125,9.98687744140625
0.008967168,10.01739501953125,9.98687744140625
0.008968192,9.9945068359375,9.98687744140625
0.008969216,9.9945068359375,9.98687744140625
0.00897024,9.9945068359375,9.98687744140625
0.008971264,9.9945068359375,9.98687744140625
0.008972288,10.00213623046875,9.98687744140625
0.008973312,9.9945068359375,9.98687744140625
0.008974336,9.979248046875,9.98687744140625
0.00897536,9.9945068359375,9.98687744140625
0.008976384,9.98687744140625,9.98687744140625
0.008977408,9.979248046875,9.98687744140625
0.008978432,9.97161865234375,9.98687744140625
0.008979456,10.00213623046875,9.98687744140625
0.00898048,9.9945068359375,9.98687744140625
0.008981504,9.98687744140625,9.98687744140625
0.008982528,10.00213623046875,9.98687744140625
0.008983552,9.98687744140625,9.98687744140625
0.008984576,9.9945068359375,9.98687744140625
0.0089856,10.00213623046875,9.98687744140625
0.008986624,10.00213623046875,9.98687744140625
0.008987648,9.9945068359375,9.98687744140625
0.008988672,9.9945068359375,9.98687744140625
0.008989696,9.9945068359375,9.98687744140625
0.00899072,9.9945068359375,9.98687744140625
0.008991744,9.98687744140625,9.98687744140625
0.008992768,9.9945068359375,9.98687744140625
0.008993792,9.98687744140625,9.98687744140625
0.008994816,9.98687744140625,9.98687744140625
0.00899584,9.979248046875,9.98687744140625
0.008996864,9.979248046875,9.98687744140625
0.008997888,9.98687744140625,9.98687744140625
0.008998912,9.9945068359375,9.98687744140625
0.008999936,9.98687744140625,9.98687744140625
0.00900096,9.9945068359375,9.98687744140625
0.009001984,9.9945068359375,9.98687744140625
0.009003008,10.009765625,9.98687744140625
0.009004032,9.97161865234375,9.98687744140625
0.009005056,9.98687744140625,9.98687744140625
0.00900608,10.00213623046875,9.98687744140625
0.009007104,9.9945068359375,9.98687744140625
0.009008128,9.979248046875,9.98687744140625
0.009009152,9.979248046875,9.98687744140625
0.009010176,9.98687744140625,9.98687744140625
0.0090112,9.9945068359375,9.98687744140625
0.009012224,9.9945068359375,9.98687744140625
0.009013248,10.00213623046875,9.98687744140625
0.009014272,9.9945068359375,9.98687744140625
0.009015296,10.00213623046875,9.98687744140625
0.00901632,10.01739501953125,9.98687744140625
0.009017344,9.979248046875,9.98687744140625
0.009018368,9.9945068359375,9.98687744140625
0.009019392,9.9945068359375,9.98687744140625
0.009020416,9.9945068359375,9.98687744140625
0.00902144,9.9945068359375,9.98687744140625
0.009022464,9.9945068359375,9.98687744140625
0.009023488,9.98687744140625,9.98687744140625
0.009024512,9.9945068359375,9.98687744140625
0.009025536,9.979248046875,9.98687744140625
0.00902656,9.979248046875,9.98687744140625
0.009027584,10.00213623046875,9.9945068359375
0.009028608,9.98687744140625,9.98687744140625
0.009029632,9.9945068359375,9.98687744140625
0.009030656,10.00213623046875,9.98687744140625
0.00903168,10.00213623046875,9.98687744140625
0.009032704,9.97161865234375,9.98687744140625
0.009033728,10.0250244140625,9.98687744140625
0.009034752,9.979248046875,9.98687744140625
0.009035776,10.00213623046875,9.98687744140625
0.0090368,10.00213623046875,9.98687744140625
0.009037824,9.979248046875,9.98687744140625
0.009038848,10.00213623046875,9.98687744140625
0.009039872,10.00213623046875,9.98687744140625
0.009040896,9.9639892578125,9.98687744140625
0.00904192,10.01739501953125,9.98687744140625
0.009042944,9.98687744140625,9.98687744140625
0.009043968,9.98687744140625,9.98687744140625
0.009044992,10.009765625,9.98687744140625
0.009046016,9.97161865234375,9.98687744140625
0.00904704,9.98687744140625,9.98687744140625
0.009048064,9.9945068359375,9.98687744140625
0.009049088,9.9945068359375,9.98687744140625
0.009050112,10.00213623046875,9.98687744140625
0.009051136,9.9945068359375,9.98687744140625
0.00905216,10.009765625,9.98687744140625
0.009053184,9.9639892578125,9.98687744140625
0.009054208,10.01739501953125,9.98687744140625
0.009055232,9.97161865234375,9.98687744140625
0.009056256,9.9945068359375,9.98687744140625
0.00905728,10.009765625,9.98687744140625
0.009058304,9.95635986328125,9.98687744140625
0.009059328,10.01739501953125,9.98687744140625
0.009060352,9.95635986328125,9.98687744140625
0.009061376,10.0250244140625,9.98687744140625
0.0090624,9.97161865234375,9.98687744140625
0.009063424,9.9945068359375,9.98687744140625
0.009064448,9.9945068359375,9.98687744140625
0.009065472,9.9945068359375,9.98687744140625
0.009066496,10.00213623046875,9.98687744140625
0.00906752,9.979248046875,9.98687744140625
0.009068544,9.9945068359375,9.98687744140625
0.009069568,10.00213623046875,9.98687744140625
0.009070592,9.9639892578125,9.98687744140625
0.009071616,10.0250244140625,9.98687744140625
0.00907264,9.979248046875,9.98687744140625
0.009073664,9.9639892578125,9.98687744140625
0.009074688,10.01739501953125,9.98687744140625
0.009075712,9.9639892578125,9.98687744140625
0.009076736,10.00213623046875,9.98687744140625
0.00907776,9.9639892578125,9.98687744140625
0.009078784,10.009765625,9.98687744140625
0.009079808,9.97161865234375,9.98687744140625
0.009080832,10.00213623046875,9.98687744140625
0.009081856,9.9945068359375,9.98687744140625
0.00908288,9.9945068359375,9.98687744140625
0.009083904,10.00213623046875,9.98687744140625
0.009084928,10.00213623046875,9.98687744140625
0.009085952,9.9945068359375,9.98687744140625
0.009086976,9.9945068359375,9.98687744140625
0.009088,9.98687744140625,9.98687744140625
0.009089024,9.9945068359375,9.98687744140625
0.009090048,9.9945068359375,9.98687744140625
0.009091072,9.979248046875,9.98687744140625
0.009092096,9.98687744140625,9.98687744140625
0.00909312,9.98687744140625,9.98687744140625
0.009094144,9.98687744140625,9.98687744140625
0.009095168,10.00213623046875,9.98687744140625
0.009096192,10.00213623046875,9.98687744140625
0.009097216,10.00213623046875,9.98687744140625
0.00909824,9.9945068359375,9.98687744140625
0.009099264,9.98687744140625,9.98687744140625
0.009100288,9.98687744140625,9.98687744140625
0.009101312,9.9945068359375,9.98687744140625
0.009102336,10.00213623046875,9.98687744140625
0.00910336,9.9639892578125,9.98687744140625
0.009104384,10.009765625,9.98687744140625
0.009105408,9.97161865234375,9.98687744140625
0.009106432,9.9945068359375,9.98687744140625
0.009107456,9.98687744140625,9.98687744140625
0.00910848,9.98687744140625,9.98687744140625
0.009109504,9.98687744140625,9.98687744140625
0.009110528,9.9945068359375,9.9945068359375
0.009111552,9.9945068359375,9.98687744140625
0.009112576,9.9945068359375,9.98687744140625
0.0091136,10.00213623046875,9.98687744140625
0.009114624,9.95635986328125,9.98687744140625
0.009115648,10.01739501953125,9.98687744140625
0.009116672,9.979248046875,9.98687744140625
0.009117696,9.98687744140625,9.98687744140625
0.00911872,10.00213623046875,9.98687744140625
0.009119744,9.95635986328125,9.98687744140625
0.009120768,10.01739501953125,9.98687744140625
0.009121792,9.9639892578125,9.98687744140625
0.009122816,10.00213623046875,9.98687744140625
0.00912384,9.9639892578125,9.98687744140625
0.009124864,10.009765625,9.98687744140625
0.009125888,9.9639892578125,9.98687744140625
0.009126912,10.01739501953125,9.98687744140625
0.009127936,9.9639892578125,9.98687744140625
0.00912896,10.0250244140625,9.98687744140625
0.009129984,9.97161865234375,9.98687744140625
0.009131008,9.9945068359375,9.98687744140625
0.009132032,9.9945068359375,9.98687744140625
0.009133056,10.00213623046875,9.98687744140625
0.00913408,10.00213623046875,9.98687744140625
0.009135104,9.979248046875,9.98687744140625
0.009136128,9.9945068359375,9.98687744140625
0.009137152,10.00213623046875,9.98687744140625
0.009138176,10.00213623046875,9.98687744140625
0.0091392,10.00213623046875,9.98687744140625
0.009140224,9.95635986328125,9.98687744140625
0.009141248,9.9945068359375,9.98687744140625
0.009142272,10.00213623046875,9.98687744140625
0.009143296,10.00213623046875,9.98687744140625
0.00914432,9.97161865234375,9.98687744140625
0.009145344,9.9945068359375,9.98687744140625
0.009146368,10.00213623046875,9.9945068359375
0.009147392,10.00213623046875,9.98687744140625
0.009148416,9.9639892578125,9.98687744140625
0.00914944,10.01739501953125,9.98687744140625
0.009150464,9.9639892578125,9.98687744140625
0.009151488,10.0250244140625,9.98687744140625
0.009152512,9.979248046875,9.98687744140625
0.009153536,9.98687744140625,9.98687744140625
0.00915456,10.00213623046875,9.98687744140625
0.009155584,9.9639892578125,9.98687744140625
0.009156608,10.00213623046875,9.98687744140625
0.009157632,9.98687744140625,9.98687744140625
0.009158656,9.98687744140625,9.98687744140625
0.00915968,9.97161865234375,9.98687744140625
0.009160704,9.9945068359375,9.98687744140625
0.009161728,9.98687744140625,9.98687744140625
0.009162752,9.9945068359375,9.98687744140625
0.009163776,9.9945068359375,9.98687744140625
0.0091648,10.00213623046875,9.98687744140625
0.009165824,10.009765625,9.98687744140625
0.009166848,9.979248046875,9.98687744140625
0.009167872,9.98687744140625,9.98687744140625
0.009168896,9.9945068359375,9.98687744140625
0.00916992,9.9945068359375,9.98687744140625
0.009170944,9.98687744140625,9.98687744140625
0.009171968,9.979248046875,9.98687744140625
0.009172992,9.9945068359375,9.98687744140625
0.009174016,10.00213623046875,9.98687744140625
0.00917504,10.009765625,9.98687744140625
0.009176064,9.979248046875,9.98687744140625
0.009177088,10.00213623046875,9.98687744140625
0.009178112,9.98687744140625,9.98687744140625
0.009179136,9.9945068359375,9.98687744140625
0.00918016,10.00213623046875,9.98687744140625
0.009181184,9.95635986328125,9.98687744140625
0.009182208,10.0250244140625,9.98687744140625
0.009183232,9.97161865234375,9.98687744140625
0.009184256,9.98687744140625,9.98687744140625
0.00918528,9.98687744140625,9.98687744140625
0.009186304,9.9945068359375,9.98687744140625
0.009187328,10.009765625,9.98687744140625
0.009188352,9.97161865234375,9.98687744140625
0.009189376,9.98687744140625,9.98687744140625
0.0091904,9.98687744140625,9.98687744140625
0.009191424,9.98687744140625,9.98687744140625
0.009192448,9.9945068359375,9.98687744140625
0.009193472,10.009765625,9.98687744140625
0.009194496,9.9639892578125,9.98687744140625
0.00919552,10.01739501953125,9.98687744140625
0.009196544,9.97161865234375,9.98687744140625
0.009197568,9.98687744140625,9.98687744140625
0.009198592,9.98687744140625,9.98687744140625
0.009199616,9.9945068359375,9.98687744140625
0.00920064,10.00213623046875,9.98687744140625
0.009201664,9.97161865234375,9.98687744140625
0.009202688,10.009765625,9.98687744140625
0.009203712,9.97161865234375,9.98687744140625
0.009204736,10.00213623046875,9.98687744140625
0.00920576,9.97161865234375,9.98687744140625
0.009206784,9.979248046875,9.98687744140625
0.009207808,10.00213623046875,9.98687744140625
0.009208832,9.98687744140625,9.98687744140625
0.009209856,9.9945068359375,9.98687744140625
0.00921088,9.9945068359375,9.98687744140625
0.009211904,9.9945068359375,9.98687744140625
0.009212928,9.98687744140625,9.98687744140625
0.009213952,10.00213623046875,9.98687744140625
0.009214976,9.97161865234375,9.98687744140625
0.009216,9.9945068359375,9.98687744140625
0.009217024,10.009765625,9.98687744140625
0.009218048,9.9639892578125,9.98687744140625
0.009219072,10.01739501953125,9.98687744140625
0.009220096,9.95635986328125,9.98687744140625
0.00922112,10.009765625,9.98687744140625
0.009222144,9.9639892578125,9.98687744140625
0.009223168,10.009765625,9.98687744140625
0.009224192,9.9639892578125,9.98687744140625
0.009225216,10.00213623046875,9.98687744140625
0.00922624,10.009765625,9.98687744140625
0.009227264,9.979248046875,9.98687744140625
0.009228288,9.98687744140625,9.98687744140625
0.009229312,10.00213623046875,9.98687744140625
0.009230336,10.009765625,9.98687744140625
0.00923136,9.97161865234375,9.98687744140625
0.009232384,9.9945068359375,9.98687744140625
0.009233408,10.00213623046875,9.98687744140625
0.009234432,10.00213623046875,9.98687744140625
0.009235456,9.97161865234375,9.98687744140625
0.00923648,9.9945068359375,9.98687744140625
0.009237504,9.98687744140625,9.98687744140625
0.009238528,9.9945068359375,9.98687744140625
0.009239552,9.9945068359375,9.98687744140625
0.009240576,9.9945068359375,9.98687744140625
0.0092416,9.98687744140625,9.98687744140625
0.009242624,9.9945068359375,9.98687744140625
0.009243648,10.00213623046875,9.98687744140625
0.009244672,9.9639892578125,9.98687744140625
0.009245696,10.01739501953125,9.98687744140625
0.00924672,9.9639892578125,9.98687744140625
0.009247744,10.009765625,9.98687744140625
0.009248768,9.98687744140625,9.98687744140625
0.009249792,9.98687744140625,9.98687744140625
0.009250816,10.00213623046875,9.98687744140625
0.00925184,9.97161865234375,9.98687744140625
0.009252864,9.98687744140625,9.98687744140625
0.009253888,10.00213623046875,9.98687744140625
0.009254912,9.97161865234375,9.98687744140625
0.009255936,9.97161865234375,9.98687744140625
0.00925696,9.98687744140625,9.98687744140625
0.009257984,9.9945068359375,9.98687744140625
0.009259008,9.98687744140625,9.98687744140625
0.009260032,9.9945068359375,9.98687744140625
0.009261056,10.00213623046875,9.98687744140625
0.00926208,9.9639892578125,9.98687744140625
0.009263104,10.01739501953125,9.98687744140625
0.009264128,9.979248046875,9.98687744140625
0.009265152,9.9945068359375,9.98687744140625
0.009266176,9.98687744140625,9.98687744140625
0.0092672,9.98687744140625,9.98687744140625
0.009268224,9.98687744140625,9.98687744140625
0.009269248,10.00213623046875,9.98687744140625
0.009270272,9.9945068359375,9.98687744140625
0.009271296,9.9945068359375,9.98687744140625
0.00927232,9.9945068359375,9.98687744140625
0.009273344,9.98687744140625,9.98687744140625
0.009274368,9.979248046875,9.98687744140625
0.009275392,9.98687744140625,9.98687744140625
0.009276416,9.9945068359375,9.98687744140625
0.00927744,9.9945068359375,9.98687744140625
0.009278464,10.00213623046875,9.98687744140625
0.009279488,9.97161865234375,9.98687744140625
0.009280512,9.979248046875,9.98687744140625
0.009281536,10.009765625,9.98687744140625
0.00928256,9.97161865234375,9.98687744140625
0.009283584,10.0250244140625,9.98687744140625
0.009284608,9.97161865234375,9.98687744140625
0.009285632,9.9945068359375,9.98687744140625
0.009286656,10.009765625,9.98687744140625
0.00928768,9.97161865234375,9.98687744140625
0.009288704,10.0250244140625,9.98687744140625
0.009289728,9.9639892578125,9.98687744140625
0.009290752,10.009765625,9.98687744140625
0.009291776,9.98687744140625,9.98687744140625
0.0092928,9.979248046875,9.98687744140625
0.009293824,9.9945068359375,9.98687744140625
0.009294848,9.9945068359375,9.98687744140625
0.009295872,9.9945068359375,9.98687744140625
0.009296896,10.00213623046875,9.98687744140625
0.00929792,9.9945068359375,9.98687744140625
0.009298944,10.009765625,9.98687744140625
0.009299968,9.97161865234375,9.98687744140625
0.009300992,9.9945068359375,9.98687744140625
0.009302016,10.00213623046875,9.98687744140625
0.00930304,9.97161865234375,9.98687744140625
0.009304064,9.9945068359375,9.98687744140625
0.009305088,10.00213623046875,9.98687744140625
0.009306112,9.97161865234375,9.98687744140625
0.009307136,9.9945068359375,9.98687744140625
0.00930816,10.00213623046875,9.98687744140625
0.009309184,10.00213623046875,9.98687744140625
0.009310208,10.00213623046875,9.98687744140625
0.009311232,9.97161865234375,9.98687744140625
0.009312256,10.00213623046875,9.98687744140625
0.00931328,9.97161865234375,9.98687744140625
0.009314304,9.9945068359375,9.98687744140625
0.009315328,9.98687744140625,9.98687744140625
0.009316352,10.00213623046875,9.98687744140625
0.009317376,9.979248046875,9.98687744140625
0.0093184,10.00213623046875,9.98687744140625
0.009319424,9.97161865234375,9.98687744140625
0.009320448,10.009765625,9.98687744140625
0.009321472,9.98687744140625,9.98687744140625
0.009322496,9.9945068359375,9.98687744140625
0.00932352,9.98687744140625,9.98687744140625
0.009324544,9.9945068359375,9.9945068359375
0.009325568,9.98687744140625,9.98687744140625
0.009326592,9.9945068359375,9.98687744140625
0.009327616,10.00213623046875,9.98687744140625
0.00932864,9.97161865234375,9.98687744140625
0.009329664,9.9945068359375,9.98687744140625
0.009330688,10.00213623046875,9.98687744140625
0.009331712,9.979248046875,9.98687744140625
0.009332736,9.98687744140625,9.98687744140625
0.00933376,10.00213623046875,9.98687744140625
0.009334784,9.97161865234375,9.98687744140625
0.009335808,10.0250244140625,9.98687744140625
0.009336832,9.97161865234375,9.98687744140625
0.009337856,9.98687744140625,9.98687744140625
0.00933888,9.9945068359375,9.98687744140625
0.009339904,9.9945068359375,9.98687744140625
0.009340928,10.00213623046875,9.98687744140625
0.009341952,9.9639892578125,9.98687744140625
0.009342976,10.009765625,9.98687744140625
0.009344,9.9639892578125,9.98687744140625
0.009345024,10.01739501953125,9.98687744140625
0.009346048,9.9639892578125,9.98687744140625
0.009347072,10.01739501953125,9.98687744140625
0.009348096,9.97161865234375,9.98687744140625
0.00934912,9.9945068359375,9.98687744140625
0.009350144,10.00213623046875,9.98687744140625
0.009351168,9.95635986328125,9.98687744140625
0.009352192,10.0250244140625,9.98687744140625
0.009353216,9.97161865234375,9.98687744140625
0.00935424,9.9945068359375,9.98687744140625
0.009355264,9.98687744140625,9.98687744140625
0.009356288,9.9945068359375,9.98687744140625
0.009357312,9.979248046875,9.98687744140625
0.009358336,9.9945068359375,9.9945068359375
0.00935936,9.9945068359375,9.98687744140625
0.009360384,10.00213623046875,9.9945068359375
0.009361408,9.98687744140625,9.98687744140625
0.009362432,10.00213623046875,9.98687744140625
0.009363456,10.00213623046875,9.98687744140625
0.00936448,9.9639892578125,9.98687744140625
0.009365504,10.01739501953125,9.98687744140625
0.009366528,9.98687744140625,9.98687744140625
0.009367552,10.00213623046875,9.98687744140625
0.009368576,9.97161865234375,9.98687744140625
0.0093696,10.01739501953125,9.98687744140625
0.009370624,9.97161865234375,9.98687744140625
0.009371648,9.98687744140625,9.98687744140625
0.009372672,9.98687744140625,9.98687744140625
0.009373696,9.9945068359375,9.98687744140625
0.00937472,9.9945068359375,9.98687744140625
0.009375744,9.98687744140625,9.98687744140625
0.009376768,9.9945068359375,9.98687744140625
0.009377792,9.9945068359375,9.98687744140625
0.009378816,9.979248046875,9.98687744140625
0.00937984,9.98687744140625,9.98687744140625
0.009380864,9.9945068359375,9.98687744140625
0.009381888,10.00213623046875,9.98687744140625
0.009382912,9.9639892578125,9.98687744140625
0.009383936,10.01739501953125,9.98687744140625
0.00938496,9.97161865234375,9.98687744140625
0.009385984,9.9945068359375,9.98687744140625
0.009387008,10.00213623046875,9.98687744140625
0.009388032,9.98687744140625,9.98687744140625
0.009389056,9.9945068359375,9.98687744140625
0.00939008,9.98687744140625,9.98687744140625
0.009391104,9.98687744140625,9.98687744140625
0.009392128,9.98687744140625,9.98687744140625
0.009393152,9.98687744140625,9.98687744140625
0.009394176,9.98687744140625,9.98687744140625
0.0093952,9.9945068359375,9.98687744140625
0.009396224,10.009765625,9.98687744140625
0.009397248,9.97161865234375,9.98687744140625
0.009398272,9.9945068359375,9.98687744140625
0.009399296,10.00213623046875,9.98687744140625
0.00940032,9.95635986328125,9.98687744140625
0.009401344,10.01739501953125,9.98687744140625
0.009402368,9.9639892578125,9.98687744140625
0.009403392,10.009765625,9.98687744140625
0.009404416,9.98687744140625,9.98687744140625
0.00940544,9.979248046875,9.98687744140625
0.009406464,9.9945068359375,9.98687744140625
0.009407488,10.009765625,9.98687744140625
0.009408512,9.97161865234375,9.98687744140625
0.009409536,9.9639892578125,9.98687744140625
0.00941056,10.01739501953125,9.98687744140625
0.009411584,9.979248046875,9.98687744140625
0.009412608,9.98687744140625,9.98687744140625
0.009413632,9.9945068359375,9.98687744140625
0.009414656,9.9945068359375,9.98687744140625
0.00941568,9.9945068359375,9.98687744140625
0.009416704,10.00213623046875,9.98687744140625
0.009417728,10.00213623046875,9.98687744140625
0.009418752,9.97161865234375,9.98687744140625
0.009419776,10.009765625,9.98687744140625
0.0094208,9.979248046875,9.98687744140625
0.009421824,10.00213623046875,9.98687744140625
0.009422848,9.9639892578125,9.98687744140625
0.009423872,10.00213623046875,9.98687744140625
0.009424896,9.95635986328125,9.98687744140625
0.00942592,9.9945068359375,9.98687744140625
0.009426944,9.98687744140625,9.98687744140625
0.009427968,9.979248046875,9.98687744140625
0.009428992,10.00213623046875,9.98687744140625
0.009430016,9.9945068359375,9.98687744140625
0.00943104,9.9945068359375,9.98687744140625
0.009432064,9.9945068359375,9.98687744140625
0.009433088,9.9945068359375,9.98687744140625
0.009434112,9.979248046875,9.98687744140625
0.009435136,9.98687744140625,9.98687744140625
0.00943616,9.98687744140625,9.98687744140625
0.009437184,9.98687744140625,9.98687744140625
0.009438208,10.009765625,9.98687744140625
0.009439232,9.979248046875,9.98687744140625
0.009440256,9.9945068359375,9.98687744140625
0.00944128,10.00213623046875,9.98687744140625
0.009442304,9.98687744140625,9.98687744140625
0.009443328,10.00213623046875,9.98687744140625
0.009444352,9.979248046875,9.98687744140625
0.009445376,9.9945068359375,9.98687744140625
0.0094464,10.009765625,9.98687744140625
0.009447424,9.97161865234375,9.98687744140625
0.009448448,9.98687744140625,9.98687744140625
0.009449472,9.9945068359375,9.98687744140625
0.009450496,10.00213623046875,9.98687744140625
0.00945152,9.97161865234375,9.98687744140625
0.009452544,9.979248046875,9.98687744140625
0.009453568,9.98687744140625,9.98687744140625
0.009454592,9.9945068359375,9.98687744140625
0.009455616,10.00213623046875,9.98687744140625
0.00945664,10.00213623046875,9.98687744140625
0.009457664,9.9639892578125,9.98687744140625
0.009458688,10.01739501953125,9.98687744140625
0.009459712,9.98687744140625,9.98687744140625
0.009460736,9.9945068359375,9.98687744140625
0.00946176,10.00213623046875,9.98687744140625
0.009462784,10.00213623046875,9.98687744140625
0.009463808,9.95635986328125,9.98687744140625
0.009464832,10.00213623046875,9.98687744140625
0.009465856,9.9639892578125,9.98687744140625
0.00946688,10.01739501953125,9.98687744140625
0.009467904,9.979248046875,9.98687744140625
0.009468928,9.979248046875,9.98687744140625
0.009469952,9.9945068359375,9.98687744140625
0.009470976,9.98687744140625,9.98687744140625
0.009472,10.00213623046875,9.98687744140625
0.009473024,10.00213623046875,9.98687744140625
0.009474048,9.9639892578125,9.98687744140625
0.009475072,10.01739501953125,9.98687744140625
0.009476096,9.97161865234375,9.98687744140625
0.00947712,9.9945068359375,9.98687744140625
0.009478144,9.9945068359375,9.98687744140625
0.009479168,9.9945068359375,9.98687744140625
0.009480192,9.9945068359375,9.98687744140625
0.009481216,9.979248046875,9.98687744140625
0.00948224,9.98687744140625,9.98687744140625
0.009483264,9.98687744140625,9.98687744140625
0.009484288,9.9945068359375,9.98687744140625
0.009485312,9.98687744140625,9.98687744140625
0.009486336,9.9945068359375,9.98687744140625
0.00948736,9.98687744140625,9.98687744140625
0.009488384,9.98687744140625,9.98687744140625
0.009489408,9.98687744140625,9.98687744140625
0.009490432,10.00213623046875,9.98687744140625
0.009491456,9.9945068359375,9.98687744140625
0.00949248,9.9945068359375,9.98687744140625
0.009493504,10.00213623046875,9.98687744140625
0.009494528,9.979248046875,9.98687744140625
0.009495552,9.9945068359375,9.98687744140625
0.009496576,9.979248046875,9.98687744140625
0.0094976,9.9945068359375,9.98687744140625
0.009498624,9.98687744140625,9.98687744140625
0.009499648,9.9945068359375,9.98687744140625
0.009500672,9.9945068359375,9.98687744140625
0.009501696,9.98687744140625,9.98687744140625
0.00950272,9.98687744140625,9.98687744140625
0.009503744,10.009765625,9.98687744140625
0.009504768,9.9639892578125,9.98687744140625
0.009505792,10.0250244140625,9.98687744140625
0.009506816,9.97161865234375,9.98687744140625
0.00950784,10.009765625,9.98687744140625
0.009508864,9.97161865234375,9.98687744140625
0.009509888,10.00213623046875,9.98687744140625
0.009510912,9.97161865234375,9.98687744140625
0.009511936,9.9945068359375,9.98687744140625
0.00951296,9.979248046875,9.98687744140625
0.009513984,9.97161865234375,9.98687744140625
0.009515008,9.979248046875,9.98687744140625
0.009516032,10.00213623046875,9.98687744140625
0.009517056,10.00213623046875,9.98687744140625
0.00951808,9.98687744140625,9.98687744140625
0.009519104,9.98687744140625,9.98687744140625
0.009520128,9.9945068359375,9.98687744140625
0.009521152,10.00213623046875,9.98687744140625
0.009522176,10.009765625,9.98687744140625
0.0095232,9.97161865234375,9.98687744140625
0.009524224,10.0250244140625,9.98687744140625
0.009525248,9.97161865234375,9.98687744140625
0.009526272,9.9945068359375,9.98687744140625
0.009527296,10.00213623046875,9.98687744140625
0.00952832,9.979248046875,9.98687744140625
0.009529344,9.98687744140625,9.98687744140625
0.009530368,9.98687744140625,9.98687744140625
0.009531392,9.98687744140625,9.98687744140625
0.009532416,9.98687744140625,9.98687744140625
0.00953344,9.9945068359375,9.98687744140625
0.009534464,9.98687744140625,9.98687744140625
0.009535488,10.00213623046875,9.98687744140625
0.009536512,10.00213623046875,9.98687744140625
0.009537536,9.9639892578125,9.98687744140625
0.00953856,10.009765625,9.98687744140625
0.009539584,9.9639892578125,9.98687744140625
0.009540608,10.01739501953125,9.98687744140625
0.009541632,9.9639892578125,9.98687744140625
0.009542656,10.01739501953125,9.98687744140625
0.00954368,9.95635986328125,9.98687744140625
0.009544704,10.00213623046875,9.98687744140625
0.009545728,9.9639892578125,9.98687744140625
0.009546752,10.009765625,9.98687744140625
0.009547776,9.97161865234375,9.98687744140625
0.0095488,9.98687744140625,9.98687744140625
0.009549824,9.9945068359375,9.98687744140625
0.009550848,9.9945068359375,9.98687744140625
0.009551872,10.00213623046875,9.98687744140625
0.009552896,9.9945068359375,9.98687744140625
0.00955392,10.00213623046875,9.98687744140625
0.009554944,9.9945068359375,9.98687744140625
0.009555968,9.979248046875,9.98687744140625
0.009556992,9.9945068359375,9.98687744140625
0.009558016,9.9945068359375,9.98687744140625
0.00955904,9.98687744140625,9.98687744140625
0.009560064,9.979248046875,9.98687744140625
0.009561088,9.9945068359375,9.98687744140625
0.009562112,9.97161865234375,9.98687744140625
0.009563136,9.98687744140625,9.98687744140625
0.00956416,9.98687744140625,9.98687744140625
0.009565184,9.98687744140625,9.98687744140625
0.009566208,10.00213623046875,9.98687744140625
0.009567232,9.9945068359375,9.98687744140625
0.009568256,10.00213623046875,9.98687744140625
0.00956928,10.00213623046875,9.98687744140625
0.009570304,9.979248046875,9.98687744140625
0.009571328,9.98687744140625,9.98687744140625
0.009572352,10.00213623046875,9.98687744140625
0.009573376,10.009765625,9.98687744140625
0.0095744,9.97161865234375,9.98687744140625
0.009575424,10.01739501953125,9.98687744140625
0.009576448,9.979248046875,9.98687744140625
0.009577472,9.9945068359375,9.98687744140625
0.009578496,9.98687744140625,9.98687744140625
0.00957952,9.9945068359375,9.98687744140625
0.009580544,9.98687744140625,9.98687744140625
0.009581568,9.98687744140625,9.98687744140625
0.009582592,9.979248046875,9.98687744140625
0.009583616,9.98687744140625,9.98687744140625
0.00958464,9.9945068359375,9.98687744140625
0.009585664,9.979248046875,9.98687744140625
0.009586688,10.00213623046875,9.98687744140625
0.009587712,9.95635986328125,9.98687744140625
0.009588736,10.009765625,9.98687744140625
0.00958976,9.97161865234375,9.98687744140625
0.009590784,9.9945068359375,9.98687744140625
0.009591808,10.00213623046875,9.98687744140625
0.009592832,9.9945068359375,9.98687744140625
0.009593856,9.9945068359375,9.98687744140625
0.00959488,9.979248046875,9.98687744140625
0.009595904,9.98687744140625,9.98687744140625
0.009596928,9.9945068359375,9.98687744140625
0.009597952,9.9945068359375,9.98687744140625
0.009598976,9.979248046875,9.98687744140625
0.0096,9.979248046875,9.98687744140625
0.009601024,9.9945068359375,9.98687744140625
0.009602048,9.9945068359375,9.98687744140625
0.009603072,9.9945068359375,9.98687744140625
0.009604096,9.98687744140625,9.98687744140625
0.00960512,9.979248046875,9.98687744140625
0.009606144,9.98687744140625,9.98687744140625
0.009607168,10.00213623046875,9.98687744140625
0.009608192,10.00213623046875,9.98687744140625
0.009609216,9.98687744140625,9.98687744140625
0.00961024,9.98687744140625,9.98687744140625
0.009611264,10.009765625,9.98687744140625
0.009612288,9.97161865234375,9.98687744140625
0.009613312,10.009765625,9.98687744140625
0.009614336,9.97161865234375,9.98687744140625
0.00961536,10.009765625,9.98687744140625
0.009616384,9.95635986328125,9.98687744140625
0.009617408,10.009765625,9.98687744140625
0.009618432,9.94873046875,9.98687744140625
0.009619456,10.01739501953125,9.98687744140625
0.00962048,9.97161865234375,9.98687744140625
0.009621504,9.98687744140625,9.98687744140625
0.009622528,9.98687744140625,9.98687744140625
0.009623552,9.9945068359375,9.98687744140625
0.009624576,9.9945068359375,9.98687744140625
0.0096256,10.00213623046875,9.98687744140625
0.009626624,9.9945068359375,9.98687744140625
0.009627648,10.00213623046875,9.98687744140625
0.009628672,10.00213623046875,9.98687744140625
0.009629696,9.9945068359375,9.98687744140625
0.00963072,10.01739501953125,9.98687744140625
0.009631744,9.97161865234375,9.98687744140625
0.009632768,10.009765625,9.98687744140625
0.009633792,9.98687744140625,9.98687744140625
0.009634816,9.97161865234375,9.98687744140625
0.00963584,10.009765625,9.98687744140625
0.009636864,9.95635986328125,9.98687744140625
0.009637888,10.009765625,9.98687744140625
0.009638912,9.97161865234375,9.98687744140625
0.009639936,10.009765625,9.98687744140625
0.00964096,9.9639892578125,9.98687744140625
0.009641984,10.01739501953125,9.98687744140625
0.009643008,9.97161865234375,9.98687744140625
0.009644032,10.01739501953125,9.98687744140625
0.009645056,9.9639892578125,9.98687744140625
0.00964608,10.01739501953125,9.98687744140625
0.009647104,9.97161865234375,9.98687744140625
0.009648128,9.9945068359375,9.98687744140625
0.009649152,9.98687744140625,9.98687744140625
0.009650176,9.9945068359375,9.98687744140625
0.0096512,9.9945068359375,9.98687744140625
0.009652224,9.98687744140625,9.98687744140625
0.009653248,9.979248046875,9.98687744140625
0.009654272,9.979248046875,9.98687744140625
0.009655296,9.98687744140625,9.98687744140625
0.00965632,9.98687744140625,9.98687744140625
0.009657344,10.009765625,9.98687744140625
0.009658368,9.97161865234375,9.98687744140625
0.009659392,10.01739501953125,9.98687744140625
0.009660416,9.97161865234375,9.98687744140625
0.00966144,10.00213623046875,9.98687744140625
0.009662464,9.979248046875,9.98687744140625
0.009663488,10.00213623046875,9.98687744140625
0.009664512,9.98687744140625,9.98687744140625
0.009665536,9.9945068359375,9.98687744140625
0.00966656,10.00213623046875,9.98687744140625
0.009667584,10.00213623046875,9.98687744140625
0.009668608,9.9945068359375,9.98687744140625
0.009669632,9.9945068359375,9.98687744140625
0.009670656,9.979248046875,9.98687744140625
0.00967168,9.97161865234375,9.98687744140625
0.009672704,9.9945068359375,9.98687744140625
0.009673728,9.98687744140625,9.98687744140625
0.009674752,9.9945068359375,9.98687744140625
0.009675776,9.9945068359375,9.98687744140625
0.0096768,9.9945068359375,9.98687744140625
0.009677824,10.009765625,9.98687744140625
0.009678848,9.97161865234375,9.98687744140625
0.009679872,10.009765625,9.98687744140625
0.009680896,9.98687744140625,9.98687744140625
0.00968192,10.00213623046875,9.98687744140625
0.009682944,10.009765625,9.98687744140625
0.009683968,9.979248046875,9.98687744140625
0.009684992,10.009765625,9.98687744140625
0.009686016,9.97161865234375,9.98687744140625
0.00968704,9.979248046875,9.98687744140625
0.009688064,9.9945068359375,9.9945068359375
0.009689088,9.97161865234375,9.98687744140625
0.009690112,9.98687744140625,9.98687744140625
0.009691136,9.9945068359375,9.98687744140625
0.00969216,10.00213623046875,9.98687744140625
0.009693184,9.9639892578125,9.98687744140625
0.009694208,10.01739501953125,9.98687744140625
0.009695232,9.9639892578125,9.9945068359375
0.009696256,10.01739501953125,9.98687744140625
0.00969728,9.98687744140625,9.98687744140625
0.009698304,10.00213623046875,9.98687744140625
0.009699328,9.9639892578125,9.98687744140625
0.009700352,10.009765625,9.98687744140625
0.009701376,9.97161865234375,9.98687744140625
0.0097024,9.9945068359375,9.98687744140625
0.009703424,9.98687744140625,9.98687744140625
0.009704448,10.00213623046875,9.98687744140625
0.009705472,9.94873046875,9.98687744140625
0.009706496,10.009765625,9.98687744140625
0.00970752,9.95635986328125,9.98687744140625
0.009708544,10.00213623046875,9.98687744140625
0.009709568,9.9945068359375,9.98687744140625
0.009710592,10.00213623046875,9.98687744140625
0.009711616,9.98687744140625,9.98687744140625
0.00971264,9.9945068359375,9.98687744140625
0.009713664,10.00213623046875,9.98687744140625
0.009714688,10.00213623046875,9.98687744140625
0.009715712,9.97161865234375,9.98687744140625
0.009716736,10.01739501953125,9.98687744140625
0.00971776,9.979248046875,9.98687744140625
0.009718784,9.9945068359375,9.98687744140625
0.009719808,9.9945068359375,9.98687744140625
0.009720832,9.98687744140625,9.98687744140625
0.009721856,9.9639892578125,9.98687744140625
0.00972288,9.979248046875,9.98687744140625
0.009723904,9.9639892578125,9.98687744140625
0.009724928,10.009765625,9.98687744140625
0.009725952,9.9639892578125,9.9945068359375
0.009726976,10.009765625,9.98687744140625
0.009728,9.979248046875,9.98687744140625
0.009729024,10.009765625,9.98687744140625
0.009730048,9.9639892578125,9.98687744140625
0.009731072,10.01739501953125,9.98687744140625
0.009732096,9.9639892578125,9.98687744140625
0.00973312,10.03265380859375,9.98687744140625
0.009734144,9.979248046875,9.98687744140625
0.009735168,9.9945068359375,9.98687744140625
0.009736192,9.9945068359375,9.98687744140625
0.009737216,10.009765625,9.98687744140625
0.00973824,9.979248046875,9.98687744140625
0.009739264,9.9945068359375,9.98687744140625
0.009740288,10.009765625,9.98687744140625
0.009741312,9.95635986328125,9.98687744140625
0.009742336,10.00213623046875,9.98687744140625
0.00974336,9.9945068359375,9.98687744140625
0.009744384,9.98687744140625,9.98687744140625
0.009745408,9.98687744140625,9.98687744140625
0.009746432,10.00213623046875,9.98687744140625
0.009747456,10.00213623046875,9.98687744140625
0.00974848,10.009765625,9.9945068359375
0.009749504,9.97161865234375,9.98687744140625
0.009750528,10.00213623046875,9.98687744140625
0.009751552,9.9945068359375,9.98687744140625
0.009752576,9.9945068359375,9.98687744140625
0.0097536,10.009765625,9.98687744140625
0.009754624,9.97161865234375,9.98687744140625
0.009755648,10.009765625,9.98687744140625
0.009756672,9.979248046875,9.98687744140625
0.009757696,9.98687744140625,9.9945068359375
0.00975872,9.979248046875,9.98687744140625
0.009759744,9.97161865234375,9.98687744140625
0.009760768,9.979248046875,9.98687744140625
0.009761792,9.979248046875,9.98687744140625
0.009762816,9.98687744140625,9.98687744140625
0.00976384,10.00213623046875,9.98687744140625
0.009764864,10.00213623046875,9.9945068359375
0.009765888,9.9945068359375,9.98687744140625
0.009766912,9.9945068359375,9.98687744140625
0.009767936,10.00213623046875,9.98687744140625
0.00976896,10.00213623046875,9.98687744140625
0.009769984,10.01739501953125,9.98687744140625
0.009771008,9.98687744140625,9.98687744140625
0.009772032,10.009765625,9.98687744140625
0.009773056,9.9639892578125,9.98687744140625
0.00977408,10.0250244140625,9.98687744140625
0.009775104,9.97161865234375,9.98687744140625
0.009776128,9.98687744140625,9.98687744140625
0.009777152,9.97161865234375,9.98687744140625
0.009778176,9.95635986328125,9.98687744140625
0.0097792,10.009765625,9.98687744140625
0.009780224,9.95635986328125,9.98687744140625
0.009781248,10.009765625,9.98687744140625
0.009782272,9.9639892578125,9.98687744140625
0.009783296,9.9945068359375,9.98687744140625
0.00978432,9.98687744140625,9.98687744140625
0.009785344,9.98687744140625,9.98687744140625
0.009786368,9.9945068359375,9.98687744140625
0.009787392,10.00213623046875,9.98687744140625
0.009788416,9.9945068359375,9.98687744140625
0.00978944,10.009765625,9.98687744140625
0.009790464,9.97161865234375,9.98687744140625
0.009791488,10.03265380859375,9.98687744140625
0.009792512,9.979248046875,9.98687744140625
0.009793536,9.9945068359375,9.98687744140625
0.00979456,9.9945068359375,9.98687744140625
0.009795584,9.97161865234375,9.98687744140625
0.009796608,9.98687744140625,9.9945068359375
0.009797632,9.98687744140625,9.98687744140625
0.009798656,9.9945068359375,9.98687744140625
0.00979968,9.98687744140625,9.98687744140625
0.009800704,10.00213623046875,9.9945068359375
0.009801728,9.9945068359375,9.98687744140625
0.009802752,9.9945068359375,9.98687744140625
0.009803776,10.009765625,9.98687744140625
0.0098048,9.9639892578125,9.98687744140625
0.009805824,10.00213623046875,9.98687744140625
0.009806848,10.009765625,9.98687744140625
0.009807872,9.9945068359375,9.98687744140625
0.009808896,9.98687744140625,9.98687744140625
0.00980992,10.009765625,9.98687744140625
0.009810944,9.979248046875,9.98687744140625
0.009811968,9.9945068359375,9.9945068359375
0.009812992,10.00213623046875,9.98687744140625
0.009814016,9.979248046875,9.98687744140625
0.00981504,9.97161865234375,9.98687744140625
0.009816064,9.98687744140625,9.98687744140625
0.009817088,9.979248046875,9.98687744140625
0.009818112,9.98687744140625,9.98687744140625
0.009819136,9.9945068359375,9.98687744140625
0.00982016,9.98687744140625,9.98687744140625
0.009821184,9.979248046875,9.98687744140625
0.009822208,9.9945068359375,9.98687744140625
0.009823232,9.9945068359375,9.98687744140625
0.009824256,9.9945068359375,9.98687744140625
0.00982528,10.00213623046875,9.98687744140625
0.009826304,9.98687744140625,9.9945068359375
0.009827328,9.9945068359375,9.98687744140625
0.009828352,10.00213623046875,9.98687744140625
0.009829376,9.97161865234375,9.98687744140625
0.0098304,10.00213623046875,9.98687744140625
0.009831424,9.9945068359375,9.98687744140625
0.009832448,9.979248046875,9.98687744140625
0.009833472,9.97161865234375,9.98687744140625
0.009834496,10.01739501953125,9.98687744140625
0.00983552,9.9639892578125,9.98687744140625
0.009836544,10.00213623046875,9.98687744140625
0.009837568,10.00213623046875,9.98687744140625
0.009838592,9.98687744140625,9.9945068359375
0.009839616,9.9945068359375,9.98687744140625
0.00984064,10.00213623046875,9.98687744140625
0.009841664,10.00213623046875,9.98687744140625
0.009842688,9.979248046875,9.98687744140625
0.009843712,10.0250244140625,9.98687744140625
0.009844736,9.9945068359375,9.9945068359375
0.00984576,10.00213623046875,9.98687744140625
0.009846784,9.9945068359375,9.98687744140625
0.009847808,9.98687744140625,9.98687744140625
0.009848832,9.97161865234375,9.98687744140625
0.009849856,9.979248046875,9.98687744140625
0.00985088,9.9639892578125,9.98687744140625
0.009851904,10.01739501953125,9.98687744140625
0.009852928,9.979248046875,9.98687744140625
0.009853952,9.9945068359375,9.98687744140625
0.009854976,10.009765625,9.98687744140625
0.009856,9.95635986328125,9.98687744140625
0.009857024,10.01739501953125,9.98687744140625
0.009858048,9.97161865234375,9.98687744140625
0.009859072,10.009765625,9.98687744140625
0.009860096,9.979248046875,9.98687744140625
0.00986112,10.009765625,9.98687744140625
0.009862144,9.979248046875,9.98687744140625
0.009863168,9.9945068359375,9.98687744140625
0.009864192,9.9945068359375,9.98687744140625
0.009865216,9.97161865234375,9.98687744140625
0.00986624,9.9639892578125,9.98687744140625
0.009867264,10.00213623046875,9.98687744140625
0.009868288,9.98687744140625,9.98687744140625
0.009869312,9.98687744140625,9.98687744140625
0.009870336,9.9945068359375,9.98687744140625
0.00987136,9.98687744140625,9.98687744140625
0.009872384,10.00213623046875,9.98687744140625
0.009873408,10.00213623046875,9.98687744140625
0.009874432,9.98687744140625,9.98687744140625
0.009875456,9.9945068359375,9.98687744140625
0.00987648,10.009765625,9.98687744140625
0.009877504,9.98687744140625,9.98687744140625
0.009878528,10.00213623046875,9.98687744140625
0.009879552,10.00213623046875,9.98687744140625
0.009880576,10.009765625,9.98687744140625
0.0098816,9.97161865234375,9.98687744140625
0.009882624,9.97161865234375,9.98687744140625
0.009883648,9.97161865234375,9.98687744140625
0.009884672,9.97161865234375,9.98687744140625
0.009885696,10.009765625,9.98687744140625
0.00988672,9.94873046875,9.98687744140625
0.009887744,10.00213623046875,9.98687744140625
0.009888768,10.00213623046875,9.98687744140625
0.009889792,9.98687744140625,9.98687744140625
0.009890816,9.979248046875,9.98687744140625
0.00989184,9.9945068359375,9.98687744140625
0.009892864,9.9945068359375,9.98687744140625
0.009893888,10.009765625,9.98687744140625
0.009894912,9.979248046875,9.98687744140625
0.009895936,9.9945068359375,9.98687744140625
0.00989696,10.009765625,9.98687744140625
0.009897984,9.9639892578125,9.98687744140625
0.009899008,9.9945068359375,9.98687744140625
0.009900032,9.9639892578125,9.98687744140625
0.009901056,9.98687744140625,9.98687744140625
0.00990208,9.979248046875,9.98687744140625
0.009903104,9.9945068359375,9.98687744140625
0.009904128,10.00213623046875,9.98687744140625
0.009905152,9.9945068359375,9.98687744140625
0.009906176,9.9945068359375,9.98687744140625
0.0099072,9.9945068359375,9.98687744140625
0.009908224,10.00213623046875,9.98687744140625
0.009909248,9.98687744140625,9.98687744140625
0.009910272,9.9945068359375,9.98687744140625
0.009911296,10.009765625,9.98687744140625
0.00991232,9.979248046875,9.98687744140625
0.009913344,10.00213623046875,9.98687744140625
0.009914368,9.97161865234375,9.98687744140625
0.009915392,9.98687744140625,9.98687744140625
0.009916416,9.979248046875,9.98687744140625
0.00991744,9.9639892578125,9.98687744140625
0.009918464,9.97161865234375,9.98687744140625
0.009919488,10.00213623046875,9.98687744140625
0.009920512,9.9945068359375,9.98687744140625
0.009921536,9.98687744140625,9.98687744140625
0.00992256,9.98687744140625,9.98687744140625
0.009923584,9.979248046875,9.98687744140625
0.009924608,9.9945068359375,9.98687744140625
0.009925632,9.9945068359375,9.98687744140625
0.009926656,10.00213623046875,9.98687744140625
0.00992768,10.009765625,9.98687744140625
0.009928704,9.97161865234375,9.98687744140625
0.009929728,10.009765625,9.98687744140625
0.009930752,9.979248046875,9.98687744140625
0.009931776,9.98687744140625,9.98687744140625
0.0099328,10.00213623046875,9.98687744140625
0.009933824,9.98687744140625,9.98687744140625
0.009934848,9.97161865234375,9.98687744140625
0.009935872,9.98687744140625,9.98687744140625
0.009936896,9.97161865234375,9.98687744140625
0.00993792,9.9945068359375,9.98687744140625
0.009938944,9.979248046875,9.98687744140625
0.009939968,9.98687744140625,9.98687744140625
0.009940992,9.98687744140625,9.98687744140625
0.009942016,9.98687744140625,9.98687744140625
0.00994304,9.98687744140625,9.98687744140625
0.009944064,9.9945068359375,9.98687744140625
0.009945088,9.9945068359375,9.98687744140625
0.009946112,10.00213623046875,9.98687744140625
0.009947136,9.9945068359375,9.98687744140625
0.00994816,10.00213623046875,9.98687744140625
0.009949184,10.009765625,9.98687744140625
0.009950208,9.98687744140625,9.98687744140625
0.009951232,9.9945068359375,9.98687744140625
0.009952256,10.00213623046875,9.98687744140625
0.00995328,9.979248046875,9.98687744140625
0.009954304,9.97161865234375,9.98687744140625
0.009955328,10.00213623046875,9.98687744140625
0.009956352,9.979248046875,9.98687744140625
0.009957376,10.00213623046875,9.98687744140625
0.0099584,10.009765625,9.98687744140625
0.009959424,9.9639892578125,9.98687744140625
0.009960448,10.0250244140625,9.98687744140625
0.009961472,9.97161865234375,9.98687744140625
0.009962496,10.009765625,9.98687744140625
0.00996352,9.9639892578125,9.98687744140625
0.009964544,10.01739501953125,9.98687744140625
0.009965568,9.979248046875,9.98687744140625
0.009966592,9.9945068359375,9.98687744140625
0.009967616,9.9945068359375,9.98687744140625
0.00996864,10.00213623046875,9.98687744140625
0.009969664,9.98687744140625,9.98687744140625
0.009970688,9.98687744140625,9.98687744140625
0.009971712,9.98687744140625,9.98687744140625
0.009972736,9.9639892578125,9.98687744140625
0.00997376,10.00213623046875,9.98687744140625
0.009974784,9.97161865234375,9.98687744140625
0.009975808,10.009765625,9.98687744140625
0.009976832,9.95635986328125,9.98687744140625
0.009977856,10.00213623046875,9.98687744140625
0.00997888,10.00213623046875,9.98687744140625
0.009979904,10.009765625,9.98687744140625
0.009980928,9.9639892578125,9.98687744140625
0.009981952,10.01739501953125,9.98687744140625
0.009982976,9.979248046875,9.98687744140625
0.009984,10.00213623046875,9.98687744140625
0.009985024,9.9945068359375,9.98687744140625
0.009986048,10.01739501953125,9.98687744140625
0.009987072,9.97161865234375,9.98687744140625
0.009988096,9.9945068359375,9.98687744140625
0.00998912,10.00213623046875,9.98687744140625
0.009990144,9.9945068359375,9.98687744140625
0.009991168,9.979248046875,9.98687744140625
0.009992192,9.95635986328125,9.98687744140625
0.009993216,9.9945068359375,9.98687744140625
0.00999424,9.98687744140625,9.98687744140625
0.009995264,9.979248046875,9.98687744140625
0.009996288,10.00213623046875,9.98687744140625
0.009997312,9.9945068359375,9.98687744140625
0.009998336,9.9945068359375,9.98687744140625
0.00999936,9.9945068359375,9.98687744140625
0.010000384,10.00213623046875,9.98687744140625
0.010001408,10.00213623046875,9.98687744140625
0.010002432,9.9945068359375,9.98687744140625
0.010003456,10.00213623046875,9.98687744140625
0.01000448,10.00213623046875,9.98687744140625
0.010005504,10.009765625,9.98687744140625
0.010006528,9.9639892578125,9.98687744140625
0.010007552,10.009765625,9.98687744140625
0.010008576,9.94873046875,9.98687744140625
0.0100096,9.9945068359375,9.98687744140625
0.010010624,9.97161865234375,9.98687744140625
0.010011648,9.98687744140625,9.98687744140625
0.010012672,9.9945068359375,9.98687744140625
0.010013696,10.00213623046875,9.98687744140625
0.01001472,10.00213623046875,9.98687744140625
0.010015744,10.009765625,9.98687744140625
0.010016768,9.97161865234375,9.98687744140625
0.010017792,10.0250244140625,9.98687744140625
0.010018816,9.9639892578125,9.98687744140625
0.01001984,10.01739501953125,9.98687744140625
0.010020864,9.98687744140625,9.98687744140625
0.010021888,10.00213623046875,9.98687744140625
0.010022912,10.009765625,9.98687744140625
0.010023936,9.97161865234375,9.98687744140625
0.01002496,9.9945068359375,9.98687744140625
0.010025984,9.94873046875,9.98687744140625
0.010027008,9.98687744140625,9.98687744140625
0.010028032,9.97161865234375,9.98687744140625
0.010029056,9.98687744140625,9.98687744140625
0.01003008,10.009765625,9.98687744140625
0.010031104,9.95635986328125,9.98687744140625
0.010032128,10.00213623046875,9.98687744140625
0.010033152,9.98687744140625,9.98687744140625
0.010034176,9.98687744140625,9.98687744140625
0.0100352,10.00213623046875,9.98687744140625
0.010036224,10.00213623046875,9.98687744140625
0.010037248,10.009765625,9.98687744140625
0.010038272,9.979248046875,9.98687744140625
0.010039296,9.98687744140625,9.98687744140625
0.01004032,10.009765625,9.98687744140625
0.010041344,9.97161865234375,9.98687744140625
0.010042368,10.00213623046875,9.98687744140625
0.010043392,9.9639892578125,9.98687744140625
0.010044416,9.98687744140625,9.98687744140625
0.01004544,9.9639892578125,9.98687744140625
0.010046464,9.9945068359375,9.98687744140625
0.010047488,10.00213623046875,9.98687744140625
0.010048512,9.979248046875,9.98687744140625
0.010049536,9.98687744140625,9.98687744140625
0.01005056,9.9945068359375,9.98687744140625
0.010051584,9.9945068359375,9.98687744140625
0.010052608,9.9945068359375,9.98687744140625
0.010053632,10.00213623046875,9.98687744140625
0.010054656,10.009765625,9.98687744140625
0.01005568,9.979248046875,9.98687744140625
0.010056704,10.00213623046875,9.98687744140625
0.010057728,10.00213623046875,9.98687744140625
0.010058752,10.00213623046875,9.98687744140625
0.010059776,9.979248046875,9.98687744140625
0.0100608,9.9639892578125,9.98687744140625
0.010061824,9.979248046875,9.98687744140625
0.010062848,9.979248046875,9.98687744140625
0.010063872,9.98687744140625,9.98687744140625
0.010064896,10.009765625,9.98687744140625
0.01006592,9.9639892578125,9.98687744140625
0.010066944,10.01739501953125,9.98687744140625
0.010067968,9.97161865234375,9.98687744140625
0.010068992,10.0250244140625,9.98687744140625
0.010070016,9.979248046875,9.98687744140625
0.01007104,9.9945068359375,9.98687744140625
0.010072064,10.009765625,9.98687744140625
0.010073088,9.97161865234375,9.98687744140625
0.010074112,10.01739501953125,9.98687744140625
0.010075136,9.979248046875,9.98687744140625
0.01007616,9.98687744140625,9.98687744140625
0.010077184,9.979248046875,9.98687744140625
0.010078208,9.9639892578125,9.98687744140625
0.010079232,9.98687744140625,9.98687744140625
0.010080256,9.98687744140625,9.98687744140625
0.01008128,9.98687744140625,9.98687744140625
0.010082304,10.00213623046875,9.98687744140625
0.010083328,10.00213623046875,9.98687744140625
0.010084352,10.00213623046875,9.98687744140625
0.010085376,9.9945068359375,9.98687744140625
0.0100864,10.00213623046875,9.98687744140625
0.010087424,9.979248046875,9.98687744140625
0.010088448,9.9945068359375,9.98687744140625
0.010089472,9.9945068359375,9.98687744140625
0.010090496,10.00213623046875,9.98687744140625
0.01009152,9.98687744140625,9.98687744140625
0.010092544,9.979248046875,9.98687744140625
0.010093568,9.98687744140625,9.98687744140625
0.010094592,10.00213623046875,9.98687744140625
0.010095616,10.00213623046875,9.98687744140625
0.01009664,9.98687744140625,9.98687744140625
0.010097664,9.97161865234375,9.98687744140625
0.010098688,9.97161865234375,9.98687744140625
0.010099712,9.9945068359375,9.98687744140625
0.010100736,9.9945068359375,9.98687744140625
0.01010176,9.979248046875,9.98687744140625
0.010102784,9.9945068359375,9.98687744140625
0.010103808,9.9945068359375,9.98687744140625
0.010104832,9.9945068359375,9.98687744140625
0.010105856,10.009765625,9.98687744140625
0.01010688,9.97161865234375,9.98687744140625
0.010107904,10.009765625,9.98687744140625
0.010108928,9.9639892578125,9.98687744140625
0.010109952,10.009765625,9.98687744140625
0.010110976,9.9639892578125,9.98687744140625
0.010112,10.009765625,9.98687744140625
0.010113024,9.95635986328125,9.98687744140625
0.010114048,10.00213623046875,9.98687744140625
0.010115072,9.979248046875,9.98687744140625
0.010116096,9.97161865234375,9.98687744140625
0.01011712,9.9945068359375,9.98687744140625
0.010118144,9.97161865234375,9.98687744140625
0.010119168,10.00213623046875,9.98687744140625
0.010120192,9.98687744140625,9.98687744140625
0.010121216,9.979248046875,9.98687744140625
0.01012224,9.9945068359375,9.98687744140625
0.010123264,9.9945068359375,9.98687744140625
0.010124288,9.9945068359375,9.98687744140625
0.010125312,9.9945068359375,9.98687744140625
0.010126336,10.009765625,9.98687744140625
0.01012736,9.98687744140625,9.98687744140625
0.010128384,10.00213623046875,9.98687744140625
0.010129408,9.9945068359375,9.98687744140625
0.010130432,10.00213623046875,9.98687744140625
0.010131456,10.01739501953125,9.98687744140625
0.01013248,9.97161865234375,9.98687744140625
0.010133504,10.009765625,9.98687744140625
0.010134528,9.95635986328125,9.98687744140625
0.010135552,9.98687744140625,9.98687744140625
0.010136576,9.9639892578125,9.98687744140625
0.0101376,9.98687744140625,9.98687744140625
0.010138624,9.979248046875,9.98687744140625
0.010139648,9.979248046875,9.98687744140625
0.010140672,9.98687744140625,9.98687744140625
0.010141696,10.00213623046875,9.98687744140625
0.01014272,9.9945068359375,9.98687744140625
0.010143744,9.9945068359375,9.98687744140625
0.010144768,10.009765625,9.98687744140625
0.010145792,9.97161865234375,9.9945068359375
0.010146816,10.009765625,9.98687744140625
0.01014784,9.98687744140625,9.98687744140625
0.010148864,10.00213623046875,9.98687744140625
0.010149888,10.009765625,9.98687744140625
0.010150912,9.97161865234375,9.98687744140625
0.010151936,10.01739501953125,9.98687744140625
0.01015296,9.94873046875,9.98687744140625
0.010153984,9.979248046875,9.98687744140625
0.010155008,9.979248046875,9.98687744140625
0.010156032,9.97161865234375,9.98687744140625
0.010157056,10.009765625,9.98687744140625
0.01015808,9.979248046875,9.98687744140625
0.010159104,9.9945068359375,9.98687744140625
0.010160128,10.00213623046875,9.98687744140625
0.010161152,9.9945068359375,9.98687744140625
0.010162176,10.00213623046875,9.98687744140625
0.0101632,10.00213623046875,9.98687744140625
0.010164224,10.009765625,9.98687744140625
0.010165248,9.97161865234375,9.98687744140625
0.010166272,10.01739501953125,9.98687744140625
0.010167296,9.95635986328125,9.98687744140625
0.01016832,10.009765625,9.98687744140625
0.010169344,9.97161865234375,9.98687744140625
0.010170368,10.01739501953125,9.98687744140625
0.010171392,9.95635986328125,9.98687744140625
0.010172416,9.9945068359375,9.98687744140625
0.01017344,9.979248046875,9.98687744140625
0.010174464,9.979248046875,9.98687744140625
0.010175488,9.979248046875,9.98687744140625
0.010176512,10.0250244140625,9.98687744140625
0.010177536,9.98687744140625,9.98687744140625
0.01017856,9.9945068359375,9.98687744140625
0.010179584,10.009765625,9.98687744140625
0.010180608,9.9639892578125,9.98687744140625
0.010181632,10.0250244140625,9.98687744140625
0.010182656,9.9639892578125,9.98687744140625
0.01018368,10.01739501953125,9.98687744140625
0.010184704,9.97161865234375,9.98687744140625
0.010185728,10.009765625,9.98687744140625
0.010186752,9.98687744140625,9.98687744140625
0.010187776,9.979248046875,9.98687744140625
0.0101888,9.98687744140625,9.98687744140625
0.010189824,9.98687744140625,9.98687744140625
0.010190848,9.97161865234375,9.98687744140625
0.010191872,9.9945068359375,9.98687744140625
0.010192896,9.979248046875,9.98687744140625
0.01019392,9.979248046875,9.98687744140625
0.010194944,9.98687744140625,9.98687744140625
0.010195968,9.9945068359375,9.98687744140625
0.010196992,9.979248046875,9.98687744140625
0.010198016,9.9945068359375,9.98687744140625
0.01019904,9.9945068359375,9.98687744140625
0.010200064,9.9945068359375,9.98687744140625
0.010201088,9.9945068359375,9.98687744140625
0.010202112,9.98687744140625,9.98687744140625
0.010203136,9.98687744140625,9.98687744140625
0.01020416,9.98687744140625,9.98687744140625
0.010205184,10.00213623046875,9.98687744140625
0.010206208,10.009765625,9.98687744140625
0.010207232,10.009765625,9.98687744140625
0.010208256,9.9945068359375,9.98687744140625
0.01020928,9.98687744140625,9.98687744140625
0.010210304,9.9639892578125,9.98687744140625
0.010211328,10.009765625,9.98687744140625
0.010212352,9.94873046875,9.98687744140625
0.010213376,9.9945068359375,9.98687744140625
0.0102144,9.9945068359375,9.98687744140625
0.010215424,9.9945068359375,9.98687744140625
0.010216448,9.98687744140625,9.98687744140625
0.010217472,9.9945068359375,9.98687744140625
0.010218496,10.00213623046875,9.98687744140625
0.01021952,10.009765625,9.98687744140625
0.010220544,9.9945068359375,9.98687744140625
0.010221568,9.9945068359375,9.98687744140625
0.010222592,10.00213623046875,9.98687744140625
0.010223616,10.009765625,9.98687744140625
0.01022464,9.97161865234375,9.98687744140625
0.010225664,10.01739501953125,9.98687744140625
0.010226688,9.97161865234375,9.98687744140625
0.010227712,10.00213623046875,9.98687744140625
0.010228736,9.979248046875,9.98687744140625
0.01022976,9.97161865234375,9.98687744140625
0.010230784,10.00213623046875,9.98687744140625
0.010231808,9.9639892578125,9.98687744140625
0.010232832,10.00213623046875,9.98687744140625
0.010233856,9.9945068359375,9.98687744140625
0.01023488,10.00213623046875,9.9945068359375
0.010235904,9.9945068359375,9.98687744140625
0.010236928,9.9945068359375,9.98687744140625
0.010237952,10.00213623046875,9.98687744140625
0.010238976,9.9945068359375,9.98687744140625
0.01024,9.98687744140625,9.98687744140625
0.010241024,10.00213623046875,9.98687744140625
0.010242048,10.009765625,9.98687744140625
0.010243072,9.97161865234375,9.98687744140625
0.010244096,10.009765625,9.98687744140625
0.01024512,9.97161865234375,9.98687744140625
0.010246144,9.97161865234375,9.98687744140625
0.010247168,9.98687744140625,9.98687744140625
0.010248192,9.95635986328125,9.98687744140625
0.010249216,9.979248046875,9.98687744140625
0.01025024,9.97161865234375,9.98687744140625
0.010251264,10.009765625,9.98687744140625
0.010252288,9.9639892578125,9.98687744140625
0.010253312,10.01739501953125,9.98687744140625
0.010254336,9.9639892578125,9.98687744140625
0.01025536,10.01739501953125,9.98687744140625
0.010256384,9.97161865234375,9.98687744140625
0.010257408,10.01739501953125,9.98687744140625
0.010258432,9.98687744140625,9.98687744140625
0.010259456,10.009765625,9.98687744140625
0.01026048,9.98687744140625,9.98687744140625
0.010261504,9.9945068359375,9.98687744140625
0.010262528,10.00213623046875,9.98687744140625
0.010263552,9.98687744140625,9.98687744140625
0.010264576,9.97161865234375,9.98687744140625
0.0102656,9.98687744140625,9.98687744140625
0.010266624,9.97161865234375,9.98687744140625
0.010267648,10.00213623046875,9.98687744140625
0.010268672,9.98687744140625,9.9945068359375
0.010269696,9.979248046875,9.98687744140625
0.01027072,10.01739501953125,9.98687744140625
0.010271744,9.979248046875,9.98687744140625
0.010272768,9.9945068359375,9.98687744140625
0.010273792,9.9945068359375,9.98687744140625
0.010274816,10.01739501953125,9.98687744140625
0.01027584,9.9639892578125,9.98687744140625
0.010276864,10.009765625,9.98687744140625
0.010277888,9.979248046875,9.98687744140625
0.010278912,10.009765625,9.98687744140625
0.010279936,9.9639892578125,9.98687744140625
0.01028096,9.9945068359375,9.98687744140625
0.010281984,9.95635986328125,9.98687744140625
0.010283008,9.98687744140625,9.98687744140625
0.010284032,9.97161865234375,9.98687744140625
0.010285056,10.00213623046875,9.98687744140625
0.01028608,9.9945068359375,9.98687744140625
0.010287104,10.01739501953125,9.98687744140625
0.010288128,9.979248046875,9.98687744140625
0.010289152,10.01739501953125,9.98687744140625
0.010290176,9.98687744140625,9.98687744140625
0.0102912,9.9945068359375,9.98687744140625
0.010292224,10.00213623046875,9.98687744140625
0.010293248,10.00213623046875,9.98687744140625
0.010294272,10.00213623046875,9.98687744140625
0.010295296,10.00213623046875,9.98687744140625
0.01029632,9.9945068359375,9.98687744140625
0.010297344,9.98687744140625,9.98687744140625
0.010298368,9.9945068359375,9.98687744140625
0.010299392,9.9639892578125,9.98687744140625
0.010300416,9.9945068359375,9.98687744140625
0.01030144,9.979248046875,9.98687744140625
0.010302464,9.979248046875,9.98687744140625
0.010303488,10.01739501953125,9.98687744140625
0.010304512,9.97161865234375,9.98687744140625
0.010305536,10.01739501953125,9.98687744140625
0.01030656,9.97161865234375,9.98687744140625
0.010307584,10.0250244140625,9.98687744140625
0.010308608,9.979248046875,9.98687744140625
0.010309632,9.9945068359375,9.98687744140625
0.010310656,9.9945068359375,9.98687744140625
0.01031168,10.00213623046875,9.98687744140625
0.010312704,9.9945068359375,9.98687744140625
0.010313728,9.98687744140625,9.98687744140625
0.010314752,9.9945068359375,9.98687744140625
0.010315776,9.98687744140625,9.98687744140625
0.0103168,10.00213623046875,9.98687744140625
0.010317824,9.98687744140625,9.98687744140625
0.010318848,9.979248046875,9.98687744140625
0.010319872,9.9639892578125,9.98687744140625
0.010320896,10.009765625,9.98687744140625
0.01032192,9.95635986328125,9.98687744140625
0.010322944,10.01739501953125,9.98687744140625
0.010323968,9.97161865234375,9.98687744140625
0.010324992,10.01739501953125,9.98687744140625
0.010326016,9.979248046875,9.98687744140625
0.01032704,10.00213623046875,9.98687744140625
0.010328064,10.00213623046875,9.98687744140625
0.010329088,9.9945068359375,9.98687744140625
0.010330112,10.00213623046875,9.98687744140625
0.010331136,10.009765625,9.98687744140625
0.01033216,9.98687744140625,9.98687744140625
0.010333184,9.9945068359375,9.98687744140625
0.010334208,9.9945068359375,9.98687744140625
0.010335232,9.9945068359375,9.98687744140625
0.010336256,10.00213623046875,9.98687744140625
0.01033728,9.97161865234375,9.98687744140625
0.010338304,10.00213623046875,9.98687744140625
0.010339328,9.979248046875,9.98687744140625
0.010340352,9.97161865234375,9.98687744140625
0.010341376,10.00213623046875,9.98687744140625
0.0103424,9.9945068359375,9.98687744140625
0.010343424,9.98687744140625,9.98687744140625
0.010344448,9.9945068359375,9.98687744140625
0.010345472,10.00213623046875,9.98687744140625
0.010346496,10.00213623046875,9.98687744140625
0.01034752,10.00213623046875,9.98687744140625
0.010348544,10.009765625,9.98687744140625
0.010349568,9.9945068359375,9.98687744140625
0.010350592,10.009765625,9.98687744140625
0.010351616,9.98687744140625,9.98687744140625
0.01035264,10.009765625,9.98687744140625
0.010353664,9.97161865234375,9.98687744140625
0.010354688,10.01739501953125,9.98687744140625
0.010355712,9.94873046875,9.98687744140625
0.010356736,9.979248046875,9.98687744140625
0.01035776,9.9639892578125,9.98687744140625
0.010358784,9.98687744140625,9.98687744140625
0.010359808,9.9945068359375,9.98687744140625
0.010360832,9.9945068359375,9.98687744140625
0.010361856,9.979248046875,9.98687744140625
0.01036288,10.009765625,9.98687744140625
0.010363904,9.97161865234375,9.98687744140625
0.010364928,9.98687744140625,9.98687744140625
0.010365952,10.00213623046875,9.98687744140625
0.010366976,10.00213623046875,9.98687744140625
0.010368,10.00213623046875,9.98687744140625
0.010369024,10.00213623046875,9.98687744140625
0.010370048,10.01739501953125,9.98687744140625
0.010371072,9.979248046875,9.98687744140625
0.010372096,9.979248046875,9.98687744140625
0.01037312,10.00213623046875,9.98687744140625
0.010374144,9.979248046875,9.98687744140625
0.010375168,9.9639892578125,9.98687744140625
0.010376192,9.979248046875,9.98687744140625
0.010377216,9.98687744140625,9.98687744140625
0.01037824,9.9945068359375,9.98687744140625
0.010379264,9.9945068359375,9.98687744140625
0.010380288,10.00213623046875,9.98687744140625
0.010381312,9.9945068359375,9.98687744140625
0.010382336,9.9945068359375,9.98687744140625
0.01038336,9.98687744140625,9.98687744140625
0.010384384,10.00213623046875,9.98687744140625
0.010385408,10.00213623046875,9.98687744140625
0.010386432,10.009765625,9.98687744140625
0.010387456,9.95635986328125,9.98687744140625
0.01038848,10.0250244140625,9.98687744140625
0.010389504,9.979248046875,9.98687744140625
0.010390528,9.9945068359375,9.98687744140625
0.010391552,9.9945068359375,9.98687744140625
0.010392576,9.979248046875,9.98687744140625
0.0103936,9.95635986328125,9.98687744140625
0.010394624,10.00213623046875,9.98687744140625
0.010395648,9.94873046875,9.98687744140625
0.010396672,10.009765625,9.98687744140625
0.010397696,9.979248046875,9.98687744140625
0.01039872,9.98687744140625,9.98687744140625
0.010399744,10.009765625,9.98687744140625
0.010400768,9.9639892578125,9.98687744140625
0.010401792,10.0250244140625,9.98687744140625
0.010402816,9.979248046875,9.98687744140625
0.01040384,9.9945068359375,9.98687744140625
0.010404864,10.009765625,9.98687744140625
0.010405888,9.97161865234375,9.98687744140625
0.010406912,10.009765625,9.98687744140625
0.010407936,9.97161865234375,9.98687744140625
0.01040896,10.00213623046875,9.98687744140625
0.010409984,9.95635986328125,9.98687744140625
0.010411008,10.009765625,9.98687744140625
0.010412032,9.95635986328125,9.98687744140625
0.010413056,9.9945068359375,9.98687744140625
0.01041408,9.979248046875,9.98687744140625
0.010415104,9.98687744140625,9.98687744140625
0.010416128,9.9945068359375,9.98687744140625
0.010417152,10.00213623046875,9.98687744140625
0.010418176,9.9945068359375,9.98687744140625
0.0104192,9.9945068359375,9.98687744140625
0.010420224,9.98687744140625,9.98687744140625
0.010421248,10.00213623046875,9.98687744140625
0.010422272,10.00213623046875,9.98687744140625
0.010423296,9.9945068359375,9.98687744140625
0.01042432,10.00213623046875,9.98687744140625
0.010425344,9.98687744140625,9.98687744140625
0.010426368,9.98687744140625,9.98687744140625
0.010427392,9.9945068359375,9.98687744140625
0.010428416,9.979248046875,9.98687744140625
0.01042944,9.98687744140625,9.98687744140625
0.010430464,9.979248046875,9.98687744140625
0.010431488,9.97161865234375,9.98687744140625
0.010432512,9.9945068359375,9.98687744140625
0.010433536,9.9639892578125,9.98687744140625
0.01043456,9.9945068359375,9.98687744140625
0.010435584,9.98687744140625,9.98687744140625
0.010436608,9.9945068359375,9.98687744140625
0.010437632,9.9945068359375,9.98687744140625
0.010438656,9.9945068359375,9.98687744140625
0.01043968,9.9945068359375,9.98687744140625
0.010440704,9.9945068359375,9.98687744140625
0.010441728,10.00213623046875,9.98687744140625
0.010442752,10.00213623046875,9.98687744140625
0.010443776,9.98687744140625,9.98687744140625
0.0104448,10.00213623046875,9.98687744140625
0.010445824,9.98687744140625,9.98687744140625
0.010446848,10.00213623046875,9.98687744140625
0.010447872,10.00213623046875,9.98687744140625
0.010448896,9.9945068359375,9.98687744140625
0.01044992,9.9945068359375,9.98687744140625
0.010450944,9.97161865234375,9.98687744140625
0.010451968,9.9639892578125,9.98687744140625
0.010452992,9.9945068359375,9.98687744140625
0.010454016,9.97161865234375,9.98687744140625
0.01045504,10.009765625,9.98687744140625
0.010456064,9.97161865234375,9.98687744140625
0.010457088,10.009765625,9.98687744140625
0.010458112,9.97161865234375,9.98687744140625
0.010459136,10.0250244140625,9.98687744140625
0.01046016,9.97161865234375,9.98687744140625
0.010461184,10.040283203125,9.98687744140625
0.010462208,9.95635986328125,9.98687744140625
0.010463232,10.03265380859375,9.98687744140625
0.010464256,9.98687744140625,9.98687744140625
0.01046528,10.00213623046875,9.98687744140625
0.010466304,10.009765625,9.98687744140625
0.010467328,9.979248046875,9.98687744140625
0.010468352,9.9639892578125,9.98687744140625
0.010469376,9.98687744140625,9.98687744140625
0.0104704,9.97161865234375,9.98687744140625
0.010471424,10.00213623046875,9.98687744140625
0.010472448,9.98687744140625,9.98687744140625
0.010473472,9.98687744140625,9.98687744140625
0.010474496,9.9945068359375,9.98687744140625
0.01047552,9.98687744140625,9.98687744140625
0.010476544,10.00213623046875,9.98687744140625
0.010477568,10.009765625,9.98687744140625
0.010478592,9.9639892578125,9.98687744140625
0.010479616,10.0250244140625,9.98687744140625
0.01048064,9.98687744140625,9.98687744140625
0.010481664,10.00213623046875,9.98687744140625
0.010482688,10.009765625,9.98687744140625
0.010483712,9.97161865234375,9.98687744140625
0.010484736,9.98687744140625,9.98687744140625
0.01048576,9.98687744140625,9.98687744140625
0.010486784,9.98687744140625,9.98687744140625
0.010487808,9.97161865234375,9.98687744140625
0.010488832,10.00213623046875,9.98687744140625
0.010489856,9.97161865234375,9.98687744140625
0.01049088,9.98687744140625,9.98687744140625
0.010491904,9.9945068359375,9.98687744140625
0.010492928,10.009765625,9.98687744140625
0.010493952,9.9639892578125,9.98687744140625
0.010494976,10.0250244140625,9.98687744140625
0.010496,9.979248046875,9.98687744140625
0.010497024,10.00213623046875,9.98687744140625
0.010498048,9.9945068359375,9.98687744140625
0.010499072,10.009765625,9.98687744140625
0.010500096,9.97161865234375,9.98687744140625
0.01050112,10.0250244140625,9.98687744140625
0.010502144,9.979248046875,9.98687744140625
0.010503168,10.00213623046875,9.98687744140625
0.010504192,10.00213623046875,9.98687744140625
0.010505216,9.95635986328125,9.98687744140625
0.01050624,10.009765625,9.98687744140625
0.010507264,9.94873046875,9.98687744140625
0.010508288,10.00213623046875,9.98687744140625
0.010509312,9.979248046875,9.98687744140625
0.010510336,9.98687744140625,9.98687744140625
0.01051136,9.98687744140625,9.98687744140625
0.010512384,10.00213623046875,9.98687744140625
0.010513408,10.00213623046875,9.98687744140625
0.010514432,10.01739501953125,9.98687744140625
0.010515456,9.97161865234375,9.98687744140625
0.01051648,10.01739501953125,9.98687744140625
0.010517504,9.979248046875,9.98687744140625
0.010518528,9.98687744140625,9.98687744140625
0.010519552,9.98687744140625,9.98687744140625
0.010520576,9.9945068359375,9.98687744140625
0.0105216,10.00213623046875,9.98687744140625
0.010522624,9.979248046875,9.98687744140625
0.010523648,9.9945068359375,9.98687744140625
0.010524672,10.00213623046875,9.98687744140625
0.010525696,9.979248046875,9.98687744140625
0.01052672,9.979248046875,9.98687744140625
0.010527744,9.97161865234375,9.98687744140625
0.010528768,10.009765625,9.98687744140625
0.010529792,9.95635986328125,9.98687744140625
0.010530816,10.009765625,9.98687744140625
0.01053184,9.97161865234375,9.98687744140625
0.010532864,10.009765625,9.98687744140625
0.010533888,9.979248046875,9.98687744140625
0.010534912,9.98687744140625,9.98687744140625
0.010535936,10.009765625,9.98687744140625
0.01053696,9.979248046875,9.98687744140625
0.010537984,9.98687744140625,9.98687744140625
0.010539008,10.009765625,9.98687744140625
0.010540032,9.98687744140625,9.98687744140625
0.010541056,10.00213623046875,9.98687744140625
0.01054208,10.009765625,9.98687744140625
0.010543104,9.979248046875,9.98687744140625
0.010544128,9.979248046875,9.98687744140625
0.010545152,9.9639892578125,9.98687744140625
0.010546176,9.979248046875,9.98687744140625
0.0105472,9.97161865234375,9.98687744140625
0.010548224,9.9945068359375,9.98687744140625
0.010549248,9.98687744140625,9.98687744140625
0.010550272,10.00213623046875,9.98687744140625
0.010551296,10.00213623046875,9.98687744140625
0.01055232,10.00213623046875,9.98687744140625
0.010553344,9.95635986328125,9.98687744140625
0.010554368,10.01739501953125,9.98687744140625
0.010555392,9.97161865234375,9.98687744140625
0.010556416,10.0250244140625,9.98687744140625
0.01055744,9.979248046875,9.98687744140625
0.010558464,9.98687744140625,9.98687744140625
0.010559488,9.9945068359375,9.98687744140625
0.010560512,9.9945068359375,9.98687744140625
0.010561536,9.9945068359375,9.98687744140625
0.01056256,9.9945068359375,9.98687744140625
0.010563584,9.97161865234375,9.98687744140625
0.010564608,9.9639892578125,9.98687744140625
0.010565632,9.98687744140625,9.98687744140625
0.010566656,9.98687744140625,9.98687744140625
0.01056768,9.9945068359375,9.98687744140625
0.010568704,9.9945068359375,9.98687744140625
0.010569728,10.00213623046875,9.98687744140625
0.010570752,9.9945068359375,9.98687744140625
0.010571776,10.00213623046875,9.98687744140625
0.0105728,9.9945068359375,9.98687744140625
0.010573824,10.009765625,9.98687744140625
0.010574848,9.97161865234375,9.98687744140625
0.010575872,10.0250244140625,9.98687744140625
0.010576896,9.97161865234375,9.98687744140625
0.01057792,10.0250244140625,9.98687744140625
0.010578944,9.9639892578125,9.98687744140625
0.010579968,10.009765625,9.98687744140625
0.010580992,9.97161865234375,9.98687744140625
0.010582016,9.9945068359375,9.98687744140625
0.01058304,9.97161865234375,9.98687744140625
0.010584064,9.98687744140625,9.98687744140625
0.010585088,9.97161865234375,9.98687744140625
0.010586112,10.009765625,9.98687744140625
0.010587136,9.97161865234375,9.98687744140625
0.01058816,10.0250244140625,9.98687744140625
0.010589184,9.98687744140625,9.98687744140625
0.010590208,10.00213623046875,9.98687744140625
0.010591232,10.009765625,9.98687744140625
0.010592256,9.979248046875,9.98687744140625
0.01059328,10.00213623046875,9.98687744140625
0.010594304,9.9639892578125,9.98687744140625
0.010595328,10.01739501953125,9.98687744140625
0.010596352,9.979248046875,9.98687744140625
0.010597376,9.98687744140625,9.98687744140625
0.0105984,9.98687744140625,9.98687744140625
0.010599424,10.00213623046875,9.98687744140625
0.010600448,9.97161865234375,9.98687744140625
0.010601472,9.9945068359375,9.98687744140625
0.010602496,9.979248046875,9.98687744140625
0.01060352,9.97161865234375,9.98687744140625
0.010604544,10.009765625,9.98687744140625
0.010605568,9.97161865234375,9.98687744140625
0.010606592,10.009765625,9.98687744140625
0.010607616,9.979248046875,9.98687744140625
0.01060864,9.9945068359375,9.98687744140625
0.010609664,10.00213623046875,9.98687744140625
0.010610688,10.00213623046875,9.98687744140625
0.010611712,9.97161865234375,9.98687744140625
0.010612736,9.98687744140625,9.98687744140625
0.01061376,9.9945068359375,9.98687744140625
0.010614784,10.00213623046875,9.98687744140625
0.010615808,9.98687744140625,9.98687744140625
0.010616832,9.9945068359375,9.98687744140625
0.010617856,9.9945068359375,9.98687744140625
0.01061888,10.009765625,9.98687744140625
0.010619904,9.97161865234375,9.98687744140625
0.010620928,9.9945068359375,9.98687744140625
0.010621952,9.98687744140625,9.98687744140625
0.010622976,9.97161865234375,9.98687744140625
0.010624,10.01739501953125,9.98687744140625
0.010625024,9.9639892578125,9.98687744140625
0.010626048,10.009765625,9.98687744140625
0.010627072,9.9639892578125,9.98687744140625
0.010628096,10.0250244140625,9.98687744140625
0.01062912,9.97161865234375,9.98687744140625
0.010630144,10.03265380859375,9.98687744140625
0.010631168,9.979248046875,9.98687744140625
0.010632192,10.009765625,9.98687744140625
0.010633216,9.97161865234375,9.98687744140625
0.01063424,10.0250244140625,9.98687744140625
0.010635264,9.979248046875,9.98687744140625
0.010636288,9.9945068359375,9.98687744140625
0.010637312,10.00213623046875,9.9945068359375
0.010638336,9.98687744140625,9.98687744140625
0.01063936,9.979248046875,9.98687744140625
0.010640384,9.95635986328125,9.98687744140625
0.010641408,9.979248046875,9.98687744140625
0.010642432,9.97161865234375,9.98687744140625
0.010643456,9.98687744140625,9.98687744140625
0.01064448,9.98687744140625,9.98687744140625
0.010645504,10.009765625,9.98687744140625
0.010646528,9.97161865234375,9.98687744140625
0.010647552,10.0250244140625,9.98687744140625
0.010648576,9.9945068359375,9.9945068359375
0.0106496,10.00213623046875,9.98687744140625
0.010650624,9.9945068359375,9.98687744140625
0.010651648,10.00213623046875,9.98687744140625
0.010652672,10.009765625,9.98687744140625
0.010653696,9.97161865234375,9.98687744140625
0.01065472,10.01739501953125,9.98687744140625
0.010655744,9.97161865234375,9.98687744140625
0.010656768,10.00213623046875,9.98687744140625
0.010657792,9.979248046875,9.98687744140625
0.010658816,9.97161865234375,9.98687744140625
0.01065984,9.9945068359375,9.98687744140625
0.010660864,9.97161865234375,9.98687744140625
0.010661888,10.00213623046875,9.98687744140625
0.010662912,10.00213623046875,9.98687744140625
0.010663936,10.00213623046875,9.98687744140625
0.01066496,9.9945068359375,9.98687744140625
0.010665984,10.00213623046875,9.98687744140625
0.010667008,10.009765625,9.98687744140625
0.010668032,9.97161865234375,9.98687744140625
0.010669056,10.01739501953125,9.98687744140625
0.01067008,9.97161865234375,9.98687744140625
0.010671104,10.009765625,9.98687744140625
0.010672128,9.95635986328125,9.98687744140625
0.010673152,10.009765625,9.98687744140625
0.010674176,9.97161865234375,9.98687744140625
0.0106752,10.00213623046875,9.98687744140625
0.010676224,9.94873046875,9.98687744140625
0.010677248,10.00213623046875,9.98687744140625
0.010678272,9.94110107421875,9.98687744140625
0.010679296,9.979248046875,9.98687744140625
0.01068032,9.979248046875,9.98687744140625
0.010681344,9.979248046875,9.98687744140625
0.010682368,9.98687744140625,9.98687744140625
0.010683392,9.9945068359375,9.98687744140625
0.010684416,9.9945068359375,9.98687744140625
0.01068544,10.009765625,9.98687744140625
0.010686464,9.979248046875,9.98687744140625
0.010687488,10.00213623046875,9.98687744140625
0.010688512,9.9945068359375,9.98687744140625
0.010689536,9.9945068359375,9.98687744140625
0.01069056,9.98687744140625,9.98687744140625
0.010691584,10.00213623046875,9.98687744140625
0.010692608,9.98687744140625,9.98687744140625
0.010693632,9.9945068359375,9.98687744140625
0.010694656,10.00213623046875,9.98687744140625
0.01069568,9.979248046875,9.98687744140625
0.010696704,9.98687744140625,9.98687744140625
0.010697728,9.97161865234375,9.98687744140625
0.010698752,10.00213623046875,9.98687744140625
0.010699776,9.979248046875,9.98687744140625
0.0107008,9.979248046875,9.98687744140625
0.010701824,9.9945068359375,9.98687744140625
0.010702848,9.9945068359375,9.9945068359375
0.010703872,9.9945068359375,9.98687744140625
0.010704896,9.9945068359375,9.98687744140625
0.01070592,9.98687744140625,9.98687744140625
0.010706944,10.00213623046875,9.98687744140625
0.010707968,10.00213623046875,9.98687744140625
0.010708992,10.009765625,9.98687744140625
0.010710016,9.979248046875,9.9945068359375
0.01071104,9.9945068359375,9.98687744140625
0.010712064,10.009765625,9.98687744140625
0.010713088,9.97161865234375,9.98687744140625
0.010714112,10.0250244140625,9.98687744140625
0.010715136,9.97161865234375,9.98687744140625
0.01071616,9.9945068359375,9.98687744140625
0.010717184,9.97161865234375,9.98687744140625
0.010718208,9.9945068359375,9.98687744140625
0.010719232,9.9639892578125,9.98687744140625
0.010720256,10.01739501953125,9.98687744140625
0.01072128,9.97161865234375,9.98687744140625
0.010722304,10.01739501953125,9.98687744140625
0.010723328,9.97161865234375,9.98687744140625
0.010724352,10.0250244140625,9.98687744140625
0.010725376,9.98687744140625,9.98687744140625
0.0107264,10.00213623046875,9.98687744140625
0.010727424,10.01739501953125,9.9945068359375
0.010728448,9.979248046875,9.98687744140625
0.010729472,10.00213623046875,9.98687744140625
0.010730496,10.009765625,9.98687744140625
0.01073152,9.97161865234375,9.98687744140625
0.010732544,9.9945068359375,9.98687744140625
0.010733568,9.9945068359375,9.98687744140625
0.010734592,9.98687744140625,9.98687744140625
0.010735616,9.98687744140625,9.98687744140625
0.01073664,9.9639892578125,9.98687744140625
0.010737664,10.009765625,9.98687744140625
0.010738688,9.9639892578125,9.98687744140625
0.010739712,10.009765625,9.98687744140625
0.010740736,9.979248046875,9.98687744140625
0.01074176,10.00213623046875,9.98687744140625
0.010742784,10.01739501953125,9.98687744140625
0.010743808,9.97161865234375,9.98687744140625
0.010744832,10.00213623046875,9.98687744140625
0.010745856,10.009765625,9.98687744140625
0.01074688,9.97161865234375,9.98687744140625
0.010747904,10.009765625,9.98687744140625
0.010748928,9.95635986328125,9.98687744140625
0.010749952,10.009765625,9.98687744140625
0.010750976,9.95635986328125,9.98687744140625
0.010752,10.00213623046875,9.98687744140625
0.010753024,9.9945068359375,9.98687744140625
0.010754048,9.9945068359375,9.98687744140625
0.010755072,9.98687744140625,9.98687744140625
0.010756096,9.979248046875,9.98687744140625
0.01075712,9.9945068359375,9.98687744140625
0.010758144,9.9945068359375,9.98687744140625
0.010759168,10.00213623046875,9.98687744140625
0.010760192,10.00213623046875,9.98687744140625
0.010761216,9.97161865234375,9.98687744140625
0.01076224,10.009765625,9.98687744140625
0.010763264,9.979248046875,9.98687744140625
0.010764288,10.00213623046875,9.98687744140625
0.010765312,9.9945068359375,9.98687744140625
0.010766336,10.00213623046875,9.98687744140625
0.01076736,9.9945068359375,9.98687744140625
0.010768384,10.009765625,9.98687744140625
0.010769408,9.97161865234375,9.98687744140625
0.010770432,10.00213623046875,9.98687744140625
0.010771456,9.9945068359375,9.98687744140625
0.01077248,9.98687744140625,9.98687744140625
0.010773504,9.9639892578125,9.98687744140625
0.010774528,10.00213623046875,9.98687744140625
0.010775552,9.9334716796875,9.98687744140625
0.010776576,9.979248046875,9.98687744140625
0.0107776,9.979248046875,9.9945068359375
0.010778624,9.979248046875,9.98687744140625
0.010779648,9.9945068359375,9.98687744140625
0.010780672,10.009765625,9.98687744140625
0.010781696,9.95635986328125,9.98687744140625
0.01078272,10.01739501953125,9.98687744140625
0.010783744,9.9945068359375,9.98687744140625
0.010784768,10.009765625,9.98687744140625
0.010785792,9.97161865234375,9.98687744140625
0.010786816,10.0250244140625,9.98687744140625
0.01078784,9.979248046875,9.98687744140625
0.010788864,10.00213623046875,9.98687744140625
0.010789888,10.00213623046875,9.98687744140625
0.010790912,9.98687744140625,9.98687744140625
0.010791936,9.9639892578125,9.98687744140625
0.01079296,9.9945068359375,9.98687744140625
0.010793984,9.979248046875,9.98687744140625
0.010795008,9.97161865234375,9.98687744140625
0.010796032,10.00213623046875,9.98687744140625
0.010797056,9.979248046875,9.98687744140625
0.01079808,9.98687744140625,9.98687744140625
0.010799104,10.009765625,9.98687744140625
0.010800128,9.97161865234375,9.98687744140625
0.010801152,9.9945068359375,9.98687744140625
0.010802176,10.00213623046875,9.98687744140625
0.0108032,10.0250244140625,9.98687744140625
0.010804224,9.979248046875,9.98687744140625
0.010805248,10.00213623046875,9.98687744140625
0.010806272,10.009765625,9.98687744140625
0.010807296,9.97161865234375,9.98687744140625
0.01080832,10.01739501953125,9.98687744140625
0.010809344,9.97161865234375,9.98687744140625
0.010810368,10.009765625,9.98687744140625
0.010811392,9.94110107421875,9.98687744140625
0.010812416,9.97161865234375,9.98687744140625
0.01081344,9.9945068359375,9.98687744140625
0.010814464,9.98687744140625,9.98687744140625
0.010815488,9.98687744140625,9.98687744140625
0.010816512,10.009765625,9.98687744140625
0.010817536,9.979248046875,9.98687744140625
0.01081856,9.9945068359375,9.98687744140625
0.010819584,10.009765625,9.98687744140625
0.010820608,9.98687744140625,9.9945068359375
0.010821632,10.00213623046875,9.98687744140625
0.010822656,9.98687744140625,9.98687744140625
0.01082368,9.9945068359375,9.98687744140625
0.010824704,9.9945068359375,9.98687744140625
0.010825728,10.009765625,9.98687744140625
0.010826752,9.9639892578125,9.98687744140625
0.010827776,10.009765625,9.98687744140625
0.0108288,9.9639892578125,9.98687744140625
0.010829824,9.9945068359375,9.98687744140625
0.010830848,9.97161865234375,9.98687744140625
0.010831872,9.979248046875,9.98687744140625
0.010832896,9.979248046875,9.98687744140625
0.01083392,9.98687744140625,9.98687744140625
0.010834944,9.9945068359375,9.98687744140625
0.010835968,9.97161865234375,9.98687744140625
0.010836992,10.01739501953125,9.98687744140625
0.010838016,9.979248046875,9.98687744140625
0.01083904,9.98687744140625,9.98687744140625
0.010840064,10.00213623046875,9.98687744140625
0.010841088,10.03265380859375,9.98687744140625
0.010842112,10.00213623046875,9.98687744140625
0.010843136,10.009765625,9.98687744140625
0.01084416,9.979248046875,9.98687744140625
0.010845184,9.9945068359375,9.98687744140625
0.010846208,10.009765625,9.98687744140625
0.010847232,9.97161865234375,9.98687744140625
0.010848256,10.01739501953125,9.98687744140625
0.01084928,9.95635986328125,9.98687744140625
0.010850304,9.98687744140625,9.98687744140625
0.010851328,9.97161865234375,9.98687744140625
0.010852352,9.9945068359375,9.98687744140625
0.010853376,9.9945068359375,9.98687744140625
0.0108544,9.9945068359375,9.98687744140625
0.010855424,10.00213623046875,9.98687744140625
0.010856448,9.979248046875,9.98687744140625
0.010857472,10.009765625,9.98687744140625
0.010858496,9.9639892578125,9.98687744140625
0.01085952,10.01739501953125,9.9945068359375
0.010860544,9.98687744140625,9.98687744140625
0.010861568,10.00213623046875,9.98687744140625
0.010862592,10.009765625,9.98687744140625
0.010863616,9.9639892578125,9.98687744140625
0.01086464,10.01739501953125,9.98687744140625
0.010865664,9.9639892578125,9.98687744140625
0.010866688,10.009765625,9.98687744140625
0.010867712,9.95635986328125,9.98687744140625
0.010868736,9.9945068359375,9.98687744140625
0.01086976,9.9639892578125,9.98687744140625
0.010870784,10.00213623046875,9.98687744140625
0.010871808,9.98687744140625,9.98687744140625
0.010872832,9.98687744140625,9.98687744140625
0.010873856,9.98687744140625,9.98687744140625
0.01087488,10.00213623046875,9.98687744140625
0.010875904,10.01739501953125,9.98687744140625
0.010876928,9.98687744140625,9.98687744140625
0.010877952,9.98687744140625,9.98687744140625
0.010878976,9.9945068359375,9.98687744140625
0.01088,10.00213623046875,9.98687744140625
0.010881024,9.9945068359375,9.98687744140625
0.010882048,9.98687744140625,9.98687744140625
0.010883072,9.9945068359375,9.98687744140625
0.010884096,9.98687744140625,9.98687744140625
0.01088512,9.98687744140625,9.98687744140625
0.010886144,9.979248046875,9.98687744140625
0.010887168,9.95635986328125,9.98687744140625
0.010888192,9.98687744140625,9.98687744140625
0.010889216,9.979248046875,9.98687744140625
0.01089024,9.97161865234375,9.98687744140625
0.010891264,10.009765625,9.98687744140625
0.010892288,9.97161865234375,9.98687744140625
0.010893312,10.009765625,9.98687744140625
0.010894336,9.97161865234375,9.98687744140625
0.01089536,10.009765625,9.98687744140625
0.010896384,9.98687744140625,9.98687744140625
0.010897408,9.98687744140625,9.98687744140625
0.010898432,10.00213623046875,9.98687744140625
0.010899456,9.98687744140625,9.98687744140625
0.01090048,9.98687744140625,9.98687744140625
0.010901504,9.9945068359375,9.98687744140625
0.010902528,9.98687744140625,9.98687744140625
0.010903552,9.98687744140625,9.98687744140625
0.010904576,9.98687744140625,9.98687744140625
0.0109056,9.979248046875,9.98687744140625
0.010906624,9.9639892578125,9.98687744140625
0.010907648,9.9945068359375,9.98687744140625
0.010908672,9.98687744140625,9.98687744140625
0.010909696,9.979248046875,9.98687744140625
0.01091072,9.98687744140625,9.98687744140625
0.010911744,10.00213623046875,9.98687744140625
0.010912768,10.009765625,9.98687744140625
0.010913792,9.9945068359375,9.98687744140625
0.010914816,9.9945068359375,9.98687744140625
0.01091584,10.00213623046875,9.98687744140625
0.010916864,9.9945068359375,9.98687744140625
0.010917888,10.00213623046875,9.98687744140625
0.010918912,10.00213623046875,9.98687744140625
0.010919936,10.01739501953125,9.9945068359375
0.01092096,9.95635986328125,9.98687744140625
0.010921984,10.009765625,9.98687744140625
0.010923008,9.9639892578125,9.98687744140625
0.010924032,10.00213623046875,9.98687744140625
0.010925056,9.94873046875,9.98687744140625
0.01092608,10.00213623046875,9.98687744140625
0.010927104,9.98687744140625,9.98687744140625
0.010928128,9.9945068359375,9.98687744140625
0.010929152,9.9945068359375,9.98687744140625
0.010930176,10.00213623046875,9.98687744140625
0.0109312,9.9945068359375,9.98687744140625
0.010932224,9.98687744140625,9.98687744140625
0.010933248,10.009765625,9.98687744140625
0.010934272,9.9639892578125,9.98687744140625
0.010935296,10.03265380859375,9.98687744140625
0.01093632,9.98687744140625,9.98687744140625
0.010937344,10.00213623046875,9.98687744140625
0.010938368,10.00213623046875,9.98687744140625
0.010939392,10.01739501953125,9.98687744140625
0.010940416,9.979248046875,9.98687744140625
0.01094144,9.98687744140625,9.98687744140625
0.010942464,10.00213623046875,9.98687744140625
0.010943488,9.98687744140625,9.98687744140625
0.010944512,9.9639892578125,9.98687744140625
0.010945536,9.9945068359375,9.98687744140625
0.01094656,9.979248046875,9.98687744140625
0.010947584,9.979248046875,9.98687744140625
0.010948608,9.9945068359375,9.98687744140625
0.010949632,10.00213623046875,9.98687744140625
0.010950656,10.01739501953125,9.98687744140625
0.01095168,9.97161865234375,9.98687744140625
0.010952704,10.03265380859375,9.98687744140625
0.010953728,9.9945068359375,9.98687744140625
0.010954752,10.009765625,9.98687744140625
0.010955776,9.98687744140625,9.98687744140625
0.0109568,10.00213623046875,9.98687744140625
0.010957824,10.01739501953125,9.98687744140625
0.010958848,9.979248046875,9.98687744140625
0.010959872,9.9945068359375,9.98687744140625
0.010960896,10.00213623046875,9.98687744140625
0.01096192,10.00213623046875,9.98687744140625
0.010962944,9.95635986328125,9.98687744140625
0.010963968,9.979248046875,9.98687744140625
0.010964992,9.95635986328125,9.98687744140625
0.010966016,10.009765625,9.98687744140625
0.01096704,9.97161865234375,9.98687744140625
0.010968064,9.98687744140625,9.98687744140625
0.010969088,9.9945068359375,9.98687744140625
0.010970112,10.00213623046875,9.98687744140625
0.010971136,9.979248046875,9.98687744140625
0.01097216,10.00213623046875,9.98687744140625
0.010973184,9.979248046875,9.98687744140625
0.010974208,10.0250244140625,9.98687744140625
0.010975232,9.9945068359375,9.98687744140625
0.010976256,10.0250244140625,9.98687744140625
0.01097728,9.98687744140625,9.98687744140625
0.010978304,10.009765625,9.98687744140625
0.010979328,9.97161865234375,9.98687744140625
0.010980352,9.9945068359375,9.98687744140625
0.010981376,9.98687744140625,9.98687744140625
0.0109824,9.98687744140625,9.98687744140625
0.010983424,10.00213623046875,9.98687744140625
0.010984448,9.9639892578125,9.98687744140625
0.010985472,10.0250244140625,9.98687744140625
0.010986496,9.979248046875,9.98687744140625
0.01098752,9.9945068359375,9.98687744140625
0.010988544,9.9945068359375,9.98687744140625
0.010989568,10.01739501953125,9.98687744140625
0.010990592,9.97161865234375,9.98687744140625
0.010991616,10.009765625,9.98687744140625
0.01099264,9.979248046875,9.98687744140625
0.010993664,10.009765625,9.98687744140625
0.010994688,9.979248046875,9.98687744140625
0.010995712,10.009765625,9.98687744140625
0.010996736,9.979248046875,9.98687744140625
0.01099776,10.00213623046875,9.98687744140625
0.010998784,9.9639892578125,9.98687744140625
0.010999808,10.00213623046875,9.98687744140625
0.011000832,9.94110107421875,9.98687744140625
0.011001856,9.98687744140625,9.98687744140625
0.01100288,10.00213623046875,9.98687744140625
0.011003904,10.00213623046875,9.98687744140625
0.011004928,9.98687744140625,9.98687744140625
0.011005952,9.979248046875,9.98687744140625
0.011006976,9.979248046875,9.98687744140625
0.011008,9.98687744140625,9.98687744140625
0.011009024,10.00213623046875,9.98687744140625
0.011010048,9.979248046875,9.98687744140625
0.011011072,10.01739501953125,9.98687744140625
0.011012096,10.00213623046875,9.98687744140625
0.01101312,10.0250244140625,9.98687744140625
0.011014144,9.97161865234375,9.98687744140625
0.011015168,9.9945068359375,9.98687744140625
0.011016192,10.01739501953125,9.98687744140625
0.011017216,9.9639892578125,9.98687744140625
0.01101824,10.009765625,9.98687744140625
0.011019264,9.9639892578125,9.98687744140625
0.011020288,9.9945068359375,9.98687744140625
0.011021312,9.97161865234375,9.98687744140625
0.011022336,9.98687744140625,9.98687744140625
0.01102336,9.9945068359375,9.98687744140625
0.011024384,10.00213623046875,9.98687744140625
0.011025408,9.97161865234375,9.98687744140625
0.011026432,10.03265380859375,9.9945068359375
0.011027456,9.98687744140625,9.98687744140625
0.01102848,10.009765625,9.98687744140625
0.011029504,9.98687744140625,9.98687744140625
0.011030528,10.01739501953125,9.98687744140625
0.011031552,10.00213623046875,9.98687744140625
0.011032576,9.97161865234375,9.98687744140625
0.0110336,9.9945068359375,9.98687744140625
0.011034624,9.9945068359375,9.98687744140625
0.011035648,9.98687744140625,9.98687744140625
0.011036672,9.98687744140625,9.98687744140625
0.011037696,9.979248046875,9.98687744140625
0.01103872,9.979248046875,9.98687744140625
0.011039744,9.9945068359375,9.9945068359375
0.011040768,9.9945068359375,9.98687744140625
0.011041792,10.00213623046875,9.98687744140625
0.011042816,9.97161865234375,9.98687744140625
0.01104384,9.9945068359375,9.98687744140625
0.011044864,10.01739501953125,9.98687744140625
0.011045888,10.00213623046875,9.98687744140625
0.011046912,10.00213623046875,9.98687744140625
0.011047936,10.00213623046875,9.98687744140625
0.01104896,9.97161865234375,9.98687744140625
0.011049984,9.979248046875,9.98687744140625
0.011051008,9.979248046875,9.98687744140625
0.011052032,9.97161865234375,9.98687744140625
0.011053056,9.98687744140625,9.98687744140625
0.01105408,9.98687744140625,9.98687744140625
0.011055104,9.9945068359375,9.98687744140625
0.011056128,9.9945068359375,9.98687744140625
0.011057152,9.98687744140625,9.98687744140625
0.011058176,9.9945068359375,9.98687744140625
0.0110592,9.9945068359375,9.98687744140625
0.011060224,10.01739501953125,9.98687744140625
0.011061248,9.979248046875,9.98687744140625
0.011062272,10.009765625,9.98687744140625
0.011063296,9.979248046875,9.98687744140625
0.01106432,10.00213623046875,9.98687744140625
0.011065344,9.97161865234375,9.98687744140625
0.011066368,10.00213623046875,9.98687744140625
0.011067392,9.9639892578125,9.98687744140625
0.011068416,10.040283203125,9.98687744140625
0.01106944,9.94873046875,9.98687744140625
0.011070464,10.009765625,9.98687744140625
0.011071488,9.94873046875,9.98687744140625
0.011072512,9.98687744140625,9.98687744140625
0.011073536,9.97161865234375,9.98687744140625
0.01107456,9.97161865234375,9.98687744140625
0.011075584,9.979248046875,9.98687744140625
0.011076608,9.9945068359375,9.98687744140625
0.011077632,9.98687744140625,9.98687744140625
0.011078656,9.9945068359375,9.98687744140625
0.01107968,10.00213623046875,9.98687744140625
0.011080704,9.98687744140625,9.98687744140625
0.011081728,10.00213623046875,9.98687744140625
0.011082752,9.98687744140625,9.98687744140625
0.011083776,10.00213623046875,9.98687744140625
0.0110848,9.9945068359375,9.98687744140625
0.011085824,10.01739501953125,9.98687744140625
0.011086848,9.9639892578125,9.98687744140625
0.011087872,10.03265380859375,9.98687744140625
0.011088896,9.979248046875,9.98687744140625
0.01108992,9.9945068359375,9.98687744140625
0.011090944,9.979248046875,9.98687744140625
0.011091968,9.94110107421875,9.98687744140625
0.011092992,9.979248046875,9.98687744140625
0.011094016,9.94873046875,9.98687744140625
0.01109504,10.009765625,9.98687744140625
0.011096064,9.9639892578125,9.98687744140625
0.011097088,10.01739501953125,9.98687744140625
0.011098112,9.98687744140625,9.98687744140625
0.011099136,10.01739501953125,9.98687744140625
0.01110016,9.98687744140625,9.98687744140625
0.011101184,9.9945068359375,9.98687744140625
0.011102208,10.009765625,9.98687744140625
0.011103232,9.9945068359375,9.98687744140625
0.011104256,10.00213623046875,9.98687744140625
0.01110528,9.979248046875,9.98687744140625
0.011106304,9.979248046875,9.98687744140625
0.011107328,9.9945068359375,9.98687744140625
0.011108352,10.00213623046875,9.98687744140625
0.011109376,9.94110107421875,9.98687744140625
0.0111104,9.9945068359375,9.98687744140625
0.011111424,9.979248046875,9.98687744140625
0.011112448,9.979248046875,9.98687744140625
0.011113472,9.979248046875,9.98687744140625
0.011114496,9.98687744140625,9.98687744140625
0.01111552,9.98687744140625,9.98687744140625
0.011116544,10.009765625,9.98687744140625
0.011117568,9.979248046875,9.98687744140625
0.011118592,10.009765625,9.98687744140625
0.011119616,9.98687744140625,9.98687744140625
0.01112064,10.009765625,9.98687744140625
0.011121664,9.979248046875,9.98687744140625
0.011122688,10.00213623046875,9.98687744140625
0.011123712,9.9945068359375,9.98687744140625
0.011124736,9.9945068359375,9.98687744140625
0.01112576,9.979248046875,9.98687744140625
0.011126784,10.00213623046875,9.98687744140625
0.011127808,9.9945068359375,9.98687744140625
0.011128832,9.97161865234375,9.98687744140625
0.011129856,9.9945068359375,9.98687744140625
0.01113088,9.98687744140625,9.98687744140625
0.011131904,9.98687744140625,9.98687744140625
0.011132928,10.009765625,9.98687744140625
0.011133952,9.979248046875,9.98687744140625
0.011134976,9.98687744140625,9.98687744140625
0.011136,9.98687744140625,9.98687744140625
0.011137024,9.97161865234375,9.98687744140625
0.011138048,9.98687744140625,9.98687744140625
0.011139072,9.98687744140625,9.98687744140625
0.011140096,9.9945068359375,9.98687744140625
0.01114112,10.00213623046875,9.98687744140625
0.011142144,10.009765625,9.98687744140625
0.011143168,9.9639892578125,9.98687744140625
0.011144192,10.01739501953125,9.98687744140625
0.011145216,9.9639892578125,9.98687744140625
0.01114624,10.03265380859375,9.9945068359375
0.011147264,9.98687744140625,9.98687744140625
0.011148288,9.98687744140625,9.98687744140625
0.011149312,9.979248046875,9.98687744140625
0.011150336,9.98687744140625,9.98687744140625
0.01115136,9.98687744140625,9.98687744140625
0.011152384,10.00213623046875,9.98687744140625
0.011153408,9.97161865234375,9.98687744140625
0.011154432,10.0250244140625,9.98687744140625
0.011155456,9.98687744140625,9.98687744140625
0.01115648,9.979248046875,9.98687744140625
0.011157504,9.98687744140625,9.98687744140625
0.011158528,9.9945068359375,9.98687744140625
0.011159552,9.98687744140625,9.98687744140625
0.011160576,10.00213623046875,9.98687744140625
0.0111616,9.95635986328125,9.98687744140625
0.011162624,10.00213623046875,9.98687744140625
0.011163648,9.9639892578125,9.98687744140625
0.011164672,9.9945068359375,9.98687744140625
0.011165696,9.97161865234375,9.98687744140625
0.01116672,10.00213623046875,9.98687744140625
0.011167744,9.95635986328125,9.98687744140625
0.011168768,9.9945068359375,9.98687744140625
0.011169792,10.00213623046875,9.98687744140625
0.011170816,9.9945068359375,9.98687744140625
0.01117184,10.009765625,9.98687744140625
0.011172864,9.9639892578125,9.98687744140625
0.011173888,10.0250244140625,9.98687744140625
0.011174912,9.98687744140625,9.98687744140625
0.011175936,10.009765625,9.98687744140625
0.01117696,9.9945068359375,9.98687744140625
0.011177984,9.9945068359375,9.98687744140625
0.011179008,9.97161865234375,9.98687744140625
0.011180032,9.979248046875,9.98687744140625
0.011181056,9.979248046875,9.98687744140625
0.01118208,9.979248046875,9.98687744140625
0.011183104,9.98687744140625,9.98687744140625
0.011184128,9.9945068359375,9.98687744140625
0.011185152,9.9945068359375,9.98687744140625
0.011186176,9.98687744140625,9.98687744140625
0.0111872,9.98687744140625,9.98687744140625
0.011188224,10.00213623046875,9.98687744140625
0.011189248,10.00213623046875,9.98687744140625
0.011190272,10.00213623046875,9.98687744140625
0.011191296,10.009765625,9.98687744140625
0.01119232,9.97161865234375,9.98687744140625
0.011193344,10.00213623046875,9.98687744140625
0.011194368,10.00213623046875,9.98687744140625
0.011195392,9.9639892578125,9.98687744140625
0.011196416,10.01739501953125,9.98687744140625
0.01119744,9.979248046875,9.98687744140625
0.011198464,10.00213623046875,9.98687744140625
0.011199488,10.00213623046875,9.98687744140625
0.011200512,9.97161865234375,9.98687744140625
0.011201536,9.98687744140625,9.98687744140625
0.01120256,9.979248046875,9.98687744140625
0.011203584,9.98687744140625,9.98687744140625
0.011204608,9.9945068359375,9.98687744140625
0.011205632,9.979248046875,9.98687744140625
0.011206656,10.00213623046875,9.98687744140625
0.01120768,9.979248046875,9.98687744140625
0.011208704,10.00213623046875,9.98687744140625
0.011209728,9.979248046875,9.98687744140625
0.011210752,10.00213623046875,9.98687744140625
0.011211776,10.01739501953125,9.98687744140625
0.0112128,9.9945068359375,9.98687744140625
0.011213824,10.009765625,9.9945068359375
0.011214848,9.979248046875,9.98687744140625
0.011215872,9.9945068359375,9.98687744140625
0.011216896,9.9945068359375,9.98687744140625
0.01121792,9.98687744140625,9.98687744140625
0.011218944,10.00213623046875,9.98687744140625
0.011219968,10.01739501953125,9.98687744140625
0.011220992,9.9639892578125,9.98687744140625
0.011222016,10.01739501953125,9.98687744140625
0.01122304,9.94110107421875,9.98687744140625
0.011224064,9.97161865234375,9.98687744140625
0.011225088,9.98687744140625,9.98687744140625
0.011226112,9.98687744140625,9.98687744140625
0.011227136,10.00213623046875,9.98687744140625
0.01122816,9.979248046875,9.98687744140625
0.011229184,10.009765625,9.98687744140625
0.011230208,9.98687744140625,9.98687744140625
0.011231232,9.9945068359375,9.98687744140625
0.011232256,9.9945068359375,9.98687744140625
0.01123328,10.00213623046875,9.98687744140625
0.011234304,9.979248046875,9.98687744140625
0.011235328,9.9945068359375,9.98687744140625
0.011236352,10.009765625,9.98687744140625
0.011237376,9.95635986328125,9.98687744140625
0.0112384,10.009765625,9.98687744140625
0.011239424,9.94873046875,9.98687744140625
0.011240448,9.9945068359375,9.98687744140625
0.011241472,9.979248046875,9.98687744140625
0.011242496,9.9945068359375,9.98687744140625
0.01124352,9.98687744140625,9.98687744140625
0.011244544,9.9945068359375,9.98687744140625
0.011245568,9.98687744140625,9.98687744140625
0.011246592,10.00213623046875,9.98687744140625
0.011247616,10.00213623046875,9.98687744140625
0.01124864,10.00213623046875,9.98687744140625
0.011249664,9.979248046875,9.98687744140625
0.011250688,10.00213623046875,9.98687744140625
0.011251712,9.98687744140625,9.98687744140625
0.011252736,10.00213623046875,9.98687744140625
0.01125376,9.97161865234375,9.98687744140625
0.011254784,10.00213623046875,9.98687744140625
0.011255808,9.97161865234375,9.98687744140625
0.011256832,10.01739501953125,9.98687744140625
0.011257856,9.97161865234375,9.98687744140625
0.01125888,10.00213623046875,9.98687744140625
0.011259904,9.979248046875,9.98687744140625
0.011260928,9.979248046875,9.98687744140625
0.011261952,9.979248046875,9.98687744140625
0.011262976,9.9945068359375,9.98687744140625
0.011264,10.01739501953125,9.98687744140625
0.011265024,10.00213623046875,9.98687744140625
0.011266048,10.01739501953125,9.98687744140625
0.011267072,9.979248046875,9.98687744140625
0.011268096,9.97161865234375,9.98687744140625
0.01126912,10.01739501953125,9.98687744140625
0.011270144,9.97161865234375,9.98687744140625
0.011271168,10.00213623046875,9.98687744140625
0.011272192,9.979248046875,9.98687744140625
0.011273216,10.00213623046875,9.98687744140625
0.01127424,9.98687744140625,9.98687744140625
0.011275264,9.98687744140625,9.98687744140625
0.011276288,9.979248046875,9.98687744140625
0.011277312,9.97161865234375,9.98687744140625
0.011278336,9.97161865234375,9.98687744140625
0.01127936,9.9639892578125,9.98687744140625
0.011280384,10.00213623046875,9.98687744140625
0.011281408,9.95635986328125,9.98687744140625
0.011282432,10.009765625,9.98687744140625
0.011283456,9.97161865234375,9.98687744140625
0.01128448,10.00213623046875,9.98687744140625
0.011285504,10.00213623046875,9.98687744140625
0.011286528,10.0250244140625,9.98687744140625
0.011287552,9.9945068359375,9.98687744140625
0.011288576,10.01739501953125,9.98687744140625
0.0112896,9.98687744140625,9.98687744140625
0.011290624,9.9945068359375,9.98687744140625
0.011291648,9.98687744140625,9.9945068359375
0.011292672,9.98687744140625,9.98687744140625
0.011293696,9.9639892578125,9.98687744140625
0.01129472,9.98687744140625,9.98687744140625
0.011295744,9.97161865234375,9.98687744140625
0.011296768,10.00213623046875,9.98687744140625
0.011297792,9.979248046875,9.98687744140625
0.011298816,9.98687744140625,9.98687744140625
0.01129984,10.00213623046875,9.98687744140625
0.011300864,10.00213623046875,9.98687744140625
0.011301888,9.98687744140625,9.98687744140625
0.011302912,10.009765625,9.98687744140625
0.011303936,9.98687744140625,9.98687744140625
0.01130496,9.9945068359375,9.98687744140625
0.011305984,10.01739501953125,9.98687744140625
0.011307008,9.9945068359375,9.98687744140625
0.011308032,10.01739501953125,9.98687744140625
0.011309056,9.9639892578125,9.98687744140625
0.01131008,9.98687744140625,9.98687744140625
0.011311104,9.94873046875,9.98687744140625
0.011312128,9.97161865234375,9.98687744140625
0.011313152,9.979248046875,9.9945068359375
0.011314176,9.98687744140625,9.98687744140625
0.0113152,9.9945068359375,9.9945068359375
0.011316224,9.9945068359375,9.98687744140625
0.011317248,9.9945068359375,9.98687744140625
0.011318272,10.00213623046875,9.98687744140625
0.011319296,10.01739501953125,9.98687744140625
0.01132032,9.9945068359375,9.98687744140625
0.011321344,10.0250244140625,9.9945068359375
0.011322368,10.009765625,9.98687744140625
0.011323392,9.97161865234375,9.98687744140625
0.011324416,10.040283203125,9.98687744140625
0.01132544,9.95635986328125,9.98687744140625
0.011326464,10.01739501953125,9.98687744140625
0.011327488,9.95635986328125,9.98687744140625
0.011328512,10.00213623046875,9.98687744140625
0.011329536,9.97161865234375,9.98687744140625
0.01133056,9.97161865234375,9.98687744140625
0.011331584,9.97161865234375,9.98687744140625
0.011332608,10.009765625,9.98687744140625
0.011333632,9.9639892578125,9.98687744140625
0.011334656,10.009765625,9.98687744140625
0.01133568,9.98687744140625,9.98687744140625
0.011336704,10.009765625,9.98687744140625
0.011337728,9.98687744140625,9.98687744140625
0.011338752,10.009765625,9.98687744140625
0.011339776,9.9945068359375,9.98687744140625
0.0113408,10.009765625,9.98687744140625
0.011341824,9.979248046875,9.98687744140625
0.011342848,10.00213623046875,9.98687744140625
0.011343872,9.9945068359375,9.98687744140625
0.011344896,9.979248046875,9.98687744140625
0.01134592,9.97161865234375,9.98687744140625
0.011346944,9.9945068359375,9.98687744140625
0.011347968,9.979248046875,9.98687744140625
0.011348992,9.9945068359375,9.98687744140625
0.011350016,9.9945068359375,9.98687744140625
0.01135104,10.00213623046875,9.98687744140625
0.011352064,9.9945068359375,9.98687744140625
0.011353088,9.979248046875,9.98687744140625
0.011354112,9.98687744140625,9.98687744140625
0.011355136,9.9945068359375,9.98687744140625
0.01135616,10.00213623046875,9.98687744140625
0.011357184,9.979248046875,9.98687744140625
0.011358208,10.01739501953125,9.98687744140625
0.011359232,9.98687744140625,9.98687744140625
0.011360256,10.00213623046875,9.98687744140625
0.01136128,9.979248046875,9.98687744140625
0.011362304,9.98687744140625,9.98687744140625
0.011363328,9.9945068359375,9.98687744140625
0.011364352,9.98687744140625,9.98687744140625
0.011365376,9.9639892578125,9.98687744140625
0.0113664,9.9945068359375,9.98687744140625
0.011367424,9.9639892578125,9.9945068359375
0.011368448,9.9945068359375,9.98687744140625
0.011369472,9.9945068359375,9.98687744140625
0.011370496,10.009765625,9.98687744140625
0.01137152,9.97161865234375,9.98687744140625
0.011372544,10.01739501953125,9.98687744140625
0.011373568,9.98687744140625,9.98687744140625
0.011374592,10.009765625,9.98687744140625
0.011375616,9.98687744140625,9.98687744140625
0.01137664,10.01739501953125,9.98687744140625
0.011377664,9.97161865234375,9.98687744140625
0.011378688,10.009765625,9.98687744140625
0.011379712,9.98687744140625,9.98687744140625
0.011380736,9.9945068359375,9.98687744140625
0.01138176,9.98687744140625,9.98687744140625
0.011382784,9.97161865234375,9.98687744140625
0.011383808,9.97161865234375,9.98687744140625
0.011384832,9.9945068359375,9.98687744140625
0.011385856,9.9639892578125,9.98687744140625
0.01138688,10.00213623046875,9.98687744140625
0.011387904,9.979248046875,9.98687744140625
0.011388928,9.98687744140625,9.98687744140625
0.011389952,10.00213623046875,9.98687744140625
0.011390976,10.009765625,9.98687744140625
0.011392,10.00213623046875,9.98687744140625
0.011393024,10.01739501953125,9.98687744140625
0.011394048,9.9945068359375,9.98687744140625
0.011395072,9.98687744140625,9.98687744140625
0.011396096,9.97161865234375,9.98687744140625
0.01139712,9.979248046875,9.98687744140625
0.011398144,9.98687744140625,9.98687744140625
0.011399168,10.00213623046875,9.98687744140625
0.011400192,9.95635986328125,9.98687744140625
0.011401216,9.9945068359375,9.98687744140625
0.01140224,9.98687744140625,9.98687744140625
0.011403264,9.97161865234375,9.98687744140625
0.011404288,9.979248046875,9.98687744140625
0.011405312,10.00213623046875,9.98687744140625
0.011406336,9.9945068359375,9.98687744140625
0.01140736,10.0250244140625,9.98687744140625
0.011408384,9.98687744140625,9.98687744140625
0.011409408,10.01739501953125,9.98687744140625
0.011410432,9.979248046875,9.98687744140625
0.011411456,10.009765625,9.98687744140625
0.01141248,9.97161865234375,9.98687744140625
0.011413504,10.009765625,9.98687744140625
0.011414528,9.9639892578125,9.98687744140625
0.011415552,10.01739501953125,9.98687744140625
0.011416576,9.9639892578125,9.98687744140625
0.0114176,10.01739501953125,9.98687744140625
0.011418624,9.94873046875,9.98687744140625
0.011419648,9.98687744140625,9.98687744140625
0.011420672,9.97161865234375,9.98687744140625
0.011421696,9.979248046875,9.98687744140625
0.01142272,9.9639892578125,9.98687744140625
0.011423744,10.00213623046875,9.98687744140625
0.011424768,10.00213623046875,9.98687744140625
0.011425792,10.00213623046875,9.98687744140625
0.011426816,9.979248046875,9.98687744140625
0.01142784,10.00213623046875,9.98687744140625
0.011428864,10.009765625,9.98687744140625
0.011429888,9.979248046875,9.98687744140625
0.011430912,10.00213623046875,9.98687744140625
0.011431936,9.979248046875,9.98687744140625
0.01143296,9.9945068359375,9.98687744140625
0.011433984,10.009765625,9.9945068359375
0.011435008,9.98687744140625,9.98687744140625
0.011436032,10.009765625,9.98687744140625
0.011437056,9.94873046875,9.98687744140625
0.01143808,9.979248046875,9.98687744140625
0.011439104,9.94873046875,9.98687744140625
0.011440128,9.98687744140625,9.98687744140625
0.011441152,9.979248046875,9.98687744140625
0.011442176,10.00213623046875,9.98687744140625
0.0114432,10.009765625,9.98687744140625
0.011444224,9.97161865234375,9.98687744140625
0.011445248,10.0250244140625,9.98687744140625
0.011446272,9.98687744140625,9.98687744140625
0.011447296,10.00213623046875,9.98687744140625
0.01144832,10.01739501953125,9.98687744140625
0.011449344,9.979248046875,9.98687744140625
0.011450368,10.009765625,9.98687744140625
0.011451392,9.97161865234375,9.98687744140625
0.011452416,9.9945068359375,9.98687744140625
0.01145344,9.98687744140625,9.98687744140625
0.011454464,9.9945068359375,9.98687744140625
0.011455488,9.98687744140625,9.98687744140625
0.011456512,9.98687744140625,9.98687744140625
0.011457536,9.979248046875,9.98687744140625
0.01145856,9.98687744140625,9.98687744140625
0.011459584,9.98687744140625,9.98687744140625
0.011460608,9.979248046875,9.98687744140625
0.011461632,9.9945068359375,9.98687744140625
0.011462656,10.00213623046875,9.98687744140625
0.01146368,10.009765625,9.98687744140625
0.011464704,9.98687744140625,9.98687744140625
0.011465728,10.009765625,9.98687744140625
0.011466752,9.9945068359375,9.98687744140625
0.011467776,10.009765625,9.98687744140625
0.0114688,9.979248046875,9.98687744140625
0.011469824,10.009765625,9.98687744140625
0.011470848,9.97161865234375,9.98687744140625
0.011471872,9.98687744140625,9.98687744140625
0.011472896,9.98687744140625,9.98687744140625
0.01147392,9.97161865234375,9.98687744140625
0.011474944,9.9639892578125,9.98687744140625
0.011475968,9.9945068359375,9.98687744140625
0.011476992,9.98687744140625,9.98687744140625
0.011478016,10.01739501953125,9.98687744140625
0.01147904,9.9945068359375,9.98687744140625
0.011480064,9.9945068359375,9.98687744140625
0.011481088,10.00213623046875,9.98687744140625
0.011482112,9.9945068359375,9.98687744140625
0.011483136,10.009765625,9.98687744140625
0.01148416,9.979248046875,9.98687744140625
0.011485184,10.01739501953125,9.98687744140625
0.011486208,9.98687744140625,9.98687744140625
0.011487232,10.00213623046875,9.98687744140625
0.011488256,9.9945068359375,9.98687744140625
0.01148928,9.98687744140625,9.98687744140625
0.011490304,9.98687744140625,9.98687744140625
0.011491328,9.979248046875,9.98687744140625
0.011492352,9.98687744140625,9.98687744140625
0.011493376,9.979248046875,9.98687744140625
0.0114944,9.979248046875,9.98687744140625
0.011495424,9.9945068359375,9.98687744140625
0.011496448,10.00213623046875,9.98687744140625
0.011497472,9.979248046875,9.98687744140625
0.011498496,10.009765625,9.98687744140625
0.01149952,9.98687744140625,9.98687744140625
0.011500544,10.009765625,9.98687744140625
0.011501568,9.979248046875,9.98687744140625
0.011502592,10.00213623046875,9.98687744140625
0.011503616,10.00213623046875,9.98687744140625
0.01150464,9.9639892578125,9.98687744140625
0.011505664,10.009765625,9.98687744140625
0.011506688,9.9639892578125,9.98687744140625
0.011507712,10.00213623046875,9.98687744140625
0.011508736,9.95635986328125,9.98687744140625
0.01150976,9.9945068359375,9.98687744140625
0.011510784,9.979248046875,9.98687744140625
0.011511808,9.979248046875,9.98687744140625
0.011512832,9.9945068359375,9.98687744140625
0.011513856,9.9945068359375,9.98687744140625
0.01151488,10.00213623046875,9.98687744140625
0.011515904,10.01739501953125,9.98687744140625
0.011516928,9.98687744140625,9.98687744140625
0.011517952,10.01739501953125,9.98687744140625
0.011518976,9.979248046875,9.98687744140625
0.01152,10.00213623046875,9.98687744140625
0.011521024,10.040283203125,9.98687744140625
0.011522048,9.979248046875,9.98687744140625
0.011523072,9.98687744140625,9.98687744140625
0.011524096,9.9639892578125,9.98687744140625
0.01152512,9.9945068359375,9.98687744140625
0.011526144,9.9639892578125,9.98687744140625
0.011527168,9.98687744140625,9.98687744140625
0.011528192,9.98687744140625,9.98687744140625
0.011529216,10.00213623046875,9.98687744140625
0.01153024,10.009765625,9.98687744140625
0.011531264,9.979248046875,9.98687744140625
0.011532288,10.00213623046875,9.98687744140625
0.011533312,9.979248046875,9.98687744140625
0.011534336,10.0250244140625,9.98687744140625
0.01153536,9.9945068359375,9.98687744140625
0.011536384,10.009765625,9.98687744140625
0.011537408,9.979248046875,9.98687744140625
0.011538432,10.00213623046875,9.98687744140625
0.011539456,9.9639892578125,9.98687744140625
0.01154048,10.0250244140625,9.98687744140625
0.011541504,9.95635986328125,9.98687744140625
0.011542528,10.009765625,9.98687744140625
0.011543552,9.94873046875,9.98687744140625
0.011544576,9.9945068359375,9.98687744140625
0.0115456,9.979248046875,9.98687744140625
0.011546624,9.97161865234375,9.98687744140625
0.011547648,9.979248046875,9.98687744140625
0.011548672,10.00213623046875,9.98687744140625
0.011549696,10.00213623046875,9.98687744140625
0.01155072,10.009765625,9.98687744140625
0.011551744,9.979248046875,9.98687744140625
0.011552768,10.009765625,9.98687744140625
0.011553792,9.98687744140625,9.98687744140625
0.011554816,10.009765625,9.98687744140625
0.01155584,9.979248046875,9.98687744140625
0.011556864,9.9945068359375,9.98687744140625
0.011557888,10.00213623046875,9.98687744140625
0.011558912,10.00213623046875,9.98687744140625
0.011559936,9.95635986328125,9.98687744140625
0.01156096,10.00213623046875,9.98687744140625
0.011561984,9.95635986328125,9.98687744140625
0.011563008,9.9945068359375,9.98687744140625
0.011564032,9.98687744140625,9.98687744140625
0.011565056,9.98687744140625,9.98687744140625
0.01156608,10.009765625,9.98687744140625
0.011567104,9.94110107421875,9.98687744140625
0.011568128,10.009765625,9.98687744140625
0.011569152,9.9639892578125,9.98687744140625
0.011570176,10.03265380859375,9.98687744140625
0.0115712,9.9639892578125,9.98687744140625
0.011572224,10.0250244140625,9.98687744140625
0.011573248,9.98687744140625,9.98687744140625
0.011574272,10.00213623046875,9.98687744140625
0.011575296,9.9945068359375,9.98687744140625
0.01157632,9.9945068359375,9.98687744140625
0.011577344,9.9945068359375,9.98687744140625
0.011578368,9.98687744140625,9.98687744140625
0.011579392,9.98687744140625,9.98687744140625
0.011580416,9.98687744140625,9.98687744140625
0.01158144,9.9639892578125,9.98687744140625
0.011582464,10.009765625,9.98687744140625
0.011583488,9.95635986328125,9.98687744140625
0.011584512,10.009765625,9.98687744140625
0.011585536,9.979248046875,9.9945068359375
0.01158656,9.9945068359375,9.98687744140625
0.011587584,10.00213623046875,9.98687744140625
0.011588608,10.00213623046875,9.98687744140625
0.011589632,9.98687744140625,9.98687744140625
0.011590656,9.9945068359375,9.98687744140625
0.01159168,9.9945068359375,9.98687744140625
0.011592704,9.9945068359375,9.98687744140625
0.011593728,10.00213623046875,9.98687744140625
0.011594752,9.97161865234375,9.98687744140625
0.011595776,9.9945068359375,9.98687744140625
0.0115968,10.009765625,9.98687744140625
0.011597824,9.9639892578125,9.98687744140625
0.011598848,10.00213623046875,9.98687744140625
0.011599872,9.9639892578125,9.98687744140625
0.011600896,10.009765625,9.98687744140625
0.01160192,9.95635986328125,9.98687744140625
0.011602944,10.009765625,9.98687744140625
0.011603968,9.9639892578125,9.98687744140625
0.011604992,10.009765625,9.98687744140625
0.011606016,9.97161865234375,9.9945068359375
0.01160704,10.0250244140625,9.98687744140625
0.011608064,9.9945068359375,9.98687744140625
0.011609088,10.01739501953125,9.9945068359375
0.011610112,9.979248046875,9.98687744140625
0.011611136,9.979248046875,9.98687744140625
0.01161216,9.98687744140625,9.98687744140625
0.011613184,9.9945068359375,9.98687744140625
0.011614208,9.98687744140625,9.98687744140625
0.011615232,9.9945068359375,9.98687744140625
0.011616256,10.00213623046875,9.98687744140625
0.01161728,9.9639892578125,9.98687744140625
0.011618304,9.98687744140625,9.98687744140625
0.011619328,9.979248046875,9.98687744140625
0.011620352,9.98687744140625,9.98687744140625
0.011621376,9.9945068359375,9.98687744140625
0.0116224,9.979248046875,9.98687744140625
0.011623424,10.00213623046875,9.98687744140625
0.011624448,10.00213623046875,9.98687744140625
0.011625472,9.97161865234375,9.98687744140625
0.011626496,10.00213623046875,9.98687744140625
0.01162752,10.01739501953125,9.98687744140625
0.011628544,9.979248046875,9.98687744140625
0.011629568,10.009765625,9.98687744140625
0.011630592,9.979248046875,9.98687744140625
0.011631616,10.00213623046875,9.98687744140625
0.01163264,9.979248046875,9.98687744140625
0.011633664,9.9945068359375,9.98687744140625
0.011634688,9.979248046875,9.98687744140625
0.011635712,9.98687744140625,9.98687744140625
0.011636736,9.9639892578125,9.98687744140625
0.01163776,10.00213623046875,9.98687744140625
0.011638784,9.979248046875,9.98687744140625
0.011639808,9.98687744140625,9.98687744140625
0.011640832,9.9945068359375,9.98687744140625
0.011641856,9.98687744140625,9.98687744140625
0.01164288,10.009765625,9.98687744140625
0.011643904,9.97161865234375,9.98687744140625
0.011644928,10.00213623046875,9.98687744140625
0.011645952,9.979248046875,9.9945068359375
0.011646976,10.00213623046875,9.98687744140625
0.011648,10.00213623046875,9.98687744140625
0.011649024,9.9945068359375,9.98687744140625
0.011650048,10.00213623046875,9.98687744140625
0.011651072,10.00213623046875,9.98687744140625
0.011652096,9.979248046875,9.98687744140625
0.01165312,9.98687744140625,9.98687744140625
0.011654144,9.9945068359375,9.98687744140625
0.011655168,9.98687744140625,9.98687744140625
0.011656192,9.9639892578125,9.98687744140625
0.011657216,9.97161865234375,9.98687744140625
0.01165824,9.979248046875,9.98687744140625
0.011659264,9.979248046875,9.98687744140625
0.011660288,9.9945068359375,9.98687744140625
0.011661312,10.00213623046875,9.98687744140625
0.011662336,9.97161865234375,9.98687744140625
0.01166336,9.9945068359375,9.98687744140625
0.011664384,10.00213623046875,9.98687744140625
0.011665408,10.00213623046875,9.98687744140625
0.011666432,10.00213623046875,9.98687744140625
0.011667456,9.9945068359375,9.98687744140625
0.01166848,9.9945068359375,9.98687744140625
0.011669504,9.979248046875,9.98687744140625
0.011670528,9.979248046875,9.98687744140625
0.011671552,9.97161865234375,9.98687744140625
0.011672576,9.9945068359375,9.98687744140625
0.0116736,9.97161865234375,9.98687744140625
0.011674624,10.01739501953125,9.98687744140625
0.011675648,9.9639892578125,9.98687744140625
0.011676672,10.009765625,9.98687744140625
0.011677696,9.979248046875,9.98687744140625
0.01167872,9.979248046875,9.98687744140625
0.011679744,10.009765625,9.98687744140625
0.011680768,9.97161865234375,9.98687744140625
0.011681792,10.01739501953125,9.98687744140625
0.011682816,9.98687744140625,9.98687744140625
0.01168384,10.00213623046875,9.98687744140625
0.011684864,10.009765625,9.98687744140625
0.011685888,9.97161865234375,9.98687744140625
0.011686912,10.009765625,9.98687744140625
0.011687936,9.94110107421875,9.98687744140625
0.01168896,9.9945068359375,9.98687744140625
0.011689984,9.97161865234375,9.98687744140625
0.011691008,9.9945068359375,9.98687744140625
0.011692032,9.98687744140625,9.98687744140625
0.011693056,9.979248046875,9.98687744140625
0.01169408,9.9945068359375,9.98687744140625
0.011695104,10.00213623046875,9.98687744140625
0.011696128,10.00213623046875,9.98687744140625
0.011697152,10.00213623046875,9.98687744140625
0.011698176,9.9945068359375,9.98687744140625
0.0116992,10.0250244140625,9.98687744140625
0.011700224,10.00213623046875,9.98687744140625
0.011701248,9.98687744140625,9.98687744140625
0.011702272,9.979248046875,9.98687744140625
0.011703296,9.98687744140625,9.98687744140625
0.01170432,9.979248046875,9.98687744140625
0.011705344,9.9639892578125,9.98687744140625
0.011706368,9.9945068359375,9.98687744140625
0.011707392,9.98687744140625,9.98687744140625
0.011708416,9.979248046875,9.98687744140625
0.01170944,9.979248046875,9.98687744140625
0.011710464,9.979248046875,9.98687744140625
0.011711488,9.98687744140625,9.98687744140625
0.011712512,10.009765625,9.98687744140625
0.011713536,9.98687744140625,9.98687744140625
0.01171456,10.01739501953125,9.98687744140625
0.011715584,9.98687744140625,9.98687744140625
0.011716608,9.9945068359375,9.98687744140625
0.011717632,10.00213623046875,9.98687744140625
0.011718656,10.009765625,9.98687744140625
0.01171968,9.97161865234375,9.98687744140625
0.011720704,10.01739501953125,9.98687744140625
0.011721728,9.94110107421875,9.98687744140625
0.011722752,9.979248046875,9.98687744140625
0.011723776,9.979248046875,9.98687744140625
0.0117248,9.97161865234375,9.98687744140625
0.011725824,10.009765625,9.98687744140625
0.011726848,9.9639892578125,9.98687744140625
0.011727872,10.0250244140625,9.98687744140625
0.011728896,9.979248046875,9.98687744140625
0.01172992,10.009765625,9.98687744140625
0.011730944,9.98687744140625,9.98687744140625
0.011731968,10.009765625,9.98687744140625
0.011732992,9.98687744140625,9.98687744140625
0.011734016,9.9945068359375,9.98687744140625
0.01173504,10.009765625,9.98687744140625
0.011736064,9.979248046875,9.98687744140625
0.011737088,10.00213623046875,9.98687744140625
0.011738112,9.9945068359375,9.98687744140625
0.011739136,9.979248046875,9.98687744140625
0.01174016,9.9639892578125,9.98687744140625
0.011741184,10.00213623046875,9.98687744140625
0.011742208,9.98687744140625,9.98687744140625
0.011743232,10.01739501953125,9.98687744140625
0.011744256,9.979248046875,9.98687744140625
0.01174528,9.9945068359375,9.98687744140625
0.011746304,9.98687744140625,9.98687744140625
0.011747328,10.00213623046875,9.9945068359375
0.011748352,10.00213623046875,9.98687744140625
0.011749376,9.97161865234375,9.98687744140625
0.0117504,10.0250244140625,9.98687744140625
0.011751424,9.9639892578125,9.98687744140625
0.011752448,10.0250244140625,9.98687744140625
0.011753472,9.979248046875,9.98687744140625
0.011754496,9.98687744140625,9.98687744140625
0.01175552,9.98687744140625,9.98687744140625
0.011756544,10.00213623046875,9.98687744140625
0.011757568,9.95635986328125,9.98687744140625
0.011758592,9.9945068359375,9.98687744140625
0.011759616,9.9945068359375,9.98687744140625
0.01176064,9.979248046875,9.98687744140625
0.011761664,9.979248046875,9.98687744140625
0.011762688,9.98687744140625,9.98687744140625
0.011763712,9.9945068359375,9.98687744140625
0.011764736,10.00213623046875,9.98687744140625
0.01176576,10.009765625,9.98687744140625
0.011766784,9.979248046875,9.98687744140625
0.011767808,10.00213623046875,9.98687744140625
0.011768832,9.97161865234375,9.98687744140625
0.011769856,10.0250244140625,9.98687744140625
0.01177088,9.979248046875,9.98687744140625
0.011771904,10.00213623046875,9.98687744140625
0.011772928,10.009765625,9.98687744140625
0.011773952,9.97161865234375,9.98687744140625
0.011774976,9.98687744140625,9.98687744140625
0.011776,9.98687744140625,9.98687744140625
0.011777024,9.98687744140625,9.98687744140625
0.011778048,9.9639892578125,9.98687744140625
0.011779072,10.009765625,9.98687744140625
0.011780096,9.94110107421875,9.98687744140625
0.01178112,9.9945068359375,9.98687744140625
0.011782144,9.98687744140625,9.98687744140625
0.011783168,9.98687744140625,9.98687744140625
0.011784192,9.9945068359375,9.98687744140625
0.011785216,10.00213623046875,9.98687744140625
0.01178624,10.0250244140625,9.98687744140625
0.011787264,10.00213623046875,9.98687744140625
0.011788288,10.01739501953125,9.98687744140625
0.011789312,9.97161865234375,9.98687744140625
0.011790336,9.9945068359375,9.98687744140625
0.01179136,9.9639892578125,9.98687744140625
0.011792384,9.9945068359375,9.98687744140625
0.011793408,9.979248046875,9.98687744140625
0.011794432,9.95635986328125,9.98687744140625
0.011795456,9.9945068359375,9.98687744140625
0.01179648,9.979248046875,9.98687744140625
0.011797504,9.979248046875,9.98687744140625
0.011798528,9.979248046875,9.98687744140625
0.011799552,10.00213623046875,9.98687744140625
0.011800576,10.00213623046875,9.98687744140625
0.0118016,10.009765625,9.98687744140625
0.011802624,9.98687744140625,9.98687744140625
0.011803648,10.0250244140625,9.98687744140625
0.011804672,9.98687744140625,9.98687744140625
0.011805696,9.9945068359375,9.98687744140625
0.01180672,10.00213623046875,9.98687744140625
0.011807744,10.00213623046875,9.98687744140625
0.011808768,10.009765625,9.98687744140625
0.011809792,9.95635986328125,9.98687744140625
0.011810816,10.00213623046875,9.98687744140625
0.01181184,9.94873046875,9.98687744140625
0.011812864,9.98687744140625,9.98687744140625
0.011813888,9.97161865234375,9.98687744140625
0.011814912,9.979248046875,9.98687744140625
0.011815936,9.9945068359375,9.98687744140625
0.01181696,9.98687744140625,9.98687744140625
0.011817984,10.009765625,9.98687744140625
0.011819008,9.979248046875,9.9945068359375
0.011820032,10.0250244140625,9.98687744140625
0.011821056,9.98687744140625,9.98687744140625
0.01182208,10.009765625,9.98687744140625
0.011823104,9.979248046875,9.98687744140625
0.011824128,10.009765625,9.98687744140625
0.011825152,9.9639892578125,9.98687744140625
0.011826176,10.009765625,9.98687744140625
0.0118272,9.97161865234375,9.98687744140625
0.011828224,9.9945068359375,9.98687744140625
0.011829248,9.9945068359375,9.98687744140625
0.011830272,9.98687744140625,9.98687744140625
0.011831296,9.97161865234375,9.98687744140625
0.01183232,9.97161865234375,9.98687744140625
0.011833344,9.97161865234375,9.98687744140625
0.011834368,10.00213623046875,9.98687744140625
0.011835392,9.98687744140625,9.98687744140625
0.011836416,10.00213623046875,9.98687744140625
0.01183744,10.00213623046875,9.98687744140625
0.011838464,10.01739501953125,9.98687744140625
0.011839488,9.98687744140625,9.98687744140625
0.011840512,9.9945068359375,9.98687744140625
0.011841536,9.9945068359375,9.98687744140625
0.01184256,10.00213623046875,9.98687744140625
0.011843584,10.00213623046875,9.98687744140625
0.011844608,9.9945068359375,9.98687744140625
0.011845632,9.9945068359375,9.98687744140625
0.011846656,9.97161865234375,9.98687744140625
0.01184768,9.97161865234375,9.98687744140625
0.011848704,9.97161865234375,9.98687744140625
0.011849728,9.9945068359375,9.98687744140625
0.011850752,9.979248046875,9.98687744140625
0.011851776,9.979248046875,9.98687744140625
0.0118528,9.9945068359375,9.98687744140625
0.011853824,9.9945068359375,9.98687744140625
0.011854848,9.98687744140625,9.98687744140625
0.011855872,10.00213623046875,9.98687744140625
0.011856896,10.00213623046875,9.98687744140625
0.01185792,10.009765625,9.98687744140625
0.011858944,9.979248046875,9.98687744140625
0.011859968,10.00213623046875,9.98687744140625
0.011860992,10.00213623046875,9.98687744140625
0.011862016,10.01739501953125,9.98687744140625
0.01186304,9.9639892578125,9.98687744140625
0.011864064,10.00213623046875,9.98687744140625
0.011865088,9.95635986328125,9.98687744140625
0.011866112,10.00213623046875,9.98687744140625
0.011867136,9.95635986328125,9.98687744140625
0.01186816,9.98687744140625,9.98687744140625
0.011869184,9.979248046875,9.98687744140625
0.011870208,9.97161865234375,9.98687744140625
0.011871232,10.01739501953125,9.98687744140625
0.011872256,9.98687744140625,9.98687744140625
0.01187328,10.0250244140625,9.98687744140625
0.011874304,9.9945068359375,9.98687744140625
0.011875328,10.00213623046875,9.98687744140625
0.011876352,9.97161865234375,9.98687744140625
0.011877376,9.9945068359375,9.98687744140625
0.0118784,10.009765625,9.98687744140625
0.011879424,9.9945068359375,9.98687744140625
0.011880448,10.009765625,9.98687744140625
0.011881472,9.979248046875,9.98687744140625
0.011882496,9.98687744140625,9.98687744140625
0.01188352,9.9639892578125,9.98687744140625
0.011884544,9.98687744140625,9.98687744140625
0.011885568,9.9945068359375,9.98687744140625
0.011886592,9.97161865234375,9.98687744140625
0.011887616,10.0250244140625,9.98687744140625
0.01188864,9.9639892578125,9.98687744140625
0.011889664,10.0250244140625,9.98687744140625
0.011890688,9.979248046875,9.98687744140625
0.011891712,10.01739501953125,9.98687744140625
0.011892736,9.98687744140625,9.98687744140625
0.01189376,10.0250244140625,9.98687744140625
0.011894784,9.979248046875,9.98687744140625
0.011895808,10.01739501953125,9.9945068359375
0.011896832,9.979248046875,9.98687744140625
0.011897856,9.98687744140625,9.98687744140625
0.01189888,9.97161865234375,9.98687744140625
0.011899904,10.00213623046875,9.98687744140625
0.011900928,9.94873046875,9.98687744140625
0.011901952,9.979248046875,9.98687744140625
0.011902976,9.979248046875,9.98687744140625
0.011904,10.00213623046875,9.98687744140625
0.011905024,10.00213623046875,9.98687744140625
0.011906048,10.00213623046875,9.98687744140625
0.011907072,9.9945068359375,9.98687744140625
0.011908096,10.00213623046875,9.98687744140625
0.01190912,9.9945068359375,9.98687744140625
0.011910144,10.01739501953125,9.98687744140625
0.011911168,9.979248046875,9.98687744140625
0.011912192,10.00213623046875,9.98687744140625
0.011913216,9.9639892578125,9.98687744140625
0.01191424,10.009765625,9.98687744140625
0.011915264,9.98687744140625,9.98687744140625
0.011916288,9.9945068359375,9.98687744140625
0.011917312,9.97161865234375,9.98687744140625
0.011918336,9.94873046875,9.98687744140625
0.01191936,9.9639892578125,9.98687744140625
0.011920384,9.98687744140625,9.98687744140625
0.011921408,9.98687744140625,9.98687744140625
0.011922432,9.9945068359375,9.98687744140625
0.011923456,10.00213623046875,9.98687744140625
0.01192448,10.01739501953125,9.98687744140625
0.011925504,9.979248046875,9.98687744140625
0.011926528,9.9945068359375,9.98687744140625
0.011927552,10.009765625,9.98687744140625
0.011928576,9.9945068359375,9.98687744140625
0.0119296,10.00213623046875,9.98687744140625
0.011930624,10.009765625,9.98687744140625
0.011931648,9.97161865234375,9.98687744140625
0.011932672,10.009765625,9.98687744140625
0.011933696,9.95635986328125,9.98687744140625
0.01193472,9.9945068359375,9.98687744140625
0.011935744,9.97161865234375,9.98687744140625
0.011936768,9.97161865234375,9.98687744140625
0.011937792,9.979248046875,9.98687744140625
0.011938816,9.979248046875,9.98687744140625
0.01193984,9.98687744140625,9.98687744140625
0.011940864,10.00213623046875,9.98687744140625
0.011941888,9.98687744140625,9.98687744140625
0.011942912,10.01739501953125,9.98687744140625
0.011943936,9.979248046875,9.98687744140625
0.01194496,10.00213623046875,9.98687744140625
0.011945984,10.009765625,9.98687744140625
0.011947008,9.97161865234375,9.98687744140625
0.011948032,9.98687744140625,9.98687744140625
0.011949056,10.009765625,9.98687744140625
0.01195008,9.979248046875,9.98687744140625
0.011951104,9.9945068359375,9.98687744140625
0.011952128,9.9945068359375,9.98687744140625
0.011953152,9.97161865234375,9.98687744140625
0.011954176,9.98687744140625,9.98687744140625
0.0119552,9.97161865234375,9.98687744140625
0.011956224,9.97161865234375,9.98687744140625
0.011957248,10.00213623046875,9.98687744140625
0.011958272,10.00213623046875,9.98687744140625
0.011959296,10.009765625,9.98687744140625
0.01196032,9.9639892578125,9.98687744140625
0.011961344,10.009765625,9.98687744140625
0.011962368,9.98687744140625,9.98687744140625
0.011963392,9.9945068359375,9.98687744140625
0.011964416,10.00213623046875,9.98687744140625
0.01196544,10.0250244140625,9.98687744140625
0.011966464,9.9945068359375,9.98687744140625
0.011967488,10.009765625,9.98687744140625
0.011968512,9.97161865234375,9.98687744140625
0.011969536,10.00213623046875,9.98687744140625
0.01197056,9.98687744140625,9.9945068359375
0.011971584,9.979248046875,9.98687744140625
0.011972608,9.95635986328125,9.98687744140625
0.011973632,10.00213623046875,9.98687744140625
0.011974656,9.94873046875,9.98687744140625
0.01197568,10.00213623046875,9.98687744140625
0.011976704,10.00213623046875,9.98687744140625
0.011977728,10.009765625,9.98687744140625
0.011978752,9.9945068359375,9.98687744140625
0.011979776,10.01739501953125,9.98687744140625
0.0119808,9.98687744140625,9.98687744140625
0.011981824,10.01739501953125,9.98687744140625
0.011982848,9.979248046875,9.98687744140625
0.011983872,10.00213623046875,9.98687744140625
0.011984896,10.00213623046875,9.98687744140625
0.01198592,9.94873046875,9.98687744140625
0.011986944,10.01739501953125,9.98687744140625
0.011987968,9.95635986328125,9.98687744140625
0.011988992,9.9945068359375,9.98687744140625
0.011990016,9.979248046875,9.98687744140625
0.01199104,9.979248046875,9.98687744140625
0.011992064,10.00213623046875,9.98687744140625
0.011993088,9.97161865234375,9.98687744140625
0.011994112,10.03265380859375,9.98687744140625
0.011995136,9.98687744140625,9.98687744140625
0.01199616,9.9945068359375,9.98687744140625
0.011997184,10.0250244140625,9.98687744140625
0.011998208,9.98687744140625,9.98687744140625
0.011999232,9.9945068359375,9.98687744140625
0.012000256,10.00213623046875,9.98687744140625
0.01200128,10.00213623046875,9.98687744140625
0.012002304,10.009765625,9.98687744140625
0.012003328,9.9639892578125,9.98687744140625
0.012004352,9.9945068359375,9.98687744140625
0.012005376,9.95635986328125,9.98687744140625
0.0120064,9.98687744140625,9.98687744140625
0.012007424,9.979248046875,9.98687744140625
0.012008448,9.979248046875,9.98687744140625
0.012009472,9.9945068359375,9.98687744140625
0.012010496,10.00213623046875,9.98687744140625
0.01201152,9.98687744140625,9.98687744140625
0.012012544,10.009765625,9.98687744140625
0.012013568,9.97161865234375,9.98687744140625
0.012014592,10.009765625,9.98687744140625
0.012015616,9.98687744140625,9.98687744140625
0.01201664,10.01739501953125,9.98687744140625
0.012017664,9.979248046875,9.98687744140625
0.012018688,10.00213623046875,9.98687744140625
0.012019712,10.01739501953125,9.98687744140625
0.012020736,9.979248046875,9.98687744140625
0.01202176,9.9945068359375,9.98687744140625
0.012022784,9.9945068359375,9.98687744140625
0.012023808,9.98687744140625,9.98687744140625
0.012024832,9.97161865234375,9.98687744140625
0.012025856,9.97161865234375,9.98687744140625
0.01202688,9.979248046875,9.98687744140625
0.012027904,9.98687744140625,9.98687744140625
0.012028928,9.98687744140625,9.98687744140625
0.012029952,9.9945068359375,9.98687744140625
0.012030976,10.00213623046875,9.98687744140625
0.012032,9.98687744140625,9.98687744140625
0.012033024,10.01739501953125,9.98687744140625
0.012034048,9.9945068359375,9.98687744140625
0.012035072,10.00213623046875,9.98687744140625
0.012036096,9.98687744140625,9.98687744140625
0.01203712,10.01739501953125,9.98687744140625
0.012038144,9.97161865234375,9.98687744140625
0.012039168,9.98687744140625,9.98687744140625
0.012040192,9.979248046875,9.98687744140625
0.012041216,9.979248046875,9.98687744140625
0.01204224,9.9639892578125,9.98687744140625
0.012043264,9.9945068359375,9.98687744140625
0.012044288,9.9945068359375,9.98687744140625
0.012045312,10.009765625,9.98687744140625
0.012046336,9.9945068359375,9.98687744140625
0.01204736,9.9945068359375,9.98687744140625
0.012048384,9.9945068359375,9.98687744140625
0.012049408,10.009765625,9.98687744140625
0.012050432,9.979248046875,9.98687744140625
0.012051456,10.01739501953125,9.9945068359375
0.01205248,10.009765625,9.98687744140625
0.012053504,9.9945068359375,9.98687744140625
0.012054528,10.01739501953125,9.98687744140625
0.012055552,9.98687744140625,9.98687744140625
0.012056576,9.98687744140625,9.98687744140625
0.0120576,9.979248046875,9.98687744140625
0.012058624,9.979248046875,9.98687744140625
0.012059648,9.97161865234375,9.98687744140625
0.012060672,9.98687744140625,9.98687744140625
0.012061696,9.979248046875,9.98687744140625
0.01206272,9.9945068359375,9.98687744140625
0.012063744,9.98687744140625,9.98687744140625
0.012064768,10.01739501953125,9.98687744140625
0.012065792,9.98687744140625,9.98687744140625
0.012066816,10.01739501953125,9.98687744140625
0.01206784,9.98687744140625,9.98687744140625
0.012068864,10.009765625,9.98687744140625
0.012069888,9.979248046875,9.98687744140625
0.012070912,9.9945068359375,9.98687744140625
0.012071936,10.00213623046875,9.98687744140625
0.01207296,9.97161865234375,9.98687744140625
0.012073984,9.979248046875,9.98687744140625
0.012075008,9.979248046875,9.98687744140625
0.012076032,9.9639892578125,9.98687744140625
0.012077056,10.009765625,9.98687744140625
0.01207808,9.95635986328125,9.98687744140625
0.012079104,10.00213623046875,9.98687744140625
0.012080128,10.009765625,9.98687744140625
0.012081152,9.979248046875,9.98687744140625
0.012082176,10.009765625,9.98687744140625
0.0120832,9.9945068359375,9.98687744140625
0.012084224,10.00213623046875,9.98687744140625
0.012085248,9.979248046875,9.98687744140625
0.012086272,10.00213623046875,9.98687744140625
0.012087296,9.97161865234375,9.98687744140625
0.01208832,9.98687744140625,9.98687744140625
0.012089344,10.009765625,9.98687744140625
0.012090368,10.00213623046875,9.98687744140625
0.012091392,9.9639892578125,9.98687744140625
0.012092416,9.979248046875,9.98687744140625
0.01209344,9.94873046875,9.98687744140625
0.012094464,9.979248046875,9.98687744140625
0.012095488,9.97161865234375,9.98687744140625
0.012096512,9.9945068359375,9.98687744140625
0.012097536,10.01739501953125,9.98687744140625
0.01209856,9.97161865234375,9.98687744140625
0.012099584,9.98687744140625,9.98687744140625
0.012100608,10.009765625,9.98687744140625
0.012101632,9.97161865234375,9.98687744140625
0.012102656,10.00213623046875,9.98687744140625
0.01210368,10.00213623046875,9.98687744140625
0.012104704,9.98687744140625,9.98687744140625
0.012105728,9.9945068359375,9.98687744140625
0.012106752,10.00213623046875,9.98687744140625
0.012107776,9.9945068359375,9.98687744140625
0.0121088,9.9945068359375,9.98687744140625
0.012109824,9.9945068359375,9.98687744140625
0.012110848,9.979248046875,9.98687744140625
0.012111872,9.9945068359375,9.98687744140625
0.012112896,9.97161865234375,9.98687744140625
0.01211392,9.9639892578125,9.98687744140625
0.012114944,10.00213623046875,9.98687744140625
0.012115968,9.94873046875,9.98687744140625
0.012116992,10.00213623046875,9.98687744140625
0.012118016,9.9639892578125,9.98687744140625
0.01211904,10.0250244140625,9.98687744140625
0.012120064,9.98687744140625,9.98687744140625
0.012121088,9.9945068359375,9.98687744140625
0.012122112,10.01739501953125,9.98687744140625
0.012123136,9.979248046875,9.98687744140625
0.01212416,10.00213623046875,9.98687744140625
0.012125184,9.9639892578125,9.98687744140625
0.012126208,10.00213623046875,9.98687744140625
0.012127232,9.95635986328125,9.98687744140625
0.012128256,9.9945068359375,9.98687744140625
0.01212928,9.97161865234375,9.98687744140625
0.012130304,9.979248046875,9.98687744140625
0.012131328,9.98687744140625,9.98687744140625
0.012132352,9.979248046875,9.98687744140625
0.012133376,10.00213623046875,9.98687744140625
0.0121344,10.01739501953125,9.98687744140625
0.012135424,10.00213623046875,9.98687744140625
0.012136448,9.9945068359375,9.98687744140625
0.012137472,9.9945068359375,9.98687744140625
0.012138496,9.98687744140625,9.98687744140625
0.01213952,9.9945068359375,9.98687744140625
0.012140544,10.009765625,9.98687744140625
0.012141568,9.98687744140625,9.98687744140625
0.012142592,10.01739501953125,9.98687744140625
0.012143616,9.97161865234375,9.98687744140625
0.01214464,9.98687744140625,9.98687744140625
0.012145664,9.979248046875,9.98687744140625
0.012146688,9.97161865234375,9.98687744140625
0.012147712,10.00213623046875,9.98687744140625
0.012148736,9.979248046875,9.98687744140625
0.01214976,9.98687744140625,9.98687744140625
0.012150784,9.979248046875,9.98687744140625
0.012151808,9.9945068359375,9.98687744140625
0.012152832,10.00213623046875,9.98687744140625
0.012153856,10.01739501953125,9.98687744140625
0.01215488,9.9945068359375,9.98687744140625
0.012155904,10.01739501953125,9.98687744140625
0.012156928,9.9945068359375,9.98687744140625
0.012157952,10.01739501953125,9.98687744140625
0.012158976,9.97161865234375,9.98687744140625
0.01216,9.9945068359375,9.98687744140625
0.012161024,9.979248046875,9.98687744140625
0.012162048,9.97161865234375,9.98687744140625
0.012163072,9.9639892578125,9.98687744140625
0.012164096,9.9945068359375,9.98687744140625
0.01216512,9.979248046875,9.98687744140625
0.012166144,9.98687744140625,9.98687744140625
0.012167168,9.9945068359375,9.98687744140625
0.012168192,10.01739501953125,9.98687744140625
0.012169216,9.98687744140625,9.98687744140625
0.01217024,10.0250244140625,9.98687744140625
0.012171264,10.00213623046875,9.98687744140625
0.012172288,9.9945068359375,9.98687744140625
0.012173312,10.009765625,9.98687744140625
0.012174336,9.9639892578125,9.98687744140625
0.01217536,10.00213623046875,9.98687744140625
0.012176384,9.9639892578125,9.98687744140625
0.012177408,10.0250244140625,9.98687744140625
0.012178432,9.979248046875,9.98687744140625
0.012179456,9.979248046875,9.98687744140625
0.01218048,9.95635986328125,9.98687744140625
0.012181504,9.979248046875,9.98687744140625
0.012182528,9.9639892578125,9.98687744140625
0.012183552,10.009765625,9.98687744140625
0.012184576,9.98687744140625,9.98687744140625
0.0121856,10.00213623046875,9.98687744140625
0.012186624,10.0250244140625,9.98687744140625
0.012187648,9.98687744140625,9.98687744140625
0.012188672,10.00213623046875,9.98687744140625
0.012189696,10.01739501953125,9.98687744140625
0.01219072,9.979248046875,9.98687744140625
0.012191744,10.00213623046875,9.98687744140625
0.012192768,9.979248046875,9.98687744140625
0.012193792,9.98687744140625,9.98687744140625
0.012194816,9.9945068359375,9.98687744140625
0.01219584,9.98687744140625,9.98687744140625
0.012196864,9.98687744140625,9.98687744140625
0.012197888,9.98687744140625,9.98687744140625
0.012198912,9.97161865234375,9.98687744140625
0.012199936,9.979248046875,9.98687744140625
0.01220096,9.979248046875,9.98687744140625
0.012201984,9.98687744140625,9.98687744140625
0.012203008,9.9945068359375,9.98687744140625
0.012204032,10.00213623046875,9.98687744140625
0.012205056,9.9945068359375,9.98687744140625
0.01220608,10.00213623046875,9.98687744140625
0.012207104,9.9945068359375,9.98687744140625
0.012208128,10.01739501953125,9.98687744140625
0.012209152,9.979248046875,9.98687744140625
0.012210176,9.9945068359375,9.98687744140625
0.0122112,9.9945068359375,9.98687744140625
0.012212224,9.98687744140625,9.98687744140625
0.012213248,9.979248046875,9.98687744140625
0.012214272,9.97161865234375,9.98687744140625
0.012215296,9.979248046875,9.98687744140625
0.01221632,9.97161865234375,9.98687744140625
0.012217344,9.98687744140625,9.98687744140625
0.012218368,9.9945068359375,9.98687744140625
0.012219392,10.009765625,9.98687744140625
0.012220416,9.9945068359375,9.98687744140625
0.01222144,10.03265380859375,9.98687744140625
0.012222464,9.9945068359375,9.98687744140625
0.012223488,9.9945068359375,9.98687744140625
0.012224512,9.98687744140625,9.98687744140625
0.012225536,9.9945068359375,9.98687744140625
0.01222656,9.98687744140625,9.98687744140625
0.012227584,10.00213623046875,9.98687744140625
0.012228608,9.9945068359375,9.98687744140625
0.012229632,9.98687744140625,9.98687744140625
0.012230656,9.9945068359375,9.98687744140625
0.01223168,9.979248046875,9.98687744140625
0.012232704,9.97161865234375,9.98687744140625
0.012233728,9.98687744140625,9.98687744140625
0.012234752,9.9945068359375,9.98687744140625
0.012235776,10.01739501953125,9.98687744140625
0.0122368,9.979248046875,9.9945068359375
0.012237824,10.009765625,9.98687744140625
0.012238848,9.98687744140625,9.98687744140625
0.012239872,10.00213623046875,9.98687744140625
0.012240896,9.98687744140625,9.98687744140625
0.01224192,10.00213623046875,9.98687744140625
0.012242944,10.01739501953125,9.98687744140625
0.012243968,9.9639892578125,9.98687744140625
0.012244992,10.03265380859375,9.98687744140625
0.012246016,9.94110107421875,9.98687744140625
0.01224704,9.979248046875,9.98687744140625
0.012248064,9.9639892578125,9.98687744140625
0.012249088,9.9945068359375,9.98687744140625
0.012250112,9.97161865234375,9.98687744140625
0.012251136,9.979248046875,9.98687744140625
0.01225216,9.98687744140625,9.98687744140625
0.012253184,9.9945068359375,9.98687744140625
0.012254208,10.00213623046875,9.98687744140625
0.012255232,10.009765625,9.98687744140625
0.012256256,9.97161865234375,9.98687744140625
0.01225728,10.009765625,9.98687744140625
0.012258304,9.979248046875,9.98687744140625
0.012259328,10.00213623046875,9.98687744140625
0.012260352,9.9639892578125,9.98687744140625
0.012261376,10.009765625,9.98687744140625
0.0122624,9.9639892578125,9.98687744140625
0.012263424,9.9945068359375,9.98687744140625
0.012264448,9.9945068359375,9.98687744140625
0.012265472,9.9945068359375,9.98687744140625
0.012266496,9.98687744140625,9.98687744140625
0.01226752,9.9639892578125,9.98687744140625
0.012268544,9.9945068359375,9.98687744140625
0.012269568,9.97161865234375,9.98687744140625
0.012270592,10.0250244140625,9.98687744140625
0.012271616,9.98687744140625,9.98687744140625
0.01227264,10.00213623046875,9.98687744140625
0.012273664,10.0250244140625,9.98687744140625
0.012274688,9.98687744140625,9.98687744140625
0.012275712,10.00213623046875,9.98687744140625
0.012276736,9.9945068359375,9.98687744140625
0.01227776,10.009765625,9.98687744140625
0.012278784,9.9639892578125,9.98687744140625
0.012279808,10.01739501953125,9.98687744140625
0.012280832,9.9639892578125,9.98687744140625
0.012281856,9.9945068359375,9.98687744140625
0.01228288,9.97161865234375,9.98687744140625
0.012283904,9.97161865234375,9.98687744140625
0.012284928,10.01739501953125,9.98687744140625
0.012285952,9.95635986328125,9.98687744140625
0.012286976,10.009765625,9.98687744140625
0.012288,9.979248046875,9.98687744140625
0.012289024,9.98687744140625,9.98687744140625
0.012290048,9.9945068359375,9.98687744140625
0.012291072,10.009765625,9.98687744140625
0.012292096,9.979248046875,9.98687744140625
0.01229312,10.00213623046875,9.98687744140625
0.012294144,9.97161865234375,9.98687744140625
0.012295168,10.00213623046875,9.98687744140625
0.012296192,9.97161865234375,9.98687744140625
0.012297216,10.01739501953125,9.98687744140625
0.01229824,9.95635986328125,9.98687744140625
0.012299264,9.9945068359375,9.98687744140625
0.012300288,10.00213623046875,9.98687744140625
0.012301312,9.95635986328125,9.98687744140625
0.012302336,9.9945068359375,9.98687744140625
0.01230336,9.9945068359375,9.98687744140625
0.012304384,9.9945068359375,9.98687744140625
0.012305408,10.00213623046875,9.98687744140625
0.012306432,9.97161865234375,9.98687744140625
0.012307456,10.0250244140625,9.98687744140625
0.01230848,9.979248046875,9.98687744140625
0.012309504,10.0250244140625,9.98687744140625
0.012310528,9.9945068359375,9.98687744140625
0.012311552,10.00213623046875,9.98687744140625
0.012312576,9.9639892578125,9.98687744140625
0.0123136,9.9945068359375,9.98687744140625
0.012314624,9.979248046875,9.98687744140625
0.012315648,9.979248046875,9.98687744140625
0.012316672,9.979248046875,9.98687744140625
0.012317696,9.979248046875,9.98687744140625
0.01231872,9.9945068359375,9.98687744140625
0.012319744,9.979248046875,9.98687744140625
0.012320768,9.979248046875,9.98687744140625
0.012321792,9.98687744140625,9.98687744140625
0.012322816,10.01739501953125,9.98687744140625
0.01232384,9.97161865234375,9.98687744140625
0.012324864,10.04791259765625,9.98687744140625
0.012325888,9.97161865234375,9.98687744140625
0.012326912,10.009765625,9.98687744140625
0.012327936,9.979248046875,9.98687744140625
0.01232896,10.009765625,9.98687744140625
0.012329984,9.979248046875,9.98687744140625
0.012331008,10.00213623046875,9.98687744140625
0.012332032,9.97161865234375,9.98687744140625
0.012333056,9.97161865234375,9.98687744140625
0.01233408,9.98687744140625,9.98687744140625
0.012335104,9.9639892578125,9.98687744140625
0.012336128,10.00213623046875,9.98687744140625
0.012337152,9.97161865234375,9.98687744140625
0.012338176,9.98687744140625,9.98687744140625
0.0123392,9.9945068359375,9.98687744140625
0.012340224,9.9945068359375,9.98687744140625
0.012341248,10.009765625,9.98687744140625
0.012342272,9.97161865234375,9.98687744140625
0.012343296,10.009765625,9.98687744140625
0.01234432,9.97161865234375,9.98687744140625
0.012345344,10.00213623046875,9.98687744140625
0.012346368,10.009765625,9.98687744140625
0.012347392,9.979248046875,9.98687744140625
0.012348416,9.979248046875,9.98687744140625
0.01234944,9.9639892578125,9.98687744140625
0.012350464,9.98687744140625,9.98687744140625
0.012351488,9.97161865234375,9.98687744140625
0.012352512,9.98687744140625,9.98687744140625
0.012353536,10.00213623046875,9.98687744140625
0.01235456,10.009765625,9.98687744140625
0.012355584,9.95635986328125,9.98687744140625
0.012356608,10.009765625,9.98687744140625
0.012357632,9.98687744140625,9.98687744140625
0.012358656,10.009765625,9.98687744140625
0.01235968,9.9945068359375,9.98687744140625
0.012360704,9.9945068359375,9.98687744140625
0.012361728,10.00213623046875,9.98687744140625
0.012362752,10.00213623046875,9.98687744140625
0.012363776,9.98687744140625,9.98687744140625
0.0123648,9.98687744140625,9.98687744140625
0.012365824,9.98687744140625,9.98687744140625
0.012366848,9.9639892578125,9.98687744140625
0.012367872,9.9945068359375,9.98687744140625
0.012368896,9.98687744140625,9.98687744140625
0.01236992,9.97161865234375,9.98687744140625
0.012370944,10.009765625,9.98687744140625
0.012371968,9.97161865234375,9.98687744140625
0.012372992,10.03265380859375,9.98687744140625
0.012374016,9.97161865234375,9.98687744140625
0.01237504,10.009765625,9.98687744140625
0.012376064,9.979248046875,9.98687744140625
0.012377088,10.009765625,9.98687744140625
0.012378112,9.97161865234375,9.98687744140625
0.012379136,10.01739501953125,9.98687744140625
0.01238016,9.9639892578125,9.98687744140625
0.012381184,9.9945068359375,9.98687744140625
0.012382208,9.97161865234375,9.98687744140625
0.012383232,10.00213623046875,9.98687744140625
0.012384256,9.94110107421875,9.98687744140625
0.01238528,9.97161865234375,9.98687744140625
0.012386304,10.0250244140625,9.98687744140625
0.012387328,9.9639892578125,9.98687744140625
0.012388352,10.0250244140625,9.98687744140625
0.012389376,9.98687744140625,9.98687744140625
0.0123904,10.009765625,9.98687744140625
0.012391424,9.98687744140625,9.98687744140625
0.012392448,10.009765625,9.98687744140625
0.012393472,9.979248046875,9.98687744140625
0.012394496,9.9945068359375,9.98687744140625
0.01239552,10.0250244140625,9.98687744140625
0.012396544,9.98687744140625,9.98687744140625
0.012397568,10.00213623046875,9.98687744140625
0.012398592,9.95635986328125,9.98687744140625
0.012399616,9.979248046875,9.98687744140625
0.01240064,9.95635986328125,9.98687744140625
0.012401664,9.9945068359375,9.98687744140625
0.012402688,9.979248046875,9.98687744140625
0.012403712,9.98687744140625,9.98687744140625
0.012404736,9.98687744140625,9.98687744140625
0.01240576,10.00213623046875,9.98687744140625
0.012406784,10.009765625,9.98687744140625
0.012407808,9.979248046875,9.98687744140625
0.012408832,10.009765625,9.98687744140625
0.012409856,9.979248046875,9.98687744140625
0.01241088,9.9945068359375,9.98687744140625
0.012411904,10.009765625,9.98687744140625
0.012412928,9.979248046875,9.98687744140625
0.012413952,9.98687744140625,9.98687744140625
0.012414976,9.98687744140625,9.98687744140625
0.012416,9.9945068359375,9.98687744140625
0.012417024,9.97161865234375,9.98687744140625
0.012418048,9.9945068359375,9.98687744140625
0.012419072,9.979248046875,9.98687744140625
0.012420096,9.97161865234375,9.98687744140625
0.01242112,10.00213623046875,9.98687744140625
0.012422144,10.009765625,9.98687744140625
0.012423168,9.95635986328125,9.98687744140625
0.012424192,10.0250244140625,9.98687744140625
0.012425216,9.979248046875,9.98687744140625
0.01242624,10.009765625,9.98687744140625
0.012427264,9.979248046875,9.98687744140625
0.012428288,10.009765625,9.98687744140625
0.012429312,9.97161865234375,9.98687744140625
0.012430336,10.01739501953125,9.9945068359375
0.01243136,9.9639892578125,9.98687744140625
0.012432384,9.9945068359375,9.98687744140625
0.012433408,9.97161865234375,9.98687744140625
0.012434432,9.9945068359375,9.98687744140625
0.012435456,9.979248046875,9.98687744140625
0.01243648,9.979248046875,9.98687744140625
0.012437504,9.98687744140625,9.98687744140625
0.012438528,9.9945068359375,9.98687744140625
0.012439552,10.01739501953125,9.98687744140625
0.012440576,9.9945068359375,9.98687744140625
0.0124416,10.01739501953125,9.98687744140625
0.012442624,9.95635986328125,9.98687744140625
0.012443648,10.03265380859375,9.98687744140625
0.012444672,9.979248046875,9.98687744140625
0.012445696,9.9945068359375,9.98687744140625
0.01244672,9.979248046875,9.98687744140625
0.012447744,9.97161865234375,9.98687744140625
0.012448768,9.98687744140625,9.98687744140625
0.012449792,9.9639892578125,9.98687744140625
0.012450816,9.9945068359375,9.98687744140625
0.01245184,9.97161865234375,9.98687744140625
0.012452864,10.01739501953125,9.98687744140625
0.012453888,9.95635986328125,9.98687744140625
0.012454912,10.03265380859375,9.98687744140625
0.012455936,9.98687744140625,9.98687744140625
0.01245696,10.01739501953125,9.98687744140625
0.012457984,9.9945068359375,9.98687744140625
0.012459008,10.00213623046875,9.98687744140625
0.012460032,10.03265380859375,9.98687744140625
0.012461056,9.979248046875,9.98687744140625
0.01246208,9.98687744140625,9.98687744140625
0.012463104,10.00213623046875,9.98687744140625
0.012464128,9.95635986328125,9.98687744140625
0.012465152,9.979248046875,9.98687744140625
0.012466176,9.95635986328125,9.98687744140625
0.0124672,9.979248046875,9.98687744140625
0.012468224,9.97161865234375,9.98687744140625
0.012469248,10.009765625,9.98687744140625
0.012470272,9.979248046875,9.98687744140625
0.012471296,10.009765625,9.98687744140625
0.01247232,9.9945068359375,9.98687744140625
0.012473344,10.009765625,9.98687744140625
0.012474368,9.98687744140625,9.98687744140625
0.012475392,10.01739501953125,9.98687744140625
0.012476416,9.98687744140625,9.98687744140625
0.01247744,9.9945068359375,9.98687744140625
0.012478464,9.9945068359375,9.98687744140625
0.012479488,9.9945068359375,9.98687744140625
0.012480512,9.979248046875,9.98687744140625
0.012481536,9.9639892578125,9.98687744140625
0.01248256,9.979248046875,9.98687744140625
0.012483584,9.98687744140625,9.98687744140625
0.012484608,9.98687744140625,9.98687744140625
0.012485632,9.98687744140625,9.98687744140625
0.012486656,9.979248046875,9.98687744140625
0.01248768,9.9945068359375,9.98687744140625
0.012488704,10.01739501953125,9.98687744140625
0.012489728,9.98687744140625,9.98687744140625
0.012490752,10.01739501953125,9.98687744140625
0.012491776,9.98687744140625,9.98687744140625
0.0124928,10.00213623046875,9.98687744140625
0.012493824,10.00213623046875,9.98687744140625
0.012494848,9.979248046875,9.98687744140625
0.012495872,9.98687744140625,9.98687744140625
0.012496896,10.00213623046875,9.98687744140625
0.01249792,9.98687744140625,9.98687744140625
0.012498944,9.979248046875,9.98687744140625
0.012499968,9.9639892578125,9.98687744140625
0.012500992,9.9945068359375,9.98687744140625
0.012502016,9.97161865234375,9.98687744140625
0.01250304,10.01739501953125,9.98687744140625
0.012504064,9.95635986328125,9.98687744140625
0.012505088,10.00213623046875,9.98687744140625
0.012506112,10.009765625,9.98687744140625
0.012507136,9.979248046875,9.98687744140625
0.01250816,10.00213623046875,9.98687744140625
0.012509184,9.97161865234375,9.98687744140625
0.012510208,10.0250244140625,9.98687744140625
0.012511232,9.979248046875,9.98687744140625
0.012512256,9.98687744140625,9.98687744140625
0.01251328,9.9945068359375,9.98687744140625
0.012514304,9.9945068359375,9.98687744140625
0.012515328,9.98687744140625,9.98687744140625
0.012516352,9.95635986328125,9.98687744140625
0.012517376,9.98687744140625,9.98687744140625
0.0125184,9.97161865234375,9.98687744140625
0.012519424,10.00213623046875,9.98687744140625
0.012520448,9.9945068359375,9.98687744140625
0.012521472,9.98687744140625,9.98687744140625
0.012522496,10.00213623046875,9.98687744140625
0.01252352,9.9945068359375,9.98687744140625
0.012524544,10.00213623046875,9.98687744140625
0.012525568,10.009765625,9.98687744140625
0.012526592,9.979248046875,9.98687744140625
0.012527616,10.00213623046875,9.98687744140625
0.01252864,10.00213623046875,9.98687744140625
0.012529664,10.01739501953125,9.98687744140625
0.012530688,9.98687744140625,9.98687744140625
0.012531712,9.979248046875,9.98687744140625
0.012532736,9.95635986328125,9.98687744140625
0.01253376,9.979248046875,9.98687744140625
0.012534784,9.97161865234375,9.98687744140625
0.012535808,9.97161865234375,9.98687744140625
0.012536832,9.9945068359375,9.98687744140625
0.012537856,9.98687744140625,9.98687744140625
0.01253888,9.98687744140625,9.98687744140625
0.012539904,10.00213623046875,9.98687744140625
0.012540928,10.01739501953125,9.9945068359375
0.012541952,9.98687744140625,9.98687744140625
0.012542976,10.009765625,9.98687744140625
0.012544,9.98687744140625,9.98687744140625
0.012545024,10.009765625,9.98687744140625
0.012546048,9.98687744140625,9.98687744140625
0.012547072,10.00213623046875,9.98687744140625
0.012548096,10.00213623046875,9.98687744140625
0.01254912,9.98687744140625,9.98687744140625
0.012550144,9.9639892578125,9.98687744140625
0.012551168,10.009765625,9.98687744140625
0.012552192,9.94110107421875,9.98687744140625
0.012553216,9.98687744140625,9.98687744140625
0.01255424,9.979248046875,9.98687744140625
0.012555264,9.979248046875,9.98687744140625
0.012556288,9.9945068359375,9.98687744140625
0.012557312,10.009765625,9.98687744140625
0.012558336,9.979248046875,9.98687744140625
0.01255936,10.009765625,9.98687744140625
0.012560384,9.98687744140625,9.98687744140625
0.012561408,10.01739501953125,9.98687744140625
0.012562432,9.98687744140625,9.98687744140625
0.012563456,10.00213623046875,9.98687744140625
0.01256448,10.009765625,9.98687744140625
0.012565504,9.97161865234375,9.98687744140625
0.012566528,10.009765625,9.98687744140625
0.012567552,9.94873046875,9.98687744140625
0.012568576,9.98687744140625,9.98687744140625
0.0125696,9.979248046875,9.98687744140625
0.012570624,9.97161865234375,9.98687744140625
0.012571648,10.009765625,9.98687744140625
0.012572672,9.9639892578125,9.98687744140625
0.012573696,10.0250244140625,9.98687744140625
0.01257472,10.00213623046875,9.98687744140625
0.012575744,10.03265380859375,9.98687744140625
0.012576768,10.01739501953125,9.98687744140625
0.012577792,9.9945068359375,9.98687744140625
0.012578816,10.00213623046875,9.98687744140625
0.01257984,9.9639892578125,9.98687744140625
0.012580864,10.0250244140625,9.98687744140625
0.012581888,9.94873046875,9.98687744140625
0.012582912,9.9945068359375,9.98687744140625
0.012583936,9.979248046875,9.98687744140625
0.01258496,9.9639892578125,9.98687744140625
0.012585984,9.98687744140625,9.98687744140625
0.012587008,9.979248046875,9.98687744140625
0.012588032,9.9945068359375,9.98687744140625
0.012589056,10.009765625,9.98687744140625
0.01259008,9.9945068359375,9.98687744140625
0.012591104,10.01739501953125,9.98687744140625
0.012592128,9.9945068359375,9.98687744140625
0.012593152,10.0250244140625,9.98687744140625
0.012594176,9.98687744140625,9.98687744140625
0.0125952,10.00213623046875,9.98687744140625
0.012596224,9.979248046875,9.98687744140625
0.012597248,10.00213623046875,9.98687744140625
0.012598272,9.98687744140625,9.98687744140625
0.012599296,9.9639892578125,9.98687744140625
0.01260032,9.98687744140625,9.98687744140625
0.012601344,9.979248046875,9.98687744140625
0.012602368,9.97161865234375,9.98687744140625
0.012603392,10.01739501953125,9.98687744140625
0.012604416,9.97161865234375,9.98687744140625
0.01260544,10.040283203125,9.98687744140625
0.012606464,9.9639892578125,9.98687744140625
0.012607488,10.040283203125,9.98687744140625
0.012608512,9.97161865234375,9.98687744140625
0.012609536,10.01739501953125,9.98687744140625
0.01261056,9.9945068359375,9.98687744140625
0.012611584,9.9945068359375,9.98687744140625
0.012612608,9.9945068359375,9.98687744140625
0.012613632,9.98687744140625,9.98687744140625
0.012614656,9.97161865234375,9.98687744140625
0.01261568,9.98687744140625,9.98687744140625
0.012616704,9.979248046875,9.98687744140625
0.012617728,9.95635986328125,9.98687744140625
0.012618752,10.009765625,9.98687744140625
0.012619776,9.9639892578125,9.98687744140625
0.0126208,10.03265380859375,9.98687744140625
0.012621824,9.98687744140625,9.98687744140625
0.012622848,10.009765625,9.98687744140625
0.012623872,9.97161865234375,9.98687744140625
0.012624896,10.009765625,9.98687744140625
0.01262592,9.97161865234375,9.98687744140625
0.012626944,9.979248046875,9.98687744140625
0.012627968,9.9945068359375,9.98687744140625
0.012628992,10.009765625,9.98687744140625
0.012630016,9.94873046875,9.98687744140625
0.01263104,9.9945068359375,9.98687744140625
0.012632064,9.97161865234375,9.98687744140625
0.012633088,9.97161865234375,9.98687744140625
0.012634112,10.00213623046875,9.98687744140625
0.012635136,9.9945068359375,9.98687744140625
0.01263616,9.9945068359375,9.98687744140625
0.012637184,10.009765625,9.98687744140625
0.012638208,9.98687744140625,9.98687744140625
0.012639232,10.009765625,9.98687744140625
0.012640256,9.98687744140625,9.98687744140625
0.01264128,10.009765625,9.98687744140625
0.012642304,9.98687744140625,9.98687744140625
0.012643328,9.9945068359375,9.98687744140625
0.012644352,9.979248046875,9.98687744140625
0.012645376,9.97161865234375,9.98687744140625
0.0126464,9.9639892578125,9.98687744140625
0.012647424,9.9945068359375,9.98687744140625
0.012648448,9.979248046875,9.98687744140625
0.012649472,9.979248046875,9.98687744140625
0.012650496,9.98687744140625,9.98687744140625
0.01265152,10.009765625,9.98687744140625
0.012652544,9.979248046875,9.98687744140625
0.012653568,10.01739501953125,9.98687744140625
0.012654592,9.98687744140625,9.98687744140625
0.012655616,10.009765625,9.98687744140625
0.01265664,9.97161865234375,9.98687744140625
0.012657664,10.0250244140625,9.98687744140625
0.012658688,9.979248046875,9.98687744140625
0.012659712,9.98687744140625,9.98687744140625
0.012660736,9.9945068359375,9.98687744140625
0.01266176,9.979248046875,9.98687744140625
0.012662784,9.979248046875,9.9945068359375
0.012663808,9.97161865234375,9.98687744140625
0.012664832,10.009765625,9.98687744140625
0.012665856,9.9639892578125,9.98687744140625
0.01266688,10.03265380859375,9.98687744140625
0.012667904,10.009765625,9.98687744140625
0.012668928,9.979248046875,9.98687744140625
0.012669952,9.98687744140625,9.98687744140625
0.012670976,10.00213623046875,9.98687744140625
0.012672,10.01739501953125,9.9945068359375
0.012673024,9.98687744140625,9.98687744140625
0.012674048,9.98687744140625,9.98687744140625
0.012675072,10.00213623046875,9.98687744140625
0.012676096,9.9945068359375,9.98687744140625
0.01267712,9.979248046875,9.98687744140625
0.012678144,9.9639892578125,9.98687744140625
0.012679168,9.9945068359375,9.98687744140625
0.012680192,9.98687744140625,9.98687744140625
0.012681216,10.00213623046875,9.98687744140625
0.01268224,9.98687744140625,9.98687744140625
0.012683264,10.009765625,9.98687744140625
0.012684288,9.98687744140625,9.98687744140625
0.012685312,10.01739501953125,9.98687744140625
0.012686336,9.979248046875,9.98687744140625
0.01268736,10.009765625,9.98687744140625
0.012688384,9.979248046875,9.98687744140625
0.012689408,10.00213623046875,9.98687744140625
0.012690432,9.98687744140625,9.98687744140625
0.012691456,9.9945068359375,9.98687744140625
0.01269248,9.97161865234375,9.98687744140625
0.012693504,9.9639892578125,9.98687744140625
0.012694528,9.98687744140625,9.98687744140625
0.012695552,9.979248046875,9.98687744140625
0.012696576,9.97161865234375,9.98687744140625
0.0126976,10.00213623046875,9.98687744140625
0.012698624,9.95635986328125,9.98687744140625
0.012699648,10.0250244140625,9.98687744140625
0.012700672,9.979248046875,9.98687744140625
0.012701696,10.009765625,9.98687744140625
0.01270272,9.98687744140625,9.98687744140625
0.012703744,10.009765625,9.9945068359375
0.012704768,9.97161865234375,9.98687744140625
0.012705792,10.00213623046875,9.98687744140625
0.012706816,9.9945068359375,9.98687744140625
0.01270784,9.979248046875,9.98687744140625
0.012708864,9.97161865234375,9.98687744140625
0.012709888,9.9945068359375,9.98687744140625
0.012710912,9.97161865234375,9.98687744140625
0.012711936,10.01739501953125,9.98687744140625
0.01271296,9.98687744140625,9.98687744140625
0.012713984,9.9945068359375,9.98687744140625
0.012715008,9.98687744140625,9.98687744140625
0.012716032,9.98687744140625,9.98687744140625
0.012717056,9.9945068359375,9.98687744140625
0.01271808,10.009765625,9.98687744140625
0.012719104,9.97161865234375,9.98687744140625
0.012720128,10.01739501953125,9.98687744140625
0.012721152,9.979248046875,9.98687744140625
0.012722176,10.00213623046875,9.98687744140625
0.0127232,9.98687744140625,9.98687744140625
0.012724224,9.979248046875,9.98687744140625
0.012725248,9.979248046875,9.98687744140625
0.012726272,9.97161865234375,9.98687744140625
0.012727296,10.00213623046875,9.98687744140625
0.01272832,9.98687744140625,9.98687744140625
0.012729344,9.979248046875,9.98687744140625
0.012730368,10.00213623046875,9.98687744140625
0.012731392,9.98687744140625,9.98687744140625
0.012732416,10.009765625,9.98687744140625
0.01273344,10.00213623046875,9.98687744140625
0.012734464,10.0250244140625,9.98687744140625
0.012735488,9.9945068359375,9.98687744140625
0.012736512,10.01739501953125,9.98687744140625
0.012737536,9.979248046875,9.98687744140625
0.01273856,10.009765625,9.98687744140625
0.012739584,9.97161865234375,9.98687744140625
0.012740608,10.01739501953125,9.98687744140625
0.012741632,9.9639892578125,9.98687744140625
0.012742656,9.9945068359375,9.98687744140625
0.01274368,9.97161865234375,9.98687744140625
0.012744704,9.98687744140625,9.98687744140625
0.012745728,9.98687744140625,9.98687744140625
0.012746752,9.9945068359375,9.98687744140625
0.012747776,10.00213623046875,9.98687744140625
0.0127488,9.979248046875,9.98687744140625
0.012749824,10.00213623046875,9.98687744140625
0.012750848,10.01739501953125,9.98687744140625
0.012751872,9.979248046875,9.98687744140625
0.012752896,9.9945068359375,9.98687744140625
0.01275392,10.009765625,9.98687744140625
0.012754944,9.97161865234375,9.9945068359375
0.012755968,10.009765625,9.98687744140625
0.012756992,9.9945068359375,9.9945068359375
0.012758016,10.00213623046875,9.98687744140625
0.01275904,9.979248046875,9.98687744140625
0.012760064,9.979248046875,9.98687744140625
0.012761088,9.97161865234375,9.98687744140625
0.012762112,10.00213623046875,9.98687744140625
0.012763136,9.98687744140625,9.98687744140625
0.01276416,9.979248046875,9.98687744140625
0.012765184,9.9945068359375,9.98687744140625
0.012766208,10.00213623046875,9.98687744140625
0.012767232,9.9945068359375,9.98687744140625
0.012768256,9.9945068359375,9.98687744140625
0.01276928,10.009765625,9.98687744140625
0.012770304,9.979248046875,9.98687744140625
0.012771328,10.00213623046875,9.98687744140625
0.012772352,9.98687744140625,9.98687744140625
0.012773376,10.01739501953125,9.98687744140625
0.0127744,9.94873046875,9.98687744140625
0.012775424,10.00213623046875,9.98687744140625
0.012776448,9.979248046875,9.98687744140625
0.012777472,9.97161865234375,9.98687744140625
0.012778496,9.98687744140625,9.98687744140625
0.01277952,9.98687744140625,9.98687744140625
0.012780544,9.98687744140625,9.98687744140625
0.012781568,10.00213623046875,9.98687744140625
0.012782592,9.9639892578125,9.98687744140625
0.012783616,10.009765625,9.98687744140625
0.01278464,9.9945068359375,9.98687744140625
0.012785664,10.009765625,9.98687744140625
0.012786688,9.98687744140625,9.98687744140625
0.012787712,10.00213623046875,9.98687744140625
0.012788736,9.98687744140625,9.98687744140625
0.01278976,9.97161865234375,9.98687744140625
0.012790784,9.97161865234375,9.98687744140625
0.012791808,9.9639892578125,9.98687744140625
0.012792832,9.9945068359375,9.98687744140625
0.012793856,9.9945068359375,9.98687744140625
0.01279488,9.9945068359375,9.98687744140625
0.012795904,10.00213623046875,9.98687744140625
0.012796928,9.9945068359375,9.98687744140625
0.012797952,10.01739501953125,9.98687744140625
0.012798976,9.979248046875,9.98687744140625
0.0128,10.00213623046875,9.98687744140625
0.012801024,9.979248046875,9.98687744140625
0.012802048,10.03265380859375,9.98687744140625
0.012803072,9.9639892578125,9.98687744140625
0.012804096,10.01739501953125,9.98687744140625
0.01280512,9.94873046875,9.98687744140625
0.012806144,9.9639892578125,9.9945068359375
0.012807168,9.979248046875,9.98687744140625
0.012808192,9.979248046875,9.98687744140625
0.012809216,9.979248046875,9.98687744140625
0.01281024,9.98687744140625,9.98687744140625
0.012811264,10.01739501953125,9.98687744140625
0.012812288,9.979248046875,9.98687744140625
0.012813312,10.00213623046875,9.98687744140625
0.012814336,10.009765625,9.98687744140625
0.01281536,9.979248046875,9.98687744140625
0.012816384,10.0250244140625,9.98687744140625
0.012817408,9.98687744140625,9.98687744140625
0.012818432,10.00213623046875,9.98687744140625
0.012819456,9.95635986328125,9.98687744140625
0.01282048,10.00213623046875,9.98687744140625
0.012821504,9.979248046875,9.98687744140625
0.012822528,9.979248046875,9.98687744140625
0.012823552,9.98687744140625,9.98687744140625
0.012824576,9.98687744140625,9.98687744140625
0.0128256,9.98687744140625,9.98687744140625
0.012826624,9.9945068359375,9.98687744140625
0.012827648,10.009765625,9.98687744140625
0.012828672,9.979248046875,9.98687744140625
0.012829696,10.00213623046875,9.98687744140625
0.01283072,10.009765625,9.98687744140625
0.012831744,9.97161865234375,9.98687744140625
0.012832768,10.00213623046875,9.98687744140625
0.012833792,9.9945068359375,9.98687744140625
0.012834816,9.9945068359375,9.98687744140625
0.01283584,9.979248046875,9.98687744140625
0.012836864,9.979248046875,9.98687744140625
0.012837888,9.97161865234375,9.98687744140625
0.012838912,10.00213623046875,9.98687744140625
0.012839936,9.98687744140625,9.98687744140625
0.01284096,9.9945068359375,9.98687744140625
0.012841984,10.00213623046875,9.98687744140625
0.012843008,9.97161865234375,9.98687744140625
0.012844032,10.00213623046875,9.98687744140625
0.012845056,10.00213623046875,9.98687744140625
0.01284608,10.0250244140625,9.98687744140625
0.012847104,9.9945068359375,9.98687744140625
0.012848128,10.01739501953125,9.98687744140625
0.012849152,9.9639892578125,9.98687744140625
0.012850176,9.979248046875,9.98687744140625
0.0128512,9.94110107421875,9.98687744140625
0.012852224,9.98687744140625,9.98687744140625
0.012853248,9.979248046875,9.98687744140625
0.012854272,9.98687744140625,9.98687744140625
0.012855296,10.00213623046875,9.98687744140625
0.01285632,10.00213623046875,9.98687744140625
0.012857344,9.9639892578125,9.98687744140625
0.012858368,10.01739501953125,9.98687744140625
0.012859392,9.979248046875,9.98687744140625
0.012860416,10.009765625,9.98687744140625
0.01286144,9.9639892578125,9.98687744140625
0.012862464,10.01739501953125,9.98687744140625
0.012863488,9.9639892578125,9.98687744140625
0.012864512,10.0250244140625,9.98687744140625
0.012865536,9.9639892578125,9.98687744140625
0.01286656,10.00213623046875,9.98687744140625
0.012867584,9.9945068359375,9.98687744140625
0.012868608,9.98687744140625,9.98687744140625
0.012869632,9.97161865234375,9.98687744140625
0.012870656,9.98687744140625,9.98687744140625
0.01287168,9.98687744140625,9.9945068359375
0.012872704,9.98687744140625,9.98687744140625
0.012873728,9.9945068359375,9.98687744140625
0.012874752,10.00213623046875,9.98687744140625
0.012875776,10.009765625,9.98687744140625
0.0128768,9.97161865234375,9.98687744140625
0.012877824,10.03265380859375,9.98687744140625
0.012878848,9.979248046875,9.98687744140625
0.012879872,9.98687744140625,9.98687744140625
0.012880896,10.00213623046875,9.98687744140625
0.01288192,10.00213623046875,9.98687744140625
0.012882944,10.00213623046875,9.98687744140625
0.012883968,9.98687744140625,9.98687744140625
0.012884992,9.98687744140625,9.98687744140625
0.012886016,9.98687744140625,9.98687744140625
0.01288704,9.979248046875,9.98687744140625
0.012888064,9.98687744140625,9.98687744140625
0.012889088,9.9945068359375,9.98687744140625
0.012890112,10.01739501953125,9.98687744140625
0.012891136,9.9945068359375,9.98687744140625
0.01289216,10.009765625,9.98687744140625
0.012893184,9.95635986328125,9.98687744140625
0.012894208,10.00213623046875,9.98687744140625
0.012895232,10.00213623046875,9.98687744140625
0.012896256,9.9945068359375,9.98687744140625
0.01289728,9.98687744140625,9.98687744140625
0.012898304,10.009765625,9.98687744140625
0.012899328,9.97161865234375,9.98687744140625
0.012900352,9.9945068359375,9.98687744140625
0.012901376,9.9945068359375,9.98687744140625
0.0129024,9.979248046875,9.98687744140625
0.012903424,9.98687744140625,9.98687744140625
0.012904448,9.9945068359375,9.98687744140625
0.012905472,9.9945068359375,9.98687744140625
0.012906496,10.01739501953125,9.98687744140625
0.01290752,9.9639892578125,9.98687744140625
0.012908544,10.01739501953125,9.98687744140625
0.012909568,9.98687744140625,9.98687744140625
0.012910592,9.98687744140625,9.98687744140625
0.012911616,10.009765625,9.98687744140625
0.01291264,9.979248046875,9.98687744140625
0.012913664,10.00213623046875,9.98687744140625
0.012914688,10.009765625,9.98687744140625
0.012915712,9.97161865234375,9.98687744140625
0.012916736,9.97161865234375,9.98687744140625
0.01291776,9.979248046875,9.98687744140625
0.012918784,9.979248046875,9.98687744140625
0.012919808,9.979248046875,9.98687744140625
0.012920832,9.979248046875,9.98687744140625
0.012921856,9.98687744140625,9.98687744140625
0.01292288,9.9945068359375,9.98687744140625
0.012923904,10.00213623046875,9.98687744140625
0.012924928,9.979248046875,9.9945068359375
0.012925952,10.01739501953125,9.98687744140625
0.012926976,9.98687744140625,9.98687744140625
0.012928,10.00213623046875,9.98687744140625
0.012929024,10.01739501953125,9.98687744140625
0.012930048,9.979248046875,9.98687744140625
0.012931072,10.00213623046875,9.98687744140625
0.012932096,9.97161865234375,9.98687744140625
0.01293312,10.03265380859375,9.98687744140625
0.012934144,9.94873046875,9.98687744140625
0.012935168,10.009765625,9.98687744140625
0.012936192,9.9334716796875,9.98687744140625
0.012937216,9.979248046875,9.98687744140625
0.01293824,9.9639892578125,9.98687744140625
0.012939264,10.00213623046875,9.98687744140625
0.012940288,10.009765625,9.98687744140625
0.012941312,9.97161865234375,9.98687744140625
0.012942336,10.0250244140625,9.98687744140625
0.01294336,9.9945068359375,9.98687744140625
0.012944384,9.9945068359375,9.98687744140625
0.012945408,10.00213623046875,9.98687744140625
0.012946432,10.01739501953125,9.98687744140625
0.012947456,9.97161865234375,9.98687744140625
0.01294848,10.00213623046875,9.98687744140625
0.012949504,9.98687744140625,9.98687744140625
0.012950528,9.979248046875,9.98687744140625
0.012951552,9.97161865234375,9.98687744140625
0.012952576,10.00213623046875,9.98687744140625
0.0129536,9.98687744140625,9.98687744140625
0.012954624,9.98687744140625,9.98687744140625
0.012955648,9.9945068359375,9.98687744140625
0.012956672,9.98687744140625,9.98687744140625
0.012957696,10.00213623046875,9.98687744140625
0.01295872,9.9639892578125,9.98687744140625
0.012959744,10.0250244140625,9.98687744140625
0.012960768,10.00213623046875,9.98687744140625
0.012961792,9.979248046875,9.98687744140625
0.012962816,9.98687744140625,9.98687744140625
0.01296384,9.9945068359375,9.98687744140625
0.012964864,9.979248046875,9.98687744140625
0.012965888,9.97161865234375,9.98687744140625
0.012966912,9.98687744140625,9.98687744140625
0.012967936,9.97161865234375,9.98687744140625
0.01296896,9.98687744140625,9.98687744140625
0.012969984,9.98687744140625,9.98687744140625
0.012971008,9.9945068359375,9.98687744140625
0.012972032,10.009765625,9.98687744140625
0.012973056,9.98687744140625,9.98687744140625
0.01297408,10.009765625,9.98687744140625
0.012975104,9.979248046875,9.98687744140625
0.012976128,9.9945068359375,9.98687744140625
0.012977152,10.03265380859375,9.98687744140625
0.012978176,9.9945068359375,9.98687744140625
0.0129792,10.00213623046875,9.98687744140625
0.012980224,9.94110107421875,9.98687744140625
0.012981248,9.97161865234375,9.98687744140625
0.012982272,9.95635986328125,9.98687744140625
0.012983296,9.98687744140625,9.98687744140625
0.01298432,9.979248046875,9.98687744140625
0.012985344,9.9945068359375,9.98687744140625
0.012986368,10.00213623046875,9.9945068359375
0.012987392,10.00213623046875,9.98687744140625
0.012988416,9.9639892578125,9.98687744140625
0.01298944,10.0250244140625,9.98687744140625
0.012990464,9.979248046875,9.98687744140625
0.012991488,10.01739501953125,9.98687744140625
0.012992512,9.98687744140625,9.98687744140625
0.012993536,10.009765625,9.98687744140625
0.01299456,9.97161865234375,9.98687744140625
0.012995584,10.009765625,9.98687744140625
0.012996608,9.94110107421875,9.98687744140625
0.012997632,9.98687744140625,9.98687744140625
0.012998656,9.9639892578125,9.98687744140625
0.01299968,9.9945068359375,9.98687744140625
0.013000704,9.97161865234375,9.98687744140625
0.013001728,10.009765625,9.98687744140625
0.013002752,9.9639892578125,9.98687744140625
0.013003776,10.009765625,9.98687744140625
0.0130048,9.97161865234375,9.98687744140625
0.013005824,10.0250244140625,9.98687744140625
0.013006848,9.98687744140625,9.98687744140625
0.013007872,10.009765625,9.98687744140625
0.013008896,9.98687744140625,9.98687744140625
0.01300992,10.009765625,9.98687744140625
0.013010944,9.979248046875,9.98687744140625
0.013011968,10.00213623046875,9.98687744140625
0.013012992,9.95635986328125,9.98687744140625
0.013014016,10.009765625,9.98687744140625
0.01301504,9.92584228515625,9.98687744140625
0.013016064,9.979248046875,9.98687744140625
0.013017088,9.97161865234375,9.98687744140625
0.013018112,9.979248046875,9.98687744140625
0.013019136,9.9945068359375,9.98687744140625
0.01302016,9.9945068359375,9.98687744140625
0.013021184,10.009765625,9.98687744140625
0.013022208,9.98687744140625,9.98687744140625
0.013023232,10.0250244140625,9.98687744140625
0.013024256,9.98687744140625,9.98687744140625
0.01302528,9.9945068359375,9.98687744140625
0.013026304,9.98687744140625,9.98687744140625
0.013027328,9.9945068359375,9.98687744140625
0.013028352,10.00213623046875,9.98687744140625
0.013029376,10.00213623046875,9.98687744140625
0.0130304,9.9945068359375,9.98687744140625
0.013031424,9.979248046875,9.98687744140625
0.013032448,9.9639892578125,9.98687744140625
0.013033472,9.9945068359375,9.98687744140625
0.013034496,9.9945068359375,9.98687744140625
0.01303552,9.9945068359375,9.98687744140625
0.013036544,10.009765625,9.98687744140625
0.013037568,9.979248046875,9.98687744140625
0.013038592,9.9945068359375,9.98687744140625
0.013039616,10.01739501953125,9.98687744140625
0.01304064,9.979248046875,9.98687744140625
0.013041664,10.009765625,9.98687744140625
0.013042688,9.98687744140625,9.98687744140625
0.013043712,10.00213623046875,9.98687744140625
0.013044736,9.98687744140625,9.98687744140625
0.01304576,9.98687744140625,9.98687744140625
0.013046784,9.98687744140625,9.98687744140625
0.013047808,9.97161865234375,9.98687744140625
0.013048832,9.98687744140625,9.98687744140625
0.013049856,9.98687744140625,9.98687744140625
0.01305088,9.979248046875,9.98687744140625
0.013051904,9.98687744140625,9.98687744140625
0.013052928,10.00213623046875,9.98687744140625
0.013053952,10.009765625,9.98687744140625
0.013054976,9.97161865234375,9.98687744140625
0.013056,10.0250244140625,9.98687744140625
0.013057024,9.979248046875,9.98687744140625
0.013058048,10.00213623046875,9.98687744140625
0.013059072,10.009765625,9.98687744140625
0.013060096,9.9639892578125,9.98687744140625
0.01306112,10.03265380859375,9.98687744140625
0.013062144,9.97161865234375,9.98687744140625
0.013063168,9.9945068359375,9.98687744140625
0.013064192,10.009765625,9.98687744140625
0.013065216,9.9639892578125,9.98687744140625
0.01306624,10.0250244140625,9.98687744140625
0.013067264,9.94873046875,9.98687744140625
0.013068288,9.98687744140625,9.98687744140625
0.013069312,9.9945068359375,9.98687744140625
0.013070336,9.9945068359375,9.98687744140625
0.01307136,9.98687744140625,9.98687744140625
0.013072384,9.9945068359375,9.98687744140625
0.013073408,10.009765625,9.98687744140625
0.013074432,9.979248046875,9.98687744140625
0.013075456,10.009765625,9.98687744140625
0.01307648,9.979248046875,9.98687744140625
0.013077504,10.00213623046875,9.98687744140625
0.013078528,10.00213623046875,9.98687744140625
0.013079552,9.9639892578125,9.98687744140625
0.013080576,10.009765625,9.98687744140625
0.0130816,9.95635986328125,9.98687744140625
0.013082624,10.009765625,9.98687744140625
0.013083648,9.9639892578125,9.98687744140625
0.013084672,10.00213623046875,9.98687744140625
0.013085696,10.009765625,9.98687744140625
0.01308672,9.979248046875,9.98687744140625
0.013087744,10.009765625,9.98687744140625
0.013088768,9.979248046875,9.98687744140625
0.013089792,10.009765625,9.98687744140625
0.013090816,9.98687744140625,9.98687744140625
0.01309184,10.009765625,9.98687744140625
0.013092864,9.979248046875,9.98687744140625
0.013093888,9.9945068359375,9.98687744140625
0.013094912,9.9945068359375,9.98687744140625
0.013095936,9.98687744140625,9.98687744140625
0.01309696,9.9945068359375,9.98687744140625
0.013097984,9.9945068359375,9.98687744140625
0.013099008,9.98687744140625,9.98687744140625
0.013100032,9.98687744140625,9.98687744140625
0.013101056,10.00213623046875,9.98687744140625
0.01310208,9.979248046875,9.98687744140625
0.013103104,9.9945068359375,9.98687744140625
0.013104128,10.00213623046875,9.98687744140625
0.013105152,9.979248046875,9.98687744140625
0.013106176,10.00213623046875,9.98687744140625
0.0131072,9.98687744140625,9.98687744140625
0.013108224,10.00213623046875,9.98687744140625
0.013109248,9.9639892578125,9.98687744140625
0.013110272,9.97161865234375,9.98687744140625
0.013111296,9.97161865234375,9.98687744140625
0.01311232,9.98687744140625,9.98687744140625
0.013113344,9.9639892578125,9.98687744140625
0.013114368,10.01739501953125,9.98687744140625
0.013115392,9.98687744140625,9.98687744140625
0.013116416,10.00213623046875,9.98687744140625
0.01311744,9.98687744140625,9.98687744140625
0.013118464,10.009765625,9.98687744140625
0.013119488,9.97161865234375,9.98687744140625
0.013120512,10.040283203125,9.98687744140625
0.013121536,9.95635986328125,9.98687744140625
0.01312256,10.0250244140625,9.98687744140625
0.013123584,9.979248046875,9.98687744140625
0.013124608,9.979248046875,9.98687744140625
0.013125632,9.9639892578125,9.98687744140625
0.013126656,10.00213623046875,9.98687744140625
0.01312768,9.98687744140625,9.98687744140625
0.013128704,9.98687744140625,9.98687744140625
0.013129728,9.98687744140625,9.98687744140625
0.013130752,9.9945068359375,9.98687744140625
0.013131776,10.00213623046875,9.98687744140625
0.0131328,10.00213623046875,9.98687744140625
0.013133824,9.9945068359375,9.98687744140625
0.013134848,10.01739501953125,9.98687744140625
0.013135872,9.97161865234375,9.98687744140625
0.013136896,10.01739501953125,9.98687744140625
0.01313792,9.979248046875,9.98687744140625
0.013138944,10.00213623046875,9.98687744140625
0.013139968,9.97161865234375,9.98687744140625
0.013140992,10.009765625,9.98687744140625
0.013142016,9.9639892578125,9.98687744140625
0.01314304,9.9945068359375,9.98687744140625
0.013144064,9.979248046875,9.98687744140625
0.013145088,9.9639892578125,9.98687744140625
0.013146112,9.9945068359375,9.98687744140625
0.013147136,9.98687744140625,9.98687744140625
0.01314816,9.9945068359375,9.98687744140625
0.013149184,10.00213623046875,9.98687744140625
0.013150208,9.9945068359375,9.98687744140625
0.013151232,10.0250244140625,9.98687744140625
0.013152256,9.9945068359375,9.98687744140625
0.01315328,9.9945068359375,9.98687744140625
0.013154304,9.9945068359375,9.98687744140625
0.013155328,10.009765625,9.98687744140625
0.013156352,9.9639892578125,9.98687744140625
0.013157376,10.00213623046875,9.98687744140625
0.0131584,9.9639892578125,9.98687744140625
0.013159424,10.01739501953125,9.98687744140625
0.013160448,9.95635986328125,9.98687744140625
0.013161472,9.98687744140625,9.98687744140625
0.013162496,9.979248046875,9.98687744140625
0.01316352,9.98687744140625,9.98687744140625
0.013164544,10.00213623046875,9.98687744140625
0.013165568,10.00213623046875,9.98687744140625
0.013166592,10.00213623046875,9.98687744140625
0.013167616,9.97161865234375,9.98687744140625
0.01316864,9.9945068359375,9.98687744140625
0.013169664,10.00213623046875,9.98687744140625
0.013170688,10.009765625,9.98687744140625
0.013171712,9.979248046875,9.98687744140625
0.013172736,10.00213623046875,9.98687744140625
0.01317376,10.00213623046875,9.98687744140625
0.013174784,9.97161865234375,9.98687744140625
0.013175808,9.97161865234375,9.98687744140625
0.013176832,10.00213623046875,9.98687744140625
0.013177856,9.94110107421875,9.98687744140625
0.01317888,9.98687744140625,9.98687744140625
0.013179904,10.00213623046875,9.98687744140625
0.013180928,9.9945068359375,9.98687744140625
0.013181952,10.009765625,9.98687744140625
0.013182976,9.98687744140625,9.98687744140625
0.013184,10.009765625,9.98687744140625
0.013185024,9.98687744140625,9.98687744140625
0.013186048,10.009765625,9.98687744140625
0.013187072,9.9945068359375,9.98687744140625
0.013188096,10.01739501953125,9.98687744140625
0.01318912,9.979248046875,9.98687744140625
0.013190144,9.98687744140625,9.98687744140625
0.013191168,9.979248046875,9.98687744140625
0.013192192,9.9639892578125,9.98687744140625
0.013193216,10.009765625,9.98687744140625
0.01319424,9.97161865234375,9.98687744140625
0.013195264,10.0250244140625,9.98687744140625
0.013196288,9.9639892578125,9.98687744140625
0.013197312,10.00213623046875,9.98687744140625
0.013198336,10.009765625,9.98687744140625
0.01319936,9.97161865234375,9.98687744140625
0.013200384,10.0250244140625,9.98687744140625
0.013201408,9.9945068359375,9.98687744140625
0.013202432,10.009765625,9.98687744140625
0.013203456,9.979248046875,9.98687744140625
0.01320448,10.00213623046875,9.98687744140625
0.013205504,9.9639892578125,9.98687744140625
0.013206528,10.009765625,9.98687744140625
0.013207552,9.95635986328125,9.98687744140625
0.013208576,9.98687744140625,9.98687744140625
0.0132096,9.97161865234375,9.98687744140625
0.013210624,9.979248046875,9.98687744140625
0.013211648,9.9945068359375,9.98687744140625
0.013212672,9.9945068359375,9.98687744140625
0.013213696,10.00213623046875,9.98687744140625
0.01321472,10.01739501953125,9.98687744140625
0.013215744,9.9945068359375,9.98687744140625
0.013216768,10.009765625,9.98687744140625
0.013217792,9.9639892578125,9.98687744140625
0.013218816,10.03265380859375,9.98687744140625
0.01321984,9.9639892578125,9.98687744140625
0.013220864,10.009765625,9.98687744140625
0.013221888,9.979248046875,9.98687744140625
0.013222912,9.9945068359375,9.98687744140625
0.013223936,9.97161865234375,9.98687744140625
0.01322496,9.9639892578125,9.98687744140625
0.013225984,9.98687744140625,9.98687744140625
0.013227008,9.97161865234375,9.98687744140625
0.013228032,10.00213623046875,9.98687744140625
0.013229056,9.95635986328125,9.98687744140625
0.01323008,10.009765625,9.98687744140625
0.013231104,9.9945068359375,9.98687744140625
0.013232128,10.00213623046875,9.98687744140625
0.013233152,10.01739501953125,9.98687744140625
0.013234176,9.98687744140625,9.9945068359375
0.0132352,10.01739501953125,9.98687744140625
0.013236224,9.98687744140625,9.98687744140625
0.013237248,9.9945068359375,9.98687744140625
0.013238272,10.009765625,9.98687744140625
0.013239296,9.98687744140625,9.98687744140625
0.01324032,9.9639892578125,9.98687744140625
0.013241344,9.97161865234375,9.98687744140625
0.013242368,9.9639892578125,9.98687744140625
0.013243392,10.00213623046875,9.98687744140625
0.013244416,9.979248046875,9.98687744140625
0.01324544,10.00213623046875,9.98687744140625
0.013246464,9.9945068359375,9.98687744140625
0.013247488,10.00213623046875,9.98687744140625
0.013248512,10.00213623046875,9.98687744140625
0.013249536,9.979248046875,9.98687744140625
0.01325056,9.9945068359375,9.98687744140625
0.013251584,10.01739501953125,9.98687744140625
0.013252608,9.979248046875,9.98687744140625
0.013253632,9.9945068359375,9.98687744140625
0.013254656,10.009765625,9.98687744140625
0.01325568,9.95635986328125,9.98687744140625
0.013256704,9.9945068359375,9.98687744140625
0.013257728,9.97161865234375,9.98687744140625
0.013258752,9.97161865234375,9.98687744140625
0.013259776,9.98687744140625,9.98687744140625
0.0132608,9.979248046875,9.98687744140625
0.013261824,9.98687744140625,9.98687744140625
0.013262848,9.9945068359375,9.98687744140625
0.013263872,9.9945068359375,9.98687744140625
0.013264896,10.009765625,9.98687744140625
0.01326592,9.979248046875,9.98687744140625
0.013266944,10.009765625,9.98687744140625
0.013267968,9.98687744140625,9.98687744140625
0.013268992,10.00213623046875,9.98687744140625
0.013270016,9.98687744140625,9.98687744140625
0.01327104,10.01739501953125,9.98687744140625
0.013272064,9.97161865234375,9.98687744140625
0.013273088,10.00213623046875,9.98687744140625
0.013274112,9.9945068359375,9.98687744140625
0.013275136,9.9945068359375,9.98687744140625
0.01327616,9.98687744140625,9.98687744140625
0.013277184,9.979248046875,9.98687744140625
0.013278208,9.979248046875,9.98687744140625
0.013279232,9.98687744140625,9.98687744140625
0.013280256,9.9945068359375,9.98687744140625
0.01328128,10.00213623046875,9.98687744140625
0.013282304,10.01739501953125,9.98687744140625
0.013283328,10.00213623046875,9.98687744140625
0.013284352,9.9639892578125,9.98687744140625
0.013285376,10.00213623046875,9.98687744140625
0.0132864,9.9945068359375,9.98687744140625
0.013287424,10.00213623046875,9.98687744140625
0.013288448,9.9639892578125,9.98687744140625
0.013289472,10.0250244140625,9.98687744140625
0.013290496,9.979248046875,9.98687744140625
0.01329152,9.9945068359375,9.98687744140625
0.013292544,9.97161865234375,9.98687744140625
0.013293568,9.9639892578125,9.98687744140625
0.013294592,9.98687744140625,9.98687744140625
0.013295616,9.98687744140625,9.98687744140625
0.01329664,9.9945068359375,9.98687744140625
0.013297664,10.00213623046875,9.98687744140625
0.013298688,9.97161865234375,9.98687744140625
0.013299712,10.00213623046875,9.98687744140625
0.013300736,9.97161865234375,9.98687744140625
0.01330176,10.009765625,9.98687744140625
0.013302784,9.9945068359375,9.98687744140625
0.013303808,10.00213623046875,9.98687744140625
0.013304832,9.9945068359375,9.98687744140625
0.013305856,10.009765625,9.98687744140625
0.01330688,9.9639892578125,9.98687744140625
0.013307904,9.9945068359375,9.98687744140625
0.013308928,9.979248046875,9.98687744140625
0.013309952,9.97161865234375,9.98687744140625
0.013310976,9.97161865234375,9.98687744140625
0.013312,10.009765625,9.98687744140625
0.013313024,9.95635986328125,9.98687744140625
0.013314048,10.009765625,9.98687744140625
0.013315072,9.97161865234375,9.98687744140625
0.013316096,10.00213623046875,9.98687744140625
0.01331712,9.97161865234375,9.98687744140625
0.013318144,10.03265380859375,9.98687744140625
0.013319168,9.9945068359375,9.98687744140625
0.013320192,10.01739501953125,9.98687744140625
0.013321216,9.98687744140625,9.98687744140625
0.01332224,10.00213623046875,9.98687744140625
0.013323264,9.979248046875,9.98687744140625
0.013324288,9.9945068359375,9.98687744140625
0.013325312,9.98687744140625,9.98687744140625
0.013326336,9.979248046875,9.98687744140625
0.01332736,9.98687744140625,9.98687744140625
0.013328384,9.98687744140625,9.98687744140625
0.013329408,10.00213623046875,9.98687744140625
0.013330432,9.98687744140625,9.98687744140625
0.013331456,9.97161865234375,9.98687744140625
0.01333248,9.98687744140625,9.98687744140625
0.013333504,9.9945068359375,9.98687744140625
0.013334528,9.9945068359375,9.98687744140625
0.013335552,10.01739501953125,9.98687744140625
0.013336576,9.979248046875,9.98687744140625
0.0133376,10.009765625,9.98687744140625
0.013338624,9.98687744140625,9.98687744140625
0.013339648,10.00213623046875,9.98687744140625
0.013340672,9.9945068359375,9.98687744140625
0.013341696,9.98687744140625,9.98687744140625
0.01334272,9.979248046875,9.98687744140625
0.013343744,9.979248046875,9.98687744140625
0.013344768,9.97161865234375,9.98687744140625
0.013345792,9.979248046875,9.98687744140625
0.013346816,9.9945068359375,9.98687744140625
0.01334784,10.00213623046875,9.98687744140625
0.013348864,9.97161865234375,9.98687744140625
0.013349888,9.9945068359375,9.98687744140625
0.013350912,10.00213623046875,9.98687744140625
0.013351936,10.01739501953125,9.98687744140625
0.01335296,9.979248046875,9.98687744140625
0.013353984,10.009765625,9.98687744140625
0.013355008,9.979248046875,9.98687744140625
0.013356032,9.9945068359375,9.98687744140625
0.013357056,10.00213623046875,9.98687744140625
0.01335808,10.00213623046875,9.98687744140625
0.013359104,9.94873046875,9.98687744140625
0.013360128,10.00213623046875,9.98687744140625
0.013361152,9.98687744140625,9.98687744140625
0.013362176,9.9945068359375,9.98687744140625
0.0133632,9.9945068359375,9.98687744140625
0.013364224,9.9945068359375,9.98687744140625
0.013365248,9.9945068359375,9.98687744140625
0.013366272,10.00213623046875,9.98687744140625
0.013367296,9.979248046875,9.98687744140625
0.01336832,10.009765625,9.98687744140625
0.013369344,9.97161865234375,9.98687744140625
0.013370368,10.01739501953125,9.98687744140625
0.013371392,9.98687744140625,9.98687744140625
0.013372416,10.009765625,9.98687744140625
0.01337344,9.9945068359375,9.98687744140625
0.013374464,10.01739501953125,9.98687744140625
0.013375488,9.9639892578125,9.98687744140625
0.013376512,9.97161865234375,9.98687744140625
0.013377536,9.94110107421875,9.98687744140625
0.01337856,9.97161865234375,9.98687744140625
0.013379584,9.979248046875,9.98687744140625
0.013380608,10.00213623046875,9.98687744140625
0.013381632,9.9945068359375,9.98687744140625
0.013382656,10.009765625,9.98687744140625
0.01338368,9.979248046875,9.98687744140625
0.013384704,10.00213623046875,9.98687744140625
0.013385728,10.01739501953125,9.98687744140625
0.013386752,9.97161865234375,9.98687744140625
0.013387776,10.009765625,9.98687744140625
0.0133888,9.98687744140625,9.98687744140625
0.013389824,9.9945068359375,9.98687744140625
0.013390848,9.9945068359375,9.98687744140625
0.013391872,9.9945068359375,9.98687744140625
0.013392896,9.979248046875,9.98687744140625
0.01339392,9.98687744140625,9.98687744140625
0.013394944,9.979248046875,9.98687744140625
0.013395968,9.98687744140625,9.98687744140625
0.013396992,9.98687744140625,9.98687744140625
0.013398016,9.98687744140625,9.98687744140625
0.01339904,9.98687744140625,9.98687744140625
0.013400064,10.00213623046875,9.98687744140625
0.013401088,10.00213623046875,9.98687744140625
0.013402112,9.97161865234375,9.98687744140625
0.013403136,10.00213623046875,9.9945068359375
0.01340416,10.009765625,9.98687744140625
0.013405184,9.979248046875,9.98687744140625
0.013406208,10.009765625,9.98687744140625
0.013407232,9.9639892578125,9.98687744140625
0.013408256,10.0250244140625,9.98687744140625
0.01340928,9.9945068359375,9.98687744140625
0.013410304,9.979248046875,9.98687744140625
0.013411328,9.979248046875,9.98687744140625
0.013412352,9.979248046875,9.98687744140625
0.013413376,9.97161865234375,9.98687744140625
0.0134144,9.98687744140625,9.98687744140625
0.013415424,9.9945068359375,9.98687744140625
0.013416448,9.9945068359375,9.98687744140625
0.013417472,9.9945068359375,9.98687744140625
0.013418496,10.009765625,9.98687744140625
0.01341952,10.00213623046875,9.98687744140625
0.013420544,10.01739501953125,9.98687744140625
0.013421568,9.9639892578125,9.98687744140625
0.013422592,10.00213623046875,9.98687744140625
0.013423616,9.97161865234375,9.98687744140625
0.01342464,10.0250244140625,9.98687744140625
0.013425664,9.979248046875,9.98687744140625
0.013426688,9.98687744140625,9.98687744140625
0.013427712,9.9945068359375,9.98687744140625
0.013428736,9.98687744140625,9.98687744140625
0.01342976,9.97161865234375,9.98687744140625
0.013430784,9.98687744140625,9.98687744140625
0.013431808,9.98687744140625,9.98687744140625
0.013432832,9.9945068359375,9.98687744140625
0.013433856,9.98687744140625,9.98687744140625
0.01343488,10.009765625,9.98687744140625
0.013435904,9.979248046875,9.98687744140625
0.013436928,9.98687744140625,9.98687744140625
0.013437952,10.00213623046875,9.98687744140625
0.013438976,9.979248046875,9.98687744140625
0.01344,9.98687744140625,9.98687744140625
0.013441024,10.009765625,9.98687744140625
0.013442048,9.979248046875,9.98687744140625
0.013443072,10.00213623046875,9.98687744140625
0.013444096,9.9945068359375,9.98687744140625
0.01344512,9.9945068359375,9.98687744140625
0.013446144,9.979248046875,9.98687744140625
0.013447168,9.97161865234375,9.98687744140625
0.013448192,9.979248046875,9.98687744140625
0.013449216,9.98687744140625,9.98687744140625
0.01345024,9.979248046875,9.98687744140625
0.013451264,10.00213623046875,9.98687744140625
0.013452288,9.9945068359375,9.98687744140625
0.013453312,10.00213623046875,9.98687744140625
0.013454336,10.009765625,9.98687744140625
0.01345536,9.97161865234375,9.98687744140625
0.013456384,10.00213623046875,9.98687744140625
0.013457408,9.98687744140625,9.98687744140625
0.013458432,10.01739501953125,9.98687744140625
0.013459456,9.98687744140625,9.98687744140625
0.01346048,10.00213623046875,9.98687744140625
0.013461504,9.95635986328125,9.98687744140625
0.013462528,10.00213623046875,9.98687744140625
0.013463552,9.979248046875,9.98687744140625
0.013464576,9.9945068359375,9.98687744140625
0.0134656,10.009765625,9.98687744140625
0.013466624,9.97161865234375,9.98687744140625
0.013467648,9.97161865234375,9.98687744140625
0.013468672,9.98687744140625,9.98687744140625
0.013469696,10.00213623046875,9.98687744140625
0.01347072,9.95635986328125,9.98687744140625
0.013471744,10.0250244140625,9.98687744140625
0.013472768,9.98687744140625,9.98687744140625
0.013473792,10.00213623046875,9.98687744140625
0.013474816,10.00213623046875,9.98687744140625
0.01347584,9.97161865234375,9.98687744140625
0.013476864,9.979248046875,9.98687744140625
0.013477888,9.97161865234375,9.98687744140625
0.013478912,9.9639892578125,9.98687744140625
0.013479936,9.9945068359375,9.98687744140625
0.01348096,9.98687744140625,9.98687744140625
0.013481984,9.97161865234375,9.98687744140625
0.013483008,9.97161865234375,9.98687744140625
0.013484032,10.01739501953125,9.98687744140625
0.013485056,9.9639892578125,9.98687744140625
0.01348608,10.009765625,9.98687744140625
0.013487104,9.97161865234375,9.98687744140625
0.013488128,10.0250244140625,9.98687744140625
0.013489152,9.9639892578125,9.98687744140625
0.013490176,10.0250244140625,9.98687744140625
0.0134912,9.97161865234375,9.98687744140625
0.013492224,10.009765625,9.98687744140625
0.013493248,9.95635986328125,9.98687744140625
0.013494272,9.9945068359375,9.98687744140625
0.013495296,9.98687744140625,9.98687744140625
0.01349632,9.98687744140625,9.98687744140625
0.013497344,9.9945068359375,9.98687744140625
0.013498368,9.98687744140625,9.98687744140625
0.013499392,10.00213623046875,9.98687744140625
0.013500416,10.009765625,9.98687744140625
0.01350144,9.9639892578125,9.98687744140625
0.013502464,10.01739501953125,9.98687744140625
0.013503488,9.979248046875,9.98687744140625
0.013504512,10.00213623046875,9.98687744140625
0.013505536,10.00213623046875,9.98687744140625
0.01350656,9.979248046875,9.98687744140625
0.013507584,10.00213623046875,9.98687744140625
0.013508608,9.98687744140625,9.98687744140625
0.013509632,10.00213623046875,9.98687744140625
0.013510656,9.94873046875,9.98687744140625
0.01351168,9.9639892578125,9.98687744140625
0.013512704,9.9639892578125,9.98687744140625
0.013513728,10.00213623046875,9.98687744140625
0.013514752,9.9945068359375,9.98687744140625
0.013515776,9.97161865234375,9.98687744140625
0.0135168,10.03265380859375,9.98687744140625
0.013517824,9.9945068359375,9.98687744140625
0.013518848,10.00213623046875,9.98687744140625
0.013519872,10.009765625,9.98687744140625
0.013520896,9.97161865234375,9.98687744140625
0.01352192,10.03265380859375,9.98687744140625
0.013522944,9.979248046875,9.98687744140625
0.013523968,10.009765625,9.98687744140625
0.013524992,9.98687744140625,9.98687744140625
0.013526016,9.9945068359375,9.98687744140625
0.01352704,9.9945068359375,9.98687744140625
0.013528064,9.97161865234375,9.98687744140625
0.013529088,10.00213623046875,9.98687744140625
0.013530112,9.979248046875,9.98687744140625
0.013531136,9.979248046875,9.98687744140625
0.01353216,9.9945068359375,9.98687744140625
0.013533184,9.979248046875,9.98687744140625
0.013534208,10.00213623046875,9.98687744140625
0.013535232,10.009765625,9.98687744140625
0.013536256,9.979248046875,9.98687744140625
0.01353728,10.00213623046875,9.98687744140625
0.013538304,9.98687744140625,9.98687744140625
0.013539328,9.9945068359375,9.98687744140625
0.013540352,10.009765625,9.9945068359375
0.013541376,9.979248046875,9.98687744140625
0.0135424,10.00213623046875,9.98687744140625
0.013543424,10.00213623046875,9.98687744140625
0.013544448,10.00213623046875,9.98687744140625
0.013545472,9.9639892578125,9.98687744140625
0.013546496,10.009765625,9.98687744140625
0.01354752,9.9639892578125,9.98687744140625
0.013548544,10.00213623046875,9.98687744140625
0.013549568,10.00213623046875,9.98687744140625
0.013550592,9.97161865234375,9.98687744140625
0.013551616,10.009765625,9.98687744140625
0.01355264,9.979248046875,9.98687744140625
0.013553664,10.009765625,9.98687744140625
0.013554688,10.00213623046875,9.98687744140625
0.013555712,9.98687744140625,9.98687744140625
0.013556736,9.979248046875,9.98687744140625
0.01355776,9.98687744140625,9.98687744140625
0.013558784,9.98687744140625,9.98687744140625
0.013559808,10.00213623046875,9.98687744140625
0.013560832,10.00213623046875,9.98687744140625
0.013561856,9.98687744140625,9.98687744140625
0.01356288,9.98687744140625,9.98687744140625
0.013563904,9.9945068359375,9.98687744140625
0.013564928,9.979248046875,9.98687744140625
0.013565952,9.97161865234375,9.98687744140625
0.013566976,10.01739501953125,9.9945068359375
0.013568,9.97161865234375,9.98687744140625
0.013569024,10.00213623046875,9.98687744140625
0.013570048,10.009765625,9.98687744140625
0.013571072,9.9639892578125,9.98687744140625
0.013572096,10.03265380859375,9.98687744140625
0.01357312,9.9639892578125,9.98687744140625
0.013574144,10.03265380859375,9.98687744140625
0.013575168,9.98687744140625,9.98687744140625
0.013576192,9.9945068359375,9.98687744140625
0.013577216,10.00213623046875,9.98687744140625
0.01357824,9.9639892578125,9.98687744140625
0.013579264,10.009765625,9.98687744140625
0.013580288,9.95635986328125,9.98687744140625
0.013581312,10.00213623046875,9.98687744140625
0.013582336,9.94110107421875,9.98687744140625
0.01358336,9.98687744140625,9.98687744140625
0.013584384,9.979248046875,9.98687744140625
0.013585408,9.98687744140625,9.98687744140625
0.013586432,9.98687744140625,9.98687744140625
0.013587456,9.9945068359375,9.98687744140625
0.01358848,10.00213623046875,9.98687744140625
0.013589504,9.9945068359375,9.98687744140625
0.013590528,10.00213623046875,9.98687744140625
0.013591552,10.009765625,9.98687744140625
0.013592576,9.97161865234375,9.98687744140625
0.0135936,10.00213623046875,9.98687744140625
0.013594624,9.979248046875,9.98687744140625
0.013595648,10.0250244140625,9.98687744140625
0.013596672,9.98687744140625,9.98687744140625
0.013597696,10.01739501953125,9.98687744140625
0.01359872,9.9334716796875,9.98687744140625
0.013599744,9.9639892578125,9.98687744140625
0.013600768,9.9639892578125,9.98687744140625
0.013601792,9.98687744140625,9.98687744140625
0.013602816,9.979248046875,9.98687744140625
0.01360384,9.9945068359375,9.98687744140625
0.013604864,10.00213623046875,9.98687744140625
0.013605888,9.979248046875,9.98687744140625
0.013606912,9.9945068359375,9.98687744140625
0.013607936,10.00213623046875,9.98687744140625
0.01360896,9.979248046875,9.98687744140625
0.013609984,10.009765625,9.98687744140625
0.013611008,9.97161865234375,9.98687744140625
0.013612032,10.00213623046875,9.98687744140625
0.013613056,9.9945068359375,9.98687744140625
0.01361408,9.9945068359375,9.98687744140625
0.013615104,9.979248046875,9.98687744140625
0.013616128,9.97161865234375,9.98687744140625
0.013617152,9.9945068359375,9.98687744140625
0.013618176,9.9639892578125,9.98687744140625
0.0136192,9.9945068359375,9.98687744140625
0.013620224,9.9945068359375,9.98687744140625
0.013621248,9.98687744140625,9.98687744140625
0.013622272,9.9945068359375,9.98687744140625
0.013623296,9.9945068359375,9.98687744140625
0.01362432,10.00213623046875,9.98687744140625
0.013625344,9.9945068359375,9.98687744140625
0.013626368,10.009765625,9.98687744140625
0.013627392,9.97161865234375,9.98687744140625
0.013628416,10.00213623046875,9.98687744140625
0.01362944,9.9945068359375,9.98687744140625
0.013630464,9.9945068359375,9.98687744140625
0.013631488,10.00213623046875,9.98687744140625
0.013632512,9.9639892578125,9.98687744140625
0.013633536,9.9945068359375,9.98687744140625
0.01363456,9.97161865234375,9.98687744140625
0.013635584,10.00213623046875,9.98687744140625
0.013636608,9.98687744140625,9.98687744140625
0.013637632,9.9945068359375,9.98687744140625
0.013638656,10.00213623046875,9.98687744140625
0.01363968,10.00213623046875,9.98687744140625
0.013640704,10.0250244140625,9.98687744140625
0.013641728,9.97161865234375,9.98687744140625
0.013642752,9.98687744140625,9.98687744140625
0.013643776,9.98687744140625,9.98687744140625
0.0136448,9.9945068359375,9.98687744140625
0.013645824,10.00213623046875,9.98687744140625
0.013646848,9.97161865234375,9.98687744140625
0.013647872,10.0250244140625,9.98687744140625
0.013648896,9.97161865234375,9.98687744140625
0.01364992,9.98687744140625,9.98687744140625
0.013650944,9.979248046875,9.98687744140625
0.013651968,9.97161865234375,9.98687744140625
0.013652992,10.00213623046875,9.98687744140625
0.013654016,9.9945068359375,9.98687744140625
0.01365504,9.9945068359375,9.98687744140625
0.013656064,9.98687744140625,9.98687744140625
0.013657088,9.98687744140625,9.98687744140625
0.013658112,9.979248046875,9.98687744140625
0.013659136,10.00213623046875,9.98687744140625
0.01366016,10.00213623046875,9.98687744140625
0.013661184,10.00213623046875,9.98687744140625
0.013662208,10.009765625,9.98687744140625
0.013663232,9.979248046875,9.98687744140625
0.013664256,9.98687744140625,9.98687744140625
0.01366528,9.9945068359375,9.98687744140625
0.013666304,9.9945068359375,9.98687744140625
0.013667328,10.00213623046875,9.98687744140625
0.013668352,10.00213623046875,9.98687744140625
0.013669376,9.98687744140625,9.98687744140625
0.0136704,9.98687744140625,9.98687744140625
0.013671424,9.97161865234375,9.98687744140625
0.013672448,9.98687744140625,9.98687744140625
0.013673472,9.9945068359375,9.98687744140625
0.013674496,10.00213623046875,9.98687744140625
0.01367552,9.9945068359375,9.98687744140625
0.013676544,9.9945068359375,9.98687744140625
0.013677568,10.00213623046875,9.98687744140625
0.013678592,9.979248046875,9.98687744140625
0.013679616,9.9945068359375,9.98687744140625
0.01368064,10.009765625,9.98687744140625
0.013681664,9.979248046875,9.98687744140625
0.013682688,10.009765625,9.98687744140625
0.013683712,9.979248046875,9.98687744140625
0.013684736,9.98687744140625,9.98687744140625
0.01368576,9.94873046875,9.98687744140625
0.013686784,9.9639892578125,9.98687744140625
0.013687808,9.9945068359375,9.98687744140625
0.013688832,9.98687744140625,9.98687744140625
0.013689856,9.98687744140625,9.98687744140625
0.01369088,9.9945068359375,9.98687744140625
0.013691904,10.01739501953125,9.98687744140625
0.013692928,9.979248046875,9.98687744140625
0.013693952,10.00213623046875,9.98687744140625
0.013694976,10.01739501953125,9.98687744140625
0.013696,9.97161865234375,9.98687744140625
0.013697024,10.0250244140625,9.98687744140625
0.013698048,9.9945068359375,9.98687744140625
0.013699072,10.00213623046875,9.98687744140625
0.013700096,9.9639892578125,9.98687744140625
0.01370112,10.0250244140625,9.98687744140625
0.013702144,9.95635986328125,9.98687744140625
0.013703168,9.9945068359375,9.98687744140625
0.013704192,9.979248046875,9.98687744140625
0.013705216,9.979248046875,9.98687744140625
0.01370624,9.979248046875,9.98687744140625
0.013707264,9.97161865234375,9.98687744140625
0.013708288,10.00213623046875,9.98687744140625
0.013709312,10.00213623046875,9.98687744140625
0.013710336,9.95635986328125,9.98687744140625
0.01371136,10.0250244140625,9.98687744140625
0.013712384,9.98687744140625,9.98687744140625
0.013713408,10.00213623046875,9.98687744140625
0.013714432,10.00213623046875,9.98687744140625
0.013715456,9.979248046875,9.98687744140625
0.01371648,9.9945068359375,9.98687744140625
0.013717504,10.01739501953125,9.98687744140625
0.013718528,9.9639892578125,9.98687744140625
0.013719552,10.0250244140625,9.98687744140625
0.013720576,9.95635986328125,9.98687744140625
0.0137216,10.00213623046875,9.98687744140625
0.013722624,9.98687744140625,9.98687744140625
0.013723648,9.979248046875,9.98687744140625
0.013724672,9.98687744140625,9.98687744140625
0.013725696,10.00213623046875,9.98687744140625
0.01372672,9.97161865234375,9.98687744140625
0.013727744,10.040283203125,9.98687744140625
0.013728768,9.94873046875,9.98687744140625
0.013729792,10.009765625,9.98687744140625
0.013730816,9.979248046875,9.98687744140625
0.01373184,9.9945068359375,9.98687744140625
0.013732864,9.9945068359375,9.98687744140625
0.013733888,10.01739501953125,9.98687744140625
0.013734912,9.979248046875,9.98687744140625
0.013735936,10.009765625,9.98687744140625
0.01373696,9.9639892578125,9.98687744140625
0.013737984,10.009765625,9.9945068359375
0.013739008,9.94110107421875,9.98687744140625
0.013740032,9.98687744140625,9.98687744140625
0.013741056,9.97161865234375,9.98687744140625
0.01374208,9.98687744140625,9.98687744140625
0.013743104,9.98687744140625,9.98687744140625
0.013744128,10.00213623046875,9.98687744140625
0.013745152,9.9639892578125,9.98687744140625
0.013746176,10.01739501953125,9.98687744140625
0.0137472,9.979248046875,9.98687744140625
0.013748224,10.009765625,9.98687744140625
0.013749248,9.97161865234375,9.98687744140625
0.013750272,10.01739501953125,9.98687744140625
0.013751296,9.97161865234375,9.98687744140625
0.01375232,10.009765625,9.98687744140625
0.013753344,9.9639892578125,9.98687744140625
0.013754368,10.009765625,9.98687744140625
0.013755392,9.97161865234375,9.98687744140625
0.013756416,10.00213623046875,9.98687744140625
0.01375744,9.979248046875,9.98687744140625
0.013758464,9.97161865234375,9.98687744140625
0.013759488,9.979248046875,9.98687744140625
0.013760512,9.98687744140625,9.98687744140625
0.013761536,9.9945068359375,9.98687744140625
0.01376256,10.009765625,9.98687744140625
0.013763584,9.979248046875,9.98687744140625
0.013764608,10.01739501953125,9.98687744140625
0.013765632,9.98687744140625,9.98687744140625
0.013766656,10.0250244140625,9.98687744140625
0.01376768,9.9945068359375,9.9945068359375
0.013768704,10.009765625,9.98687744140625
0.013769728,9.98687744140625,9.98687744140625
0.013770752,10.009765625,9.98687744140625
0.013771776,9.9945068359375,9.98687744140625
0.0137728,10.00213623046875,9.98687744140625
0.013773824,9.9334716796875,9.98687744140625
0.013774848,9.97161865234375,9.98687744140625
0.013775872,9.9945068359375,9.98687744140625
0.013776896,9.9639892578125,9.98687744140625
0.01377792,10.00213623046875,9.98687744140625
0.013778944,9.9945068359375,9.98687744140625
0.013779968,10.009765625,9.98687744140625
0.013780992,9.9639892578125,9.98687744140625
0.013782016,10.01739501953125,9.98687744140625
0.01378304,9.98687744140625,9.98687744140625
0.013784064,10.009765625,9.98687744140625
0.013785088,9.97161865234375,9.98687744140625
0.013786112,9.9945068359375,9.98687744140625
0.013787136,10.00213623046875,9.98687744140625
0.01378816,10.009765625,9.98687744140625
0.013789184,9.97161865234375,9.98687744140625
0.013790208,10.01739501953125,9.98687744140625
0.013791232,9.95635986328125,9.98687744140625
0.013792256,10.009765625,9.98687744140625
0.01379328,9.95635986328125,9.98687744140625
0.013794304,10.00213623046875,9.98687744140625
0.013795328,9.9945068359375,9.98687744140625
0.013796352,9.979248046875,9.98687744140625
0.013797376,9.9945068359375,9.98687744140625
0.0137984,9.98687744140625,9.98687744140625
0.013799424,10.00213623046875,9.98687744140625
0.013800448,10.009765625,9.98687744140625
0.013801472,9.97161865234375,9.98687744140625
0.013802496,10.009765625,9.98687744140625
0.01380352,9.979248046875,9.98687744140625
0.013804544,9.9945068359375,9.98687744140625
0.013805568,10.009765625,9.98687744140625
0.013806592,9.98687744140625,9.98687744140625
0.013807616,9.9945068359375,9.98687744140625
0.01380864,9.9945068359375,9.98687744140625
0.013809664,9.9945068359375,9.98687744140625
0.013810688,9.98687744140625,9.98687744140625
0.013811712,9.979248046875,9.98687744140625
0.013812736,9.98687744140625,9.98687744140625
0.01381376,9.98687744140625,9.98687744140625
0.013814784,10.01739501953125,9.98687744140625
0.013815808,9.979248046875,9.98687744140625
0.013816832,10.01739501953125,9.98687744140625
0.013817856,9.9639892578125,9.98687744140625
0.01381888,10.009765625,9.98687744140625
0.013819904,9.979248046875,9.98687744140625
0.013820928,10.00213623046875,9.98687744140625
0.013821952,9.97161865234375,9.98687744140625
0.013822976,10.03265380859375,9.98687744140625
0.013824,9.9639892578125,9.98687744140625
0.013825024,10.0250244140625,9.98687744140625
0.013826048,9.979248046875,9.98687744140625
0.013827072,9.9945068359375,9.98687744140625
0.013828096,9.98687744140625,9.98687744140625
0.01382912,9.98687744140625,9.98687744140625
0.013830144,9.9945068359375,9.98687744140625
0.013831168,9.98687744140625,9.9945068359375
0.013832192,9.9945068359375,9.98687744140625
0.013833216,10.00213623046875,9.98687744140625
0.01383424,10.00213623046875,9.98687744140625
0.013835264,9.97161865234375,9.98687744140625
0.013836288,9.9945068359375,9.98687744140625
0.013837312,10.009765625,9.98687744140625
0.013838336,9.979248046875,9.98687744140625
0.01383936,10.00213623046875,9.98687744140625
0.013840384,9.98687744140625,9.98687744140625
0.013841408,10.00213623046875,9.98687744140625
0.013842432,9.98687744140625,9.98687744140625
0.013843456,10.01739501953125,9.98687744140625
0.01384448,9.979248046875,9.98687744140625
0.013845504,9.98687744140625,9.98687744140625
0.013846528,9.979248046875,9.98687744140625
0.013847552,9.979248046875,9.98687744140625
0.013848576,9.979248046875,9.98687744140625
0.0138496,9.9945068359375,9.98687744140625
0.013850624,10.00213623046875,9.98687744140625
0.013851648,10.009765625,9.98687744140625
0.013852672,9.979248046875,9.98687744140625
0.013853696,10.00213623046875,9.98687744140625
0.01385472,9.979248046875,9.98687744140625
0.013855744,9.9945068359375,9.98687744140625
0.013856768,10.009765625,9.9945068359375
0.013857792,10.009765625,9.98687744140625
0.013858816,10.00213623046875,9.98687744140625
0.01385984,9.98687744140625,9.98687744140625
0.013860864,9.9945068359375,9.9945068359375
0.013861888,9.98687744140625,9.98687744140625
0.013862912,9.979248046875,9.98687744140625
0.013863936,9.9639892578125,9.98687744140625
0.01386496,10.00213623046875,9.98687744140625
0.013865984,9.98687744140625,9.98687744140625
0.013867008,9.98687744140625,9.98687744140625
0.013868032,10.009765625,9.98687744140625
0.013869056,9.97161865234375,9.98687744140625
0.01387008,10.01739501953125,9.98687744140625
0.013871104,10.00213623046875,9.98687744140625
0.013872128,9.979248046875,9.98687744140625
0.013873152,10.009765625,9.98687744140625
0.013874176,9.98687744140625,9.98687744140625
0.0138752,10.00213623046875,9.98687744140625
0.013876224,9.979248046875,9.98687744140625
0.013877248,10.00213623046875,9.98687744140625
0.013878272,9.97161865234375,9.98687744140625
0.013879296,9.98687744140625,9.98687744140625
0.01388032,9.979248046875,9.98687744140625
0.013881344,9.979248046875,9.98687744140625
0.013882368,9.979248046875,9.98687744140625
0.013883392,9.9639892578125,9.98687744140625
0.013884416,10.009765625,9.98687744140625
0.01388544,9.95635986328125,9.98687744140625
0.013886464,10.01739501953125,9.98687744140625
0.013887488,9.97161865234375,9.98687744140625
0.013888512,10.009765625,9.98687744140625
0.013889536,9.9639892578125,9.98687744140625
0.01389056,10.01739501953125,9.98687744140625
0.013891584,9.979248046875,9.98687744140625
0.013892608,10.00213623046875,9.98687744140625
0.013893632,10.01739501953125,9.98687744140625
0.013894656,9.9639892578125,9.98687744140625
0.01389568,10.009765625,9.98687744140625
0.013896704,9.98687744140625,9.98687744140625
0.013897728,9.979248046875,9.98687744140625
0.013898752,9.98687744140625,9.98687744140625
0.013899776,9.979248046875,9.98687744140625
0.0139008,9.979248046875,9.98687744140625
0.013901824,9.9945068359375,9.98687744140625
0.013902848,10.00213623046875,9.98687744140625
0.013903872,9.94110107421875,9.98687744140625
0.013904896,9.9945068359375,9.98687744140625
0.01390592,9.9945068359375,9.98687744140625
0.013906944,9.9945068359375,9.98687744140625
0.013907968,9.9945068359375,9.98687744140625
0.013908992,10.00213623046875,9.98687744140625
0.013910016,10.009765625,9.98687744140625
0.01391104,9.979248046875,9.98687744140625
0.013912064,9.98687744140625,9.98687744140625
0.013913088,10.00213623046875,9.98687744140625
0.013914112,9.97161865234375,9.98687744140625
0.013915136,10.03265380859375,9.98687744140625
0.01391616,9.9639892578125,9.98687744140625
0.013917184,10.00213623046875,9.98687744140625
0.013918208,9.9945068359375,9.98687744140625
0.013919232,9.97161865234375,9.98687744140625
0.013920256,9.97161865234375,9.98687744140625
0.01392128,10.009765625,9.98687744140625
0.013922304,9.97161865234375,9.98687744140625
0.013923328,10.0250244140625,9.98687744140625
0.013924352,9.9639892578125,9.98687744140625
0.013925376,10.0250244140625,9.98687744140625
0.0139264,9.979248046875,9.98687744140625
0.013927424,10.00213623046875,9.98687744140625
0.013928448,9.97161865234375,9.98687744140625
0.013929472,9.9945068359375,9.98687744140625
0.013930496,10.009765625,9.98687744140625
0.01393152,9.97161865234375,9.98687744140625
0.013932544,10.0250244140625,9.98687744140625
0.013933568,9.98687744140625,9.98687744140625
0.013934592,9.9945068359375,9.98687744140625
0.013935616,9.98687744140625,9.98687744140625
0.01393664,9.9945068359375,9.98687744140625
0.013937664,9.979248046875,9.98687744140625
0.013938688,9.98687744140625,9.98687744140625
0.013939712,9.979248046875,9.98687744140625
0.013940736,9.98687744140625,9.98687744140625
0.01394176,9.9945068359375,9.98687744140625
0.013942784,10.00213623046875,9.98687744140625
0.013943808,9.979248046875,9.98687744140625
0.013944832,10.01739501953125,9.9945068359375
0.013945856,10.00213623046875,9.98687744140625
0.01394688,10.00213623046875,9.98687744140625
0.013947904,9.95635986328125,9.98687744140625
0.013948928,10.009765625,9.98687744140625
0.013949952,9.95635986328125,9.98687744140625
0.013950976,10.00213623046875,9.98687744140625
0.013952,9.98687744140625,9.98687744140625
0.013953024,9.979248046875,9.98687744140625
0.013954048,9.979248046875,9.98687744140625
0.013955072,9.979248046875,9.98687744140625
0.013956096,9.98687744140625,9.98687744140625
0.01395712,9.98687744140625,9.98687744140625
0.013958144,10.00213623046875,9.98687744140625
0.013959168,10.009765625,9.98687744140625
0.013960192,9.98687744140625,9.98687744140625
0.013961216,9.9945068359375,9.98687744140625
0.01396224,10.009765625,9.98687744140625
0.013963264,9.95635986328125,9.98687744140625
0.013964288,10.0250244140625,9.98687744140625
0.013965312,9.979248046875,9.98687744140625
0.013966336,9.98687744140625,9.98687744140625
0.01396736,10.009765625,9.98687744140625
0.013968384,9.9639892578125,9.98687744140625
0.013969408,10.009765625,9.98687744140625
0.013970432,9.94110107421875,9.98687744140625
0.013971456,9.9945068359375,9.98687744140625
0.01397248,9.98687744140625,9.98687744140625
0.013973504,9.979248046875,9.98687744140625
0.013974528,9.98687744140625,9.98687744140625
0.013975552,9.98687744140625,9.98687744140625
0.013976576,9.9945068359375,9.98687744140625
0.0139776,10.00213623046875,9.98687744140625
0.013978624,10.01739501953125,9.98687744140625
0.013979648,9.97161865234375,9.98687744140625
0.013980672,10.01739501953125,9.98687744140625
0.013981696,9.98687744140625,9.98687744140625
0.01398272,10.00213623046875,9.98687744140625
0.013983744,9.979248046875,9.98687744140625
0.013984768,10.009765625,9.98687744140625
0.013985792,9.979248046875,9.98687744140625
0.013986816,9.98687744140625,9.98687744140625
0.01398784,10.00213623046875,9.98687744140625
0.013988864,9.9945068359375,9.98687744140625
0.013989888,9.9945068359375,9.98687744140625
0.013990912,9.97161865234375,9.98687744140625
0.013991936,9.9639892578125,9.98687744140625
0.01399296,10.0250244140625,9.98687744140625
0.013993984,9.979248046875,9.98687744140625
0.013995008,10.00213623046875,9.98687744140625
0.013996032,10.00213623046875,9.98687744140625
0.013997056,9.979248046875,9.98687744140625
0.01399808,10.009765625,9.98687744140625
0.013999104,9.979248046875,9.98687744140625
0.014000128,10.009765625,9.98687744140625
0.014001152,9.98687744140625,9.98687744140625
0.014002176,10.00213623046875,9.98687744140625
0.0140032,9.979248046875,9.98687744140625
0.014004224,10.00213623046875,9.98687744140625
0.014005248,9.94110107421875,9.98687744140625
0.014006272,9.98687744140625,9.98687744140625
0.014007296,9.9639892578125,9.98687744140625
0.01400832,9.9945068359375,9.98687744140625
0.014009344,9.98687744140625,9.98687744140625
0.014010368,9.98687744140625,9.98687744140625
0.014011392,9.9945068359375,9.98687744140625
0.014012416,10.009765625,9.98687744140625
0.01401344,9.9639892578125,9.98687744140625
0.014014464,10.0250244140625,9.98687744140625
0.014015488,9.9639892578125,9.98687744140625
0.014016512,10.0250244140625,9.98687744140625
0.014017536,9.98687744140625,9.98687744140625
0.01401856,10.00213623046875,9.98687744140625
0.014019584,9.97161865234375,9.98687744140625
0.014020608,10.00213623046875,9.98687744140625
0.014021632,9.97161865234375,9.98687744140625
0.014022656,10.00213623046875,9.98687744140625
0.01402368,9.9639892578125,9.98687744140625
0.014024704,10.009765625,9.98687744140625
0.014025728,9.9639892578125,9.98687744140625
0.014026752,10.01739501953125,9.98687744140625
0.014027776,9.9639892578125,9.98687744140625
0.0140288,10.0250244140625,9.98687744140625
0.014029824,9.979248046875,9.98687744140625
0.014030848,10.00213623046875,9.98687744140625
0.014031872,9.9945068359375,9.98687744140625
0.014032896,10.0250244140625,9.98687744140625
0.01403392,10.00213623046875,9.98687744140625
0.014034944,10.00213623046875,9.98687744140625
0.014035968,9.95635986328125,9.98687744140625
0.014036992,9.98687744140625,9.98687744140625
0.014038016,9.9945068359375,9.98687744140625
0.01403904,9.9945068359375,9.98687744140625
0.014040064,10.00213623046875,9.98687744140625
0.014041088,9.97161865234375,9.98687744140625
0.014042112,9.9945068359375,9.98687744140625
0.014043136,9.98687744140625,9.98687744140625
0.01404416,9.979248046875,9.98687744140625
0.014045184,9.98687744140625,9.98687744140625
0.014046208,9.9945068359375,9.98687744140625
0.014047232,10.009765625,9.98687744140625
0.014048256,9.979248046875,9.98687744140625
0.01404928,10.01739501953125,9.98687744140625
0.014050304,9.9639892578125,9.98687744140625
0.014051328,10.01739501953125,9.98687744140625
0.014052352,9.98687744140625,9.98687744140625
0.014053376,9.9945068359375,9.98687744140625
0.0140544,10.009765625,9.98687744140625
0.014055424,9.979248046875,9.98687744140625
0.014056448,10.00213623046875,9.98687744140625
0.014057472,9.9945068359375,9.98687744140625
0.014058496,9.9945068359375,9.98687744140625
0.01405952,9.9945068359375,9.98687744140625
0.014060544,9.97161865234375,9.98687744140625
0.014061568,9.97161865234375,9.98687744140625
0.014062592,9.979248046875,9.98687744140625
0.014063616,9.9945068359375,9.98687744140625
0.01406464,9.98687744140625,9.98687744140625
0.014065664,9.9945068359375,9.98687744140625
0.014066688,10.00213623046875,9.98687744140625
0.014067712,10.00213623046875,9.98687744140625
0.014068736,10.00213623046875,9.98687744140625
0.01406976,10.009765625,9.98687744140625
0.014070784,9.97161865234375,9.98687744140625
0.014071808,9.9945068359375,9.98687744140625
0.014072832,10.00213623046875,9.98687744140625
0.014073856,10.00213623046875,9.98687744140625
0.01407488,9.97161865234375,9.98687744140625
0.014075904,10.0250244140625,9.98687744140625
0.014076928,9.9945068359375,9.98687744140625
0.014077952,9.9945068359375,9.98687744140625
0.014078976,9.9945068359375,9.98687744140625
0.01408,9.9639892578125,9.98687744140625
0.014081024,9.979248046875,9.98687744140625
0.014082048,9.979248046875,9.98687744140625
0.014083072,9.979248046875,9.98687744140625
0.014084096,9.98687744140625,9.98687744140625
0.01408512,9.9945068359375,9.98687744140625
0.014086144,9.9945068359375,9.98687744140625
0.014087168,10.00213623046875,9.98687744140625
0.014088192,9.979248046875,9.98687744140625
0.014089216,9.9945068359375,9.98687744140625
0.01409024,10.009765625,9.98687744140625
0.014091264,9.98687744140625,9.98687744140625
0.014092288,10.009765625,9.98687744140625
0.014093312,9.9945068359375,9.98687744140625
0.014094336,10.00213623046875,9.98687744140625
0.01409536,9.979248046875,9.98687744140625
0.014096384,9.97161865234375,9.98687744140625
0.014097408,9.98687744140625,9.98687744140625
0.014098432,9.979248046875,9.98687744140625
0.014099456,9.979248046875,9.98687744140625
0.01410048,9.979248046875,9.98687744140625
0.014101504,9.9945068359375,9.98687744140625
0.014102528,9.98687744140625,9.98687744140625
0.014103552,9.9945068359375,9.98687744140625
0.014104576,9.9945068359375,9.98687744140625
0.0141056,10.009765625,9.98687744140625
0.014106624,9.9639892578125,9.98687744140625
0.014107648,10.0250244140625,9.98687744140625
0.014108672,9.97161865234375,9.98687744140625
0.014109696,10.00213623046875,9.98687744140625
0.01411072,10.00213623046875,9.98687744140625
0.014111744,9.97161865234375,9.98687744140625
0.014112768,9.9945068359375,9.9945068359375
0.014113792,9.98687744140625,9.98687744140625
0.014114816,9.979248046875,9.98687744140625
0.01411584,9.95635986328125,9.98687744140625
0.014116864,9.9945068359375,9.98687744140625
0.014117888,9.98687744140625,9.98687744140625
0.014118912,9.979248046875,9.98687744140625
0.014119936,9.979248046875,9.98687744140625
0.01412096,10.00213623046875,9.98687744140625
0.014121984,9.98687744140625,9.98687744140625
0.014123008,10.00213623046875,9.98687744140625
0.014124032,9.9639892578125,9.98687744140625
0.014125056,10.009765625,9.98687744140625
0.01412608,9.9639892578125,9.98687744140625
0.014127104,10.01739501953125,9.98687744140625
0.014128128,9.979248046875,9.98687744140625
0.014129152,10.009765625,9.98687744140625
0.014130176,9.97161865234375,9.98687744140625
0.0141312,10.00213623046875,9.98687744140625
0.014132224,9.95635986328125,9.98687744140625
0.014133248,9.9945068359375,9.98687744140625
0.014134272,9.979248046875,9.98687744140625
0.014135296,9.98687744140625,9.98687744140625
0.01413632,9.98687744140625,9.98687744140625
0.014137344,9.9945068359375,9.98687744140625
0.014138368,9.98687744140625,9.98687744140625
0.014139392,9.98687744140625,9.98687744140625
0.014140416,9.9945068359375,9.98687744140625
0.01414144,10.009765625,9.98687744140625
0.014142464,9.979248046875,9.98687744140625
0.014143488,9.9945068359375,9.98687744140625
0.014144512,9.9945068359375,9.98687744140625
0.014145536,10.00213623046875,9.98687744140625
0.01414656,9.97161865234375,9.98687744140625
0.014147584,9.9945068359375,9.98687744140625
0.014148608,9.9945068359375,9.98687744140625
0.014149632,9.9945068359375,9.98687744140625
0.014150656,9.9945068359375,9.98687744140625
0.01415168,9.97161865234375,9.98687744140625
0.014152704,9.9945068359375,9.98687744140625
0.014153728,9.979248046875,9.98687744140625
0.014154752,9.979248046875,9.98687744140625
0.014155776,9.98687744140625,9.98687744140625
0.0141568,10.00213623046875,9.98687744140625
0.014157824,10.00213623046875,9.98687744140625
0.014158848,9.9945068359375,9.98687744140625
0.014159872,10.00213623046875,9.98687744140625
0.014160896,10.00213623046875,9.98687744140625
0.01416192,9.9945068359375,9.98687744140625
0.014162944,10.009765625,9.98687744140625
0.014163968,9.98687744140625,9.98687744140625
0.014164992,10.01739501953125,9.98687744140625
0.014166016,10.00213623046875,9.98687744140625
0.01416704,9.98687744140625,9.98687744140625
0.014168064,9.97161865234375,9.98687744140625
0.014169088,9.94873046875,9.98687744140625
0.014170112,9.9639892578125,9.98687744140625
0.014171136,9.9945068359375,9.98687744140625
0.01417216,9.98687744140625,9.98687744140625
0.014173184,9.979248046875,9.98687744140625
0.014174208,10.00213623046875,9.98687744140625
0.014175232,10.00213623046875,9.98687744140625
0.014176256,9.979248046875,9.98687744140625
0.01417728,9.9945068359375,9.98687744140625
0.014178304,10.009765625,9.98687744140625
0.014179328,9.979248046875,9.98687744140625
0.014180352,10.009765625,9.98687744140625
0.014181376,9.98687744140625,9.98687744140625
0.0141824,9.9945068359375,9.98687744140625
0.014183424,10.009765625,9.98687744140625
0.014184448,9.97161865234375,9.98687744140625
0.014185472,9.9945068359375,9.98687744140625
0.014186496,9.979248046875,9.98687744140625
0.01418752,9.979248046875,9.98687744140625
0.014188544,9.9639892578125,9.98687744140625
0.014189568,10.00213623046875,9.98687744140625
0.014190592,9.979248046875,9.98687744140625
0.014191616,9.9945068359375,9.98687744140625
0.01419264,10.00213623046875,9.98687744140625
0.014193664,9.98687744140625,9.98687744140625
0.014194688,9.98687744140625,9.98687744140625
0.014195712,9.9945068359375,9.98687744140625
0.014196736,10.00213623046875,9.98687744140625
0.01419776,10.01739501953125,9.98687744140625
0.014198784,9.97161865234375,9.9945068359375
0.014199808,10.0250244140625,9.98687744140625
0.014200832,9.979248046875,9.98687744140625
0.014201856,9.9945068359375,9.98687744140625
0.01420288,10.00213623046875,9.98687744140625
0.014203904,9.9639892578125,9.98687744140625
0.014204928,10.00213623046875,9.98687744140625
0.014205952,9.979248046875,9.98687744140625
0.014206976,9.97161865234375,9.98687744140625
0.014208,9.9945068359375,9.98687744140625
0.014209024,9.98687744140625,9.98687744140625
0.014210048,9.9945068359375,9.98687744140625
0.014211072,10.009765625,9.98687744140625
0.014212096,9.979248046875,9.98687744140625
0.01421312,9.98687744140625,9.98687744140625
0.014214144,9.9945068359375,9.98687744140625
0.014215168,9.9945068359375,9.98687744140625
0.014216192,9.9945068359375,9.98687744140625
0.014217216,10.00213623046875,9.98687744140625
0.01421824,10.00213623046875,9.98687744140625
0.014219264,10.009765625,9.98687744140625
0.014220288,9.98687744140625,9.98687744140625
0.014221312,9.98687744140625,9.98687744140625
0.014222336,9.9945068359375,9.98687744140625
0.01422336,9.97161865234375,9.98687744140625
0.014224384,9.97161865234375,9.98687744140625
0.014225408,9.97161865234375,9.98687744140625
0.014226432,10.01739501953125,9.98687744140625
0.014227456,9.9639892578125,9.98687744140625
0.01422848,9.9945068359375,9.98687744140625
0.014229504,9.9945068359375,9.98687744140625
0.014230528,10.009765625,9.98687744140625
0.014231552,9.97161865234375,9.98687744140625
0.014232576,9.9945068359375,9.98687744140625
0.0142336,10.009765625,9.98687744140625
0.014234624,9.97161865234375,9.98687744140625
0.014235648,10.01739501953125,9.98687744140625
0.014236672,9.979248046875,9.98687744140625
0.014237696,10.00213623046875,9.98687744140625
0.01423872,10.00213623046875,9.98687744140625
0.014239744,9.979248046875,9.98687744140625
0.014240768,9.98687744140625,9.98687744140625
0.014241792,9.979248046875,9.98687744140625
0.014242816,9.9639892578125,9.98687744140625
0.01424384,9.9945068359375,9.98687744140625
0.014244864,9.98687744140625,9.98687744140625
0.014245888,9.979248046875,9.98687744140625
0.014246912,10.009765625,9.98687744140625
0.014247936,9.9639892578125,9.98687744140625
0.01424896,10.01739501953125,9.98687744140625
0.014249984,9.98687744140625,9.98687744140625
0.014251008,9.9945068359375,9.98687744140625
0.014252032,9.9945068359375,9.98687744140625
0.014253056,10.00213623046875,9.98687744140625
0.01425408,9.97161865234375,9.98687744140625
0.014255104,10.04791259765625,9.98687744140625
0.014256128,9.9639892578125,9.98687744140625
0.014257152,10.03265380859375,9.98687744140625
0.014258176,9.9639892578125,9.98687744140625
0.0142592,9.97161865234375,9.98687744140625
0.014260224,9.9639892578125,9.98687744140625
0.014261248,9.98687744140625,9.98687744140625
0.014262272,9.97161865234375,9.98687744140625
0.014263296,10.00213623046875,9.98687744140625
0.01426432,9.98687744140625,9.98687744140625
0.014265344,9.9945068359375,9.98687744140625
0.014266368,10.00213623046875,9.98687744140625
0.014267392,9.9945068359375,9.98687744140625
0.014268416,10.009765625,9.98687744140625
0.01426944,9.979248046875,9.98687744140625
0.014270464,10.00213623046875,9.98687744140625
0.014271488,9.98687744140625,9.98687744140625
0.014272512,10.009765625,9.98687744140625
0.014273536,9.979248046875,9.98687744140625
0.01427456,9.9945068359375,9.98687744140625
0.014275584,10.00213623046875,9.98687744140625
0.014276608,9.95635986328125,9.98687744140625
0.014277632,9.9945068359375,9.98687744140625
0.014278656,9.97161865234375,9.98687744140625
0.01427968,9.95635986328125,9.98687744140625
0.014280704,10.00213623046875,9.98687744140625
0.014281728,9.94873046875,9.98687744140625
0.014282752,10.009765625,9.98687744140625
0.014283776,9.97161865234375,9.98687744140625
0.0142848,10.009765625,9.98687744140625
0.014285824,9.97161865234375,9.98687744140625
0.014286848,10.0250244140625,9.98687744140625
0.014287872,9.979248046875,9.98687744140625
0.014288896,10.00213623046875,9.98687744140625
0.01428992,9.9945068359375,9.98687744140625
0.014290944,9.9945068359375,9.98687744140625
0.014291968,10.009765625,9.98687744140625
0.014292992,9.95635986328125,9.98687744140625
0.014294016,10.01739501953125,9.98687744140625
0.01429504,9.9639892578125,9.98687744140625
0.014296064,9.98687744140625,9.98687744140625
0.014297088,9.97161865234375,9.98687744140625
0.014298112,9.98687744140625,9.98687744140625
0.014299136,9.98687744140625,9.98687744140625
0.01430016,10.00213623046875,9.98687744140625
0.014301184,10.009765625,9.98687744140625
0.014302208,9.979248046875,9.98687744140625
0.014303232,9.97161865234375,9.98687744140625
0.014304256,10.00213623046875,9.98687744140625
0.01430528,9.98687744140625,9.98687744140625
0.014306304,9.98687744140625,9.98687744140625
0.014307328,9.98687744140625,9.98687744140625
0.014308352,10.00213623046875,9.98687744140625
0.014309376,10.009765625,9.98687744140625
0.0143104,9.97161865234375,9.98687744140625
0.014311424,10.0250244140625,9.98687744140625
0.014312448,9.98687744140625,9.98687744140625
0.014313472,9.979248046875,9.98687744140625
0.014314496,9.979248046875,9.98687744140625
0.01431552,9.979248046875,9.98687744140625
0.014316544,9.97161865234375,9.98687744140625
0.014317568,10.00213623046875,9.98687744140625
0.014318592,10.00213623046875,9.98687744140625
0.014319616,9.9945068359375,9.98687744140625
0.01432064,9.9945068359375,9.98687744140625
0.014321664,9.9945068359375,9.98687744140625
0.014322688,10.01739501953125,9.98687744140625
0.014323712,9.95635986328125,9.9945068359375
0.014324736,10.03265380859375,9.98687744140625
0.01432576,9.9639892578125,9.98687744140625
0.014326784,10.01739501953125,9.98687744140625
0.014327808,9.97161865234375,9.98687744140625
0.014328832,10.009765625,9.98687744140625
0.014329856,9.97161865234375,9.98687744140625
0.01433088,10.01739501953125,9.98687744140625
0.014331904,9.94873046875,9.98687744140625
0.014332928,9.9945068359375,9.98687744140625
0.014333952,9.97161865234375,9.98687744140625
0.014334976,9.98687744140625,9.98687744140625
0.014336,9.979248046875,9.98687744140625
0.014337024,10.00213623046875,9.98687744140625
0.014338048,9.98687744140625,9.98687744140625
0.014339072,9.9945068359375,9.98687744140625
0.014340096,10.009765625,9.98687744140625
0.01434112,9.97161865234375,9.98687744140625
0.014342144,10.009765625,9.98687744140625
0.014343168,9.98687744140625,9.98687744140625
0.014344192,10.00213623046875,9.98687744140625
0.014345216,10.040283203125,9.9945068359375
0.01434624,9.9639892578125,9.98687744140625
0.014347264,10.01739501953125,9.98687744140625
0.014348288,9.9639892578125,9.98687744140625
0.014349312,9.9945068359375,9.98687744140625
0.014350336,9.94873046875,9.98687744140625
0.01435136,9.97161865234375,9.98687744140625
0.014352384,9.9639892578125,9.98687744140625
0.014353408,9.9945068359375,9.98687744140625
0.014354432,9.98687744140625,9.98687744140625
0.014355456,9.9945068359375,9.98687744140625
0.01435648,9.9945068359375,9.98687744140625
0.014357504,10.00213623046875,9.98687744140625
0.014358528,10.00213623046875,9.98687744140625
0.014359552,10.00213623046875,9.98687744140625
0.014360576,10.01739501953125,9.98687744140625
0.0143616,9.979248046875,9.98687744140625
0.014362624,9.9945068359375,9.98687744140625
0.014363648,9.979248046875,9.98687744140625
0.014364672,10.00213623046875,9.98687744140625
0.014365696,10.00213623046875,9.98687744140625
0.01436672,9.979248046875,9.98687744140625
0.014367744,9.98687744140625,9.98687744140625
0.014368768,9.97161865234375,9.98687744140625
0.014369792,9.9945068359375,9.98687744140625
0.014370816,9.98687744140625,9.98687744140625
0.01437184,9.98687744140625,9.98687744140625
0.014372864,9.9945068359375,9.98687744140625
0.014373888,10.00213623046875,9.98687744140625
0.014374912,10.009765625,9.98687744140625
0.014375936,9.979248046875,9.98687744140625
0.01437696,9.9945068359375,9.98687744140625
0.014377984,10.009765625,9.98687744140625
0.014379008,9.9639892578125,9.98687744140625
0.014380032,10.009765625,9.98687744140625
0.014381056,9.97161865234375,9.98687744140625
0.01438208,10.01739501953125,9.98687744140625
0.014383104,9.979248046875,9.98687744140625
0.014384128,9.9945068359375,9.98687744140625
0.014385152,10.00213623046875,9.98687744140625
0.014386176,9.9945068359375,9.98687744140625
0.0143872,9.979248046875,9.98687744140625
0.014388224,9.97161865234375,9.98687744140625
0.014389248,10.040283203125,9.98687744140625
0.014390272,9.9639892578125,9.98687744140625
0.014391296,10.01739501953125,9.98687744140625
0.01439232,9.9639892578125,9.98687744140625
0.014393344,10.00213623046875,9.98687744140625
0.014394368,9.9945068359375,9.98687744140625
0.014395392,9.9945068359375,9.98687744140625
0.014396416,9.9945068359375,9.98687744140625
0.01439744,10.00213623046875,9.98687744140625
0.014398464,10.00213623046875,9.98687744140625
0.014399488,9.97161865234375,9.98687744140625
0.014400512,9.9945068359375,9.98687744140625
0.014401536,9.9945068359375,9.98687744140625
0.01440256,9.9945068359375,9.98687744140625
0.014403584,9.9945068359375,9.98687744140625
0.014404608,9.98687744140625,9.98687744140625
0.014405632,9.97161865234375,9.98687744140625
0.014406656,10.009765625,9.98687744140625
0.01440768,9.94873046875,9.98687744140625
0.014408704,10.009765625,9.98687744140625
0.014409728,9.97161865234375,9.98687744140625
0.014410752,10.009765625,9.98687744140625
0.014411776,9.98687744140625,9.98687744140625
0.0144128,9.9945068359375,9.98687744140625
0.014413824,10.00213623046875,9.98687744140625
0.014414848,10.00213623046875,9.98687744140625
0.014415872,9.9639892578125,9.98687744140625
0.014416896,10.01739501953125,9.98687744140625
0.01441792,9.9945068359375,9.98687744140625
0.014418944,9.9945068359375,9.98687744140625
0.014419968,9.9945068359375,9.98687744140625
0.014420992,9.98687744140625,9.98687744140625
0.014422016,9.98687744140625,9.98687744140625
0.01442304,9.97161865234375,9.98687744140625
0.014424064,9.979248046875,9.98687744140625
0.014425088,9.979248046875,9.98687744140625
0.014426112,9.979248046875,9.98687744140625
0.014427136,9.98687744140625,9.98687744140625
0.01442816,9.98687744140625,9.98687744140625
0.014429184,9.9945068359375,9.98687744140625
0.014430208,10.00213623046875,9.98687744140625
0.014431232,9.9639892578125,9.98687744140625
0.014432256,10.01739501953125,9.98687744140625
0.01443328,9.98687744140625,9.98687744140625
0.014434304,10.01739501953125,9.98687744140625
0.014435328,9.97161865234375,9.98687744140625
0.014436352,10.009765625,9.98687744140625
0.014437376,9.9639892578125,9.98687744140625
0.0144384,10.01739501953125,9.98687744140625
0.014439424,9.98687744140625,9.98687744140625
0.014440448,9.98687744140625,9.98687744140625
0.014441472,9.97161865234375,9.98687744140625
0.014442496,10.00213623046875,9.98687744140625
0.01444352,9.9639892578125,9.98687744140625
0.014444544,9.98687744140625,9.98687744140625
0.014445568,9.979248046875,9.98687744140625
0.014446592,9.9945068359375,9.98687744140625
0.014447616,10.00213623046875,9.98687744140625
0.01444864,9.9945068359375,9.98687744140625
0.014449664,10.00213623046875,9.98687744140625
0.014450688,9.9945068359375,9.98687744140625
0.014451712,9.9945068359375,9.98687744140625
0.014452736,9.9945068359375,9.98687744140625
0.01445376,10.00213623046875,9.98687744140625
0.014454784,10.00213623046875,9.98687744140625
0.014455808,10.009765625,9.98687744140625
0.014456832,9.979248046875,9.98687744140625
0.014457856,10.00213623046875,9.98687744140625
0.01445888,9.9945068359375,9.98687744140625
0.014459904,9.98687744140625,9.98687744140625
0.014460928,9.98687744140625,9.98687744140625
0.014461952,9.979248046875,9.98687744140625
0.014462976,9.9639892578125,9.98687744140625
0.014464,10.01739501953125,9.98687744140625
0.014465024,9.979248046875,9.98687744140625
0.014466048,9.9945068359375,9.98687744140625
0.014467072,10.00213623046875,9.98687744140625
0.014468096,10.009765625,9.98687744140625
0.01446912,9.9639892578125,9.98687744140625
0.014470144,10.0250244140625,9.98687744140625
0.014471168,9.979248046875,9.98687744140625
0.014472192,9.9945068359375,9.98687744140625
0.014473216,10.00213623046875,9.98687744140625
0.01447424,9.9945068359375,9.98687744140625
0.014475264,10.009765625,9.98687744140625
0.014476288,9.97161865234375,9.98687744140625
0.014477312,10.01739501953125,9.9945068359375
0.014478336,9.979248046875,9.98687744140625
0.01447936,10.00213623046875,9.98687744140625
0.014480384,9.9945068359375,9.98687744140625
0.014481408,9.98687744140625,9.98687744140625
0.014482432,9.98687744140625,9.98687744140625
0.014483456,9.979248046875,9.98687744140625
0.01448448,9.979248046875,9.98687744140625
0.014485504,9.9945068359375,9.98687744140625
0.014486528,9.9945068359375,9.98687744140625
0.014487552,10.00213623046875,9.98687744140625
0.014488576,10.00213623046875,9.98687744140625
0.0144896,10.009765625,9.98687744140625
0.014490624,9.97161865234375,9.98687744140625
0.014491648,10.03265380859375,9.98687744140625
0.014492672,9.95635986328125,9.98687744140625
0.014493696,10.009765625,9.98687744140625
0.01449472,9.9945068359375,9.98687744140625
0.014495744,9.97161865234375,9.98687744140625
0.014496768,9.9639892578125,9.98687744140625
0.014497792,9.9945068359375,9.98687744140625
0.014498816,9.979248046875,9.98687744140625
0.01449984,9.98687744140625,9.98687744140625
0.014500864,10.00213623046875,9.98687744140625
0.014501888,9.9945068359375,9.98687744140625
0.014502912,10.00213623046875,9.98687744140625
0.014503936,9.9639892578125,9.98687744140625
0.01450496,10.0250244140625,9.98687744140625
0.014505984,9.979248046875,9.98687744140625
0.014507008,9.9945068359375,9.98687744140625
0.014508032,10.00213623046875,9.98687744140625
0.014509056,9.979248046875,9.98687744140625
0.01451008,9.9945068359375,9.98687744140625
0.014511104,10.00213623046875,9.98687744140625
0.014512128,9.9639892578125,9.98687744140625
0.014513152,10.009765625,9.98687744140625
0.014514176,9.95635986328125,9.98687744140625
0.0145152,9.9945068359375,9.98687744140625
0.014516224,9.979248046875,9.98687744140625
0.014517248,9.98687744140625,9.98687744140625
0.014518272,9.9945068359375,9.98687744140625
0.014519296,9.9945068359375,9.98687744140625
0.01452032,9.9945068359375,9.98687744140625
0.014521344,10.00213623046875,9.98687744140625
0.014522368,9.9945068359375,9.98687744140625
0.014523392,10.009765625,9.98687744140625
0.014524416,9.98687744140625,9.98687744140625
0.01452544,10.01739501953125,9.98687744140625
0.014526464,9.979248046875,9.98687744140625
0.014527488,9.97161865234375,9.98687744140625
0.014528512,9.98687744140625,9.98687744140625
0.014529536,9.979248046875,9.98687744140625
0.01453056,9.9945068359375,9.98687744140625
0.014531584,10.01739501953125,9.98687744140625
0.014532608,9.979248046875,9.98687744140625
0.014533632,9.9945068359375,9.98687744140625
0.014534656,9.979248046875,9.98687744140625
0.01453568,9.98687744140625,9.98687744140625
0.014536704,9.97161865234375,9.98687744140625
0.014537728,9.9945068359375,9.98687744140625
0.014538752,10.00213623046875,9.98687744140625
0.014539776,10.00213623046875,9.98687744140625
0.0145408,9.9945068359375,9.98687744140625
0.014541824,9.98687744140625,9.98687744140625
0.014542848,9.9945068359375,9.98687744140625
0.014543872,9.9945068359375,9.98687744140625
0.014544896,9.9945068359375,9.98687744140625
0.01454592,10.009765625,9.98687744140625
0.014546944,9.97161865234375,9.98687744140625
0.014547968,10.040283203125,9.98687744140625
0.014548992,9.95635986328125,9.98687744140625
0.014550016,10.01739501953125,9.98687744140625
0.01455104,9.9639892578125,9.98687744140625
0.014552064,10.00213623046875,9.98687744140625
0.014553088,9.98687744140625,9.98687744140625
0.014554112,9.98687744140625,9.98687744140625
0.014555136,9.979248046875,9.98687744140625
0.01455616,9.9945068359375,9.98687744140625
0.014557184,9.98687744140625,9.98687744140625
0.014558208,10.00213623046875,9.98687744140625
0.014559232,9.98687744140625,9.98687744140625
0.014560256,10.009765625,9.98687744140625
0.01456128,9.97161865234375,9.98687744140625
0.014562304,10.01739501953125,9.98687744140625
0.014563328,9.979248046875,9.98687744140625
0.014564352,10.00213623046875,9.98687744140625
0.014565376,9.97161865234375,9.98687744140625
0.0145664,10.009765625,9.98687744140625
0.014567424,9.979248046875,9.98687744140625
0.014568448,9.9945068359375,9.98687744140625
0.014569472,9.9945068359375,9.98687744140625
0.014570496,9.9945068359375,9.98687744140625
0.01457152,9.97161865234375,9.98687744140625
0.014572544,9.94873046875,9.98687744140625
0.014573568,9.9639892578125,9.98687744140625
0.014574592,9.979248046875,9.98687744140625
0.014575616,9.97161865234375,9.98687744140625
0.01457664,10.009765625,9.98687744140625
0.014577664,9.98687744140625,9.98687744140625
0.014578688,10.01739501953125,9.98687744140625
0.014579712,9.979248046875,9.98687744140625
0.014580736,10.00213623046875,9.98687744140625
0.01458176,9.9945068359375,9.98687744140625
0.014582784,10.00213623046875,9.98687744140625
0.014583808,9.979248046875,9.98687744140625
0.014584832,9.98687744140625,9.98687744140625
0.014585856,9.9945068359375,9.98687744140625
0.01458688,9.979248046875,9.98687744140625
0.014587904,9.97161865234375,9.98687744140625
0.014588928,9.979248046875,9.98687744140625
0.014589952,9.95635986328125,9.98687744140625
0.014590976,9.9945068359375,9.98687744140625
0.014592,9.9945068359375,9.98687744140625
0.014593024,10.00213623046875,9.98687744140625
0.014594048,9.9945068359375,9.98687744140625
0.014595072,9.98687744140625,9.98687744140625
0.014596096,10.01739501953125,9.98687744140625
0.01459712,9.95635986328125,9.98687744140625
0.014598144,10.009765625,9.98687744140625
0.014599168,9.9639892578125,9.98687744140625
0.014600192,10.01739501953125,9.98687744140625
0.014601216,9.98687744140625,9.98687744140625
0.01460224,10.01739501953125,9.98687744140625
0.014603264,9.979248046875,9.98687744140625
0.014604288,9.9945068359375,9.98687744140625
0.014605312,9.98687744140625,9.98687744140625
0.014606336,9.98687744140625,9.98687744140625
0.01460736,9.97161865234375,9.98687744140625
0.014608384,10.009765625,9.98687744140625
0.014609408,9.95635986328125,9.98687744140625
0.014610432,10.00213623046875,9.98687744140625
0.014611456,9.9945068359375,9.98687744140625
0.01461248,9.98687744140625,9.98687744140625
0.014613504,10.00213623046875,9.98687744140625
0.014614528,10.0250244140625,9.98687744140625
0.014615552,9.9945068359375,9.98687744140625
0.014616576,10.0250244140625,9.98687744140625
0.0146176,9.95635986328125,9.98687744140625
0.014618624,9.9945068359375,9.98687744140625
0.014619648,9.97161865234375,9.98687744140625
0.014620672,10.01739501953125,9.98687744140625
0.014621696,9.9639892578125,9.98687744140625
0.01462272,10.03265380859375,9.98687744140625
0.014623744,9.94110107421875,9.98687744140625
0.014624768,9.9945068359375,9.98687744140625
0.014625792,9.979248046875,9.98687744140625
0.014626816,9.979248046875,9.98687744140625
0.01462784,9.9945068359375,9.98687744140625
0.014628864,10.01739501953125,9.98687744140625
0.014629888,9.98687744140625,9.98687744140625
0.014630912,10.01739501953125,9.98687744140625
0.014631936,9.97161865234375,9.98687744140625
0.01463296,10.0250244140625,9.98687744140625
0.014633984,9.979248046875,9.98687744140625
0.014635008,10.009765625,9.98687744140625
0.014636032,9.9639892578125,9.98687744140625
0.014637056,10.009765625,9.98687744140625
0.01463808,9.97161865234375,9.98687744140625
0.014639104,10.009765625,9.98687744140625
0.014640128,9.9639892578125,9.98687744140625
0.014641152,10.009765625,9.98687744140625
0.014642176,9.95635986328125,9.98687744140625
0.0146432,10.009765625,9.98687744140625
0.014644224,9.95635986328125,9.98687744140625
0.014645248,10.009765625,9.98687744140625
0.014646272,9.979248046875,9.98687744140625
0.014647296,9.9945068359375,9.98687744140625
0.01464832,10.00213623046875,9.98687744140625
0.014649344,10.00213623046875,9.98687744140625
0.014650368,9.97161865234375,9.98687744140625
0.014651392,9.98687744140625,9.98687744140625
0.014652416,9.9945068359375,9.98687744140625
0.01465344,9.9945068359375,9.98687744140625
0.014654464,9.98687744140625,9.98687744140625
0.014655488,9.9945068359375,9.98687744140625
0.014656512,10.00213623046875,9.98687744140625
0.014657536,9.97161865234375,9.98687744140625
0.01465856,10.0250244140625,9.98687744140625
0.014659584,9.98687744140625,9.98687744140625
0.014660608,10.00213623046875,9.98687744140625
0.014661632,9.95635986328125,9.98687744140625
0.014662656,9.98687744140625,9.98687744140625
0.01466368,9.94873046875,9.98687744140625
0.014664704,9.979248046875,9.98687744140625
0.014665728,9.98687744140625,9.98687744140625
0.014666752,10.00213623046875,9.98687744140625
0.014667776,10.01739501953125,9.98687744140625
0.0146688,9.98687744140625,9.98687744140625
0.014669824,10.009765625,9.98687744140625
0.014670848,9.97161865234375,9.98687744140625
0.014671872,10.01739501953125,9.98687744140625
0.014672896,9.97161865234375,9.98687744140625
0.01467392,10.0250244140625,9.98687744140625
0.014674944,9.98687744140625,9.98687744140625
0.014675968,9.9945068359375,9.98687744140625
0.014676992,9.9945068359375,9.98687744140625
0.014678016,10.00213623046875,9.98687744140625
0.01467904,9.979248046875,9.98687744140625
0.014680064,9.98687744140625,9.98687744140625
0.014681088,9.98687744140625,9.98687744140625
0.014682112,9.979248046875,9.98687744140625
0.014683136,9.98687744140625,9.98687744140625
0.01468416,9.98687744140625,9.98687744140625
0.014685184,9.98687744140625,9.98687744140625
0.014686208,10.009765625,9.98687744140625
0.014687232,9.95635986328125,9.98687744140625
0.014688256,10.01739501953125,9.98687744140625
0.01468928,9.97161865234375,9.98687744140625
0.014690304,10.00213623046875,9.98687744140625
0.014691328,10.009765625,9.98687744140625
0.014692352,9.97161865234375,9.98687744140625
0.014693376,10.01739501953125,9.98687744140625
0.0146944,9.97161865234375,9.98687744140625
0.014695424,10.00213623046875,9.98687744140625
0.014696448,10.01739501953125,9.98687744140625
0.014697472,9.94110107421875,9.98687744140625
0.014698496,9.9945068359375,9.98687744140625
0.01469952,9.979248046875,9.98687744140625
0.014700544,9.97161865234375,9.98687744140625
0.014701568,10.00213623046875,9.98687744140625
0.014702592,9.98687744140625,9.98687744140625
0.014703616,9.9945068359375,9.98687744140625
0.01470464,10.01739501953125,9.98687744140625
0.014705664,10.00213623046875,9.98687744140625
0.014706688,9.9945068359375,9.98687744140625
0.014707712,9.979248046875,9.98687744140625
0.014708736,9.97161865234375,9.98687744140625
0.01470976,9.98687744140625,9.98687744140625
0.014710784,9.9945068359375,9.98687744140625
0.014711808,10.0250244140625,9.98687744140625
0.014712832,10.00213623046875,9.98687744140625
0.014713856,10.00213623046875,9.98687744140625
0.01471488,9.979248046875,9.98687744140625
0.014715904,9.979248046875,9.98687744140625
0.014716928,9.979248046875,9.98687744140625
0.014717952,9.98687744140625,9.98687744140625
0.014718976,10.00213623046875,9.98687744140625
0.01472,9.9945068359375,9.98687744140625
0.014721024,10.01739501953125,9.98687744140625
0.014722048,9.9639892578125,9.98687744140625
0.014723072,10.01739501953125,9.98687744140625
0.014724096,9.9639892578125,9.98687744140625
0.01472512,10.009765625,9.98687744140625
0.014726144,9.97161865234375,9.98687744140625
0.014727168,9.98687744140625,9.98687744140625
0.014728192,10.00213623046875,9.98687744140625
0.014729216,9.979248046875,9.98687744140625
0.01473024,10.00213623046875,9.98687744140625
0.014731264,10.01739501953125,9.98687744140625
0.014732288,9.95635986328125,9.98687744140625
0.014733312,10.0250244140625,9.98687744140625
0.014734336,9.9639892578125,9.98687744140625
0.01473536,10.00213623046875,9.98687744140625
0.014736384,9.98687744140625,9.98687744140625
0.014737408,9.98687744140625,9.98687744140625
0.014738432,9.9945068359375,9.98687744140625
0.014739456,9.9945068359375,9.98687744140625
0.01474048,10.00213623046875,9.98687744140625
0.014741504,9.9945068359375,9.98687744140625
0.014742528,9.9945068359375,9.98687744140625
0.014743552,9.98687744140625,9.98687744140625
0.014744576,10.009765625,9.98687744140625
0.0147456,9.97161865234375,9.98687744140625
0.014746624,10.01739501953125,9.98687744140625
0.014747648,9.9945068359375,9.98687744140625
0.014748672,10.01739501953125,9.98687744140625
0.014749696,9.9945068359375,9.98687744140625
0.01475072,9.979248046875,9.98687744140625
0.014751744,9.94873046875,9.98687744140625
0.014752768,9.979248046875,9.98687744140625
0.014753792,9.979248046875,9.98687744140625
0.014754816,9.97161865234375,9.98687744140625
0.01475584,9.9945068359375,9.98687744140625
0.014756864,10.00213623046875,9.98687744140625
0.014757888,10.009765625,9.98687744140625
0.014758912,9.98687744140625,9.98687744140625
0.014759936,9.98687744140625,9.98687744140625
0.01476096,9.9945068359375,9.98687744140625
0.014761984,10.009765625,9.98687744140625
0.014763008,9.9639892578125,9.98687744140625
0.014764032,10.01739501953125,9.98687744140625
0.014765056,9.95635986328125,9.98687744140625
0.01476608,10.009765625,9.98687744140625
0.014767104,9.979248046875,9.9945068359375
0.014768128,10.00213623046875,9.98687744140625
0.014769152,9.9945068359375,9.98687744140625
0.014770176,9.98687744140625,9.98687744140625
0.0147712,9.979248046875,9.98687744140625
0.014772224,9.979248046875,9.98687744140625
0.014773248,9.9945068359375,9.98687744140625
0.014774272,9.9945068359375,9.98687744140625
0.014775296,9.9945068359375,9.98687744140625
0.01477632,10.009765625,9.98687744140625
0.014777344,9.9639892578125,9.98687744140625
0.014778368,10.01739501953125,9.98687744140625
0.014779392,9.98687744140625,9.98687744140625
0.014780416,9.98687744140625,9.98687744140625
0.01478144,10.00213623046875,9.98687744140625
0.014782464,9.9639892578125,9.98687744140625
0.014783488,10.01739501953125,9.98687744140625
0.014784512,9.97161865234375,9.98687744140625
0.014785536,9.98687744140625,9.98687744140625
0.01478656,10.009765625,9.98687744140625
0.014787584,9.979248046875,9.98687744140625
0.014788608,9.9945068359375,9.98687744140625
0.014789632,9.9945068359375,9.98687744140625
0.014790656,9.9945068359375,9.98687744140625
0.01479168,10.00213623046875,9.98687744140625
0.014792704,9.98687744140625,9.98687744140625
0.014793728,9.9945068359375,9.98687744140625
0.014794752,9.98687744140625,9.98687744140625
0.014795776,9.9639892578125,9.98687744140625
0.0147968,9.979248046875,9.98687744140625
0.014797824,9.979248046875,9.98687744140625
0.014798848,10.00213623046875,9.98687744140625
0.014799872,10.009765625,9.98687744140625
0.014800896,9.97161865234375,9.98687744140625
0.01480192,10.00213623046875,9.98687744140625
0.014802944,10.00213623046875,9.98687744140625
0.014803968,10.00213623046875,9.98687744140625
0.014804992,9.9639892578125,9.98687744140625
0.014806016,10.04791259765625,9.98687744140625
0.01480704,9.94873046875,9.98687744140625
0.014808064,10.00213623046875,9.98687744140625
0.014809088,9.95635986328125,9.98687744140625
0.014810112,9.9945068359375,9.98687744140625
0.014811136,9.979248046875,9.98687744140625
0.01481216,9.98687744140625,9.98687744140625
0.014813184,9.98687744140625,9.98687744140625
0.014814208,10.00213623046875,9.98687744140625
0.014815232,9.979248046875,9.98687744140625
0.014816256,10.00213623046875,9.98687744140625
0.01481728,9.95635986328125,9.98687744140625
0.014818304,10.00213623046875,9.98687744140625
0.014819328,9.9945068359375,9.98687744140625
0.014820352,9.9945068359375,9.98687744140625
0.014821376,9.9945068359375,9.98687744140625
0.0148224,10.00213623046875,9.98687744140625
0.014823424,10.01739501953125,9.98687744140625
0.014824448,9.98687744140625,9.98687744140625
0.014825472,10.009765625,9.98687744140625
0.014826496,9.979248046875,9.98687744140625
0.01482752,9.98687744140625,9.98687744140625
0.014828544,9.98687744140625,9.98687744140625
0.014829568,9.97161865234375,9.98687744140625
0.014830592,10.00213623046875,9.98687744140625
0.014831616,9.979248046875,9.98687744140625
0.01483264,9.98687744140625,9.98687744140625
0.014833664,9.98687744140625,9.98687744140625
0.014834688,9.98687744140625,9.98687744140625
0.014835712,10.00213623046875,9.98687744140625
0.014836736,10.01739501953125,9.98687744140625
0.01483776,9.98687744140625,9.98687744140625
0.014838784,10.009765625,9.98687744140625
0.014839808,9.94873046875,9.98687744140625
0.014840832,9.98687744140625,9.98687744140625
0.014841856,9.979248046875,9.98687744140625
0.01484288,9.979248046875,9.98687744140625
0.014843904,10.009765625,9.98687744140625
0.014844928,9.979248046875,9.98687744140625
0.014845952,9.98687744140625,9.98687744140625
0.014846976,9.979248046875,9.98687744140625
0.014848,9.97161865234375,9.98687744140625
0.014849024,9.9945068359375,9.98687744140625
0.014850048,9.9945068359375,9.98687744140625
0.014851072,10.009765625,9.98687744140625
0.014852096,9.9639892578125,9.98687744140625
0.01485312,10.0250244140625,9.98687744140625
0.014854144,9.9639892578125,9.98687744140625
0.014855168,10.009765625,9.98687744140625
0.014856192,9.97161865234375,9.98687744140625
0.014857216,10.00213623046875,9.98687744140625
0.01485824,10.00213623046875,9.98687744140625
0.014859264,9.9945068359375,9.98687744140625
0.014860288,9.9945068359375,9.98687744140625
0.014861312,10.01739501953125,9.98687744140625
0.014862336,9.95635986328125,9.98687744140625
0.01486336,10.01739501953125,9.98687744140625
0.014864384,9.97161865234375,9.98687744140625
0.014865408,9.9945068359375,9.98687744140625
0.014866432,9.98687744140625,9.98687744140625
0.014867456,9.98687744140625,9.98687744140625
0.01486848,9.98687744140625,9.98687744140625
0.014869504,9.9945068359375,9.98687744140625
0.014870528,9.98687744140625,9.98687744140625
0.014871552,10.00213623046875,9.98687744140625
0.014872576,9.9945068359375,9.98687744140625
0.0148736,9.98687744140625,9.98687744140625
0.014874624,10.00213623046875,9.98687744140625
0.014875648,10.009765625,9.98687744140625
0.014876672,9.97161865234375,9.98687744140625
0.014877696,10.01739501953125,9.98687744140625
0.01487872,9.98687744140625,9.98687744140625
0.014879744,10.00213623046875,9.98687744140625
0.014880768,9.97161865234375,9.98687744140625
0.014881792,10.009765625,9.98687744140625
0.014882816,9.98687744140625,9.98687744140625
0.01488384,9.9945068359375,9.98687744140625
0.014884864,9.94873046875,9.98687744140625
0.014885888,9.9639892578125,9.98687744140625
0.014886912,9.98687744140625,9.98687744140625
0.014887936,9.98687744140625,9.98687744140625
0.01488896,10.00213623046875,9.98687744140625
0.014889984,10.0250244140625,9.98687744140625
0.014891008,9.98687744140625,9.98687744140625
0.014892032,9.9945068359375,9.98687744140625
0.014893056,10.00213623046875,9.98687744140625
0.01489408,10.009765625,9.98687744140625
0.014895104,9.97161865234375,9.98687744140625
0.014896128,10.0250244140625,9.98687744140625
0.014897152,9.97161865234375,9.98687744140625
0.014898176,10.0250244140625,9.98687744140625
0.0148992,9.979248046875,9.98687744140625
0.014900224,9.9945068359375,9.98687744140625
0.014901248,9.98687744140625,9.98687744140625
0.014902272,9.979248046875,9.98687744140625
0.014903296,9.97161865234375,9.98687744140625
0.01490432,9.97161865234375,9.98687744140625
0.014905344,9.9945068359375,9.98687744140625
0.014906368,9.979248046875,9.98687744140625
0.014907392,9.9945068359375,9.98687744140625
0.014908416,9.979248046875,9.98687744140625
0.01490944,9.9945068359375,9.98687744140625
0.014910464,10.00213623046875,9.98687744140625
0.014911488,10.00213623046875,9.98687744140625
0.014912512,10.00213623046875,9.98687744140625
0.014913536,10.01739501953125,9.98687744140625
0.01491456,9.979248046875,9.98687744140625
0.014915584,10.01739501953125,9.98687744140625
0.014916608,9.9945068359375,9.98687744140625
0.014917632,10.009765625,9.98687744140625
0.014918656,9.979248046875,9.98687744140625
0.01491968,9.98687744140625,9.98687744140625
0.014920704,9.98687744140625,9.98687744140625
0.014921728,9.97161865234375,9.98687744140625
0.014922752,9.979248046875,9.98687744140625
0.014923776,9.98687744140625,9.98687744140625
0.0149248,9.98687744140625,9.98687744140625
0.014925824,9.9945068359375,9.98687744140625
0.014926848,10.0250244140625,9.98687744140625
0.014927872,9.98687744140625,9.98687744140625
0.014928896,9.9945068359375,9.98687744140625
0.01492992,9.97161865234375,9.98687744140625
0.014930944,9.9945068359375,9.98687744140625
0.014931968,9.9945068359375,9.98687744140625
0.014932992,10.01739501953125,9.98687744140625
0.014934016,9.9945068359375,9.98687744140625
0.01493504,10.0250244140625,9.98687744140625
0.014936064,9.98687744140625,9.98687744140625
0.014937088,10.00213623046875,9.98687744140625
0.014938112,9.95635986328125,9.98687744140625
0.014939136,10.00213623046875,9.98687744140625
0.01494016,9.979248046875,9.98687744140625
0.014941184,9.97161865234375,9.98687744140625
0.014942208,10.00213623046875,9.98687744140625
0.014943232,9.9945068359375,9.98687744140625
0.014944256,9.9945068359375,9.98687744140625
0.01494528,9.979248046875,9.98687744140625
0.014946304,10.009765625,9.98687744140625
0.014947328,9.97161865234375,9.98687744140625
0.014948352,9.9945068359375,9.98687744140625
0.014949376,10.00213623046875,9.98687744140625
0.0149504,9.979248046875,9.98687744140625
0.014951424,10.00213623046875,9.9945068359375
0.014952448,10.009765625,9.98687744140625
0.014953472,9.979248046875,9.98687744140625
0.014954496,9.9945068359375,9.98687744140625
0.01495552,10.009765625,9.98687744140625
0.014956544,9.94873046875,9.98687744140625
0.014957568,9.9945068359375,9.98687744140625
0.014958592,9.98687744140625,9.98687744140625
0.014959616,9.979248046875,9.98687744140625
0.01496064,10.00213623046875,9.98687744140625
0.014961664,9.9945068359375,9.98687744140625
0.014962688,10.00213623046875,9.98687744140625
0.014963712,9.97161865234375,9.98687744140625
0.014964736,10.009765625,9.98687744140625
0.01496576,9.97161865234375,9.98687744140625
0.014966784,9.98687744140625,9.98687744140625
0.014967808,10.00213623046875,9.98687744140625
0.014968832,9.97161865234375,9.98687744140625
0.014969856,10.0250244140625,9.98687744140625
0.01497088,9.9945068359375,9.98687744140625
0.014971904,10.01739501953125,9.98687744140625
0.014972928,9.97161865234375,9.98687744140625
0.014973952,9.9639892578125,9.98687744140625
0.014974976,9.9639892578125,9.98687744140625
0.014976,9.9639892578125,9.98687744140625
0.014977024,10.00213623046875,9.98687744140625
0.014978048,10.009765625,9.98687744140625
0.014979072,9.98687744140625,9.98687744140625
0.014980096,10.0250244140625,9.98687744140625
0.01498112,9.9945068359375,9.98687744140625
0.014982144,10.00213623046875,9.98687744140625
0.014983168,9.979248046875,9.98687744140625
0.014984192,10.00213623046875,9.98687744140625
0.014985216,9.98687744140625,9.98687744140625
0.01498624,10.009765625,9.98687744140625
0.014987264,9.979248046875,9.98687744140625
0.014988288,9.98687744140625,9.98687744140625
0.014989312,9.98687744140625,9.98687744140625
0.014990336,10.00213623046875,9.98687744140625
0.01499136,9.95635986328125,9.98687744140625
0.014992384,10.009765625,9.98687744140625
0.014993408,9.97161865234375,9.98687744140625
0.014994432,9.9639892578125,9.98687744140625
0.014995456,10.00213623046875,9.98687744140625
0.01499648,9.97161865234375,9.98687744140625
0.014997504,10.01739501953125,9.98687744140625
0.014998528,9.97161865234375,9.98687744140625
0.014999552,9.9945068359375,9.98687744140625
0.015000576,9.9945068359375,9.98687744140625
0.0150016,9.9945068359375,9.98687744140625
0.015002624,10.009765625,9.98687744140625
0.015003648,9.95635986328125,9.98687744140625
0.015004672,10.009765625,9.98687744140625
0.015005696,9.979248046875,9.98687744140625
0.01500672,9.9945068359375,9.98687744140625
0.015007744,9.98687744140625,9.98687744140625
0.015008768,10.009765625,9.98687744140625
0.015009792,9.9639892578125,9.98687744140625
0.015010816,10.009765625,9.98687744140625
0.01501184,9.95635986328125,9.98687744140625
0.015012864,10.009765625,9.98687744140625
0.015013888,9.98687744140625,9.98687744140625
0.015014912,9.9945068359375,9.98687744140625
0.015015936,9.98687744140625,9.98687744140625
0.01501696,9.97161865234375,9.98687744140625
0.015017984,9.979248046875,9.98687744140625
0.015019008,9.979248046875,9.98687744140625
0.015020032,10.00213623046875,9.98687744140625
0.015021056,10.00213623046875,9.98687744140625
0.01502208,9.979248046875,9.98687744140625
0.015023104,10.009765625,9.9945068359375
0.015024128,9.97161865234375,9.98687744140625
0.015025152,10.01739501953125,9.98687744140625
0.015026176,9.97161865234375,9.98687744140625
0.0150272,10.0250244140625,9.98687744140625
0.015028224,9.98687744140625,9.98687744140625
0.015029248,10.00213623046875,9.98687744140625
0.015030272,9.98687744140625,9.98687744140625
0.015031296,9.979248046875,9.98687744140625
0.01503232,9.9945068359375,9.98687744140625
0.015033344,9.979248046875,9.98687744140625
0.015034368,9.98687744140625,9.98687744140625
0.015035392,9.9945068359375,9.98687744140625
0.015036416,9.9945068359375,9.98687744140625
0.01503744,10.00213623046875,9.98687744140625
0.015038464,9.979248046875,9.98687744140625
0.015039488,9.9945068359375,9.98687744140625
0.015040512,10.00213623046875,9.98687744140625
0.015041536,10.00213623046875,9.98687744140625
0.01504256,9.98687744140625,9.98687744140625
0.015043584,10.009765625,9.98687744140625
0.015044608,9.98687744140625,9.98687744140625
0.015045632,10.00213623046875,9.98687744140625
0.015046656,10.0250244140625,9.98687744140625
0.01504768,9.97161865234375,9.98687744140625
0.015048704,9.979248046875,9.98687744140625
0.015049728,9.979248046875,9.98687744140625
0.015050752,9.97161865234375,9.98687744140625
0.015051776,9.98687744140625,9.98687744140625
0.0150528,9.979248046875,9.98687744140625
0.015053824,9.9945068359375,9.98687744140625
0.015054848,9.98687744140625,9.98687744140625
0.015055872,9.9945068359375,9.98687744140625
0.015056896,10.03265380859375,9.98687744140625
0.01505792,10.00213623046875,9.98687744140625
0.015058944,9.9639892578125,9.9945068359375
0.015059968,9.98687744140625,9.98687744140625
0.015060992,9.9639892578125,9.98687744140625
0.015062016,10.01739501953125,9.98687744140625
0.01506304,9.97161865234375,9.98687744140625
0.015064064,10.009765625,9.98687744140625
0.015065088,9.98687744140625,9.98687744140625
0.015066112,9.979248046875,9.98687744140625
0.015067136,9.98687744140625,9.98687744140625
0.01506816,9.97161865234375,9.98687744140625
0.015069184,9.979248046875,9.98687744140625
0.015070208,10.01739501953125,9.98687744140625
0.015071232,9.9639892578125,9.98687744140625
0.015072256,10.01739501953125,9.98687744140625
0.01507328,9.979248046875,9.98687744140625
0.015074304,10.009765625,9.98687744140625
0.015075328,9.97161865234375,9.98687744140625
0.015076352,10.0250244140625,9.98687744140625
0.015077376,9.979248046875,9.98687744140625
0.0150784,10.00213623046875,9.98687744140625
0.015079424,9.9639892578125,9.98687744140625
0.015080448,10.0250244140625,9.98687744140625
0.015081472,9.979248046875,9.98687744140625
0.015082496,9.979248046875,9.98687744140625
0.01508352,9.9945068359375,9.98687744140625
0.015084544,9.979248046875,9.98687744140625
0.015085568,9.979248046875,9.98687744140625
0.015086592,9.98687744140625,9.98687744140625
0.015087616,9.98687744140625,9.98687744140625
0.01508864,10.00213623046875,9.98687744140625
0.015089664,10.00213623046875,9.98687744140625
0.015090688,10.00213623046875,9.98687744140625
0.015091712,9.9945068359375,9.98687744140625
0.015092736,10.009765625,9.98687744140625
0.01509376,9.97161865234375,9.98687744140625
0.015094784,10.03265380859375,9.98687744140625
0.015095808,9.979248046875,9.98687744140625
0.015096832,9.9945068359375,9.98687744140625
0.015097856,10.00213623046875,9.98687744140625
0.01509888,10.009765625,9.98687744140625
0.015099904,9.98687744140625,9.98687744140625
0.015100928,10.01739501953125,9.98687744140625
0.015101952,9.9639892578125,9.98687744140625
0.015102976,9.979248046875,9.98687744140625
0.015104,9.94873046875,9.98687744140625
0.015105024,9.9639892578125,9.98687744140625
0.015106048,10.00213623046875,9.98687744140625
0.015107072,10.00213623046875,9.98687744140625
0.015108096,10.01739501953125,9.98687744140625
0.01510912,9.97161865234375,9.98687744140625
0.015110144,9.9945068359375,9.98687744140625
0.015111168,9.9945068359375,9.98687744140625
0.015112192,10.00213623046875,9.98687744140625
0.015113216,9.97161865234375,9.98687744140625
0.01511424,9.9945068359375,9.98687744140625
0.015115264,10.00213623046875,9.98687744140625
0.015116288,9.979248046875,9.98687744140625
0.015117312,9.9945068359375,9.98687744140625
0.015118336,10.00213623046875,9.98687744140625
0.01511936,9.9945068359375,9.98687744140625
0.015120384,9.98687744140625,9.98687744140625
0.015121408,9.979248046875,9.98687744140625
0.015122432,9.98687744140625,9.98687744140625
0.015123456,9.979248046875,9.98687744140625
0.01512448,9.98687744140625,9.98687744140625
0.015125504,10.00213623046875,9.98687744140625
0.015126528,9.97161865234375,9.98687744140625
0.015127552,10.01739501953125,9.98687744140625
0.015128576,9.97161865234375,9.98687744140625
0.0151296,10.01739501953125,9.98687744140625
0.015130624,9.979248046875,9.98687744140625
0.015131648,10.00213623046875,9.98687744140625
0.015132672,10.00213623046875,9.98687744140625
0.015133696,9.97161865234375,9.98687744140625
0.01513472,10.040283203125,9.98687744140625
0.015135744,9.9639892578125,9.98687744140625
0.015136768,10.01739501953125,9.98687744140625
0.015137792,9.979248046875,9.98687744140625
0.015138816,9.97161865234375,9.98687744140625
0.01513984,9.97161865234375,9.98687744140625
0.015140864,9.979248046875,9.98687744140625
0.015141888,9.979248046875,9.98687744140625
0.015142912,9.98687744140625,9.98687744140625
0.015143936,10.00213623046875,9.98687744140625
0.01514496,9.9945068359375,9.98687744140625
0.015145984,10.00213623046875,9.98687744140625
0.015147008,9.979248046875,9.98687744140625
0.015148032,9.95635986328125,9.98687744140625
0.015149056,9.98687744140625,9.98687744140625
0.01515008,9.98687744140625,9.98687744140625
0.015151104,10.009765625,9.98687744140625
0.015152128,9.98687744140625,9.98687744140625
0.015153152,10.01739501953125,9.98687744140625
0.015154176,9.979248046875,9.98687744140625
0.0151552,9.9945068359375,9.98687744140625
0.015156224,9.98687744140625,9.98687744140625
0.015157248,9.979248046875,9.98687744140625
0.015158272,9.9945068359375,9.98687744140625
0.015159296,9.98687744140625,9.98687744140625
0.01516032,9.9945068359375,9.98687744140625
0.015161344,9.98687744140625,9.98687744140625
0.015162368,10.00213623046875,9.98687744140625
0.015163392,9.979248046875,9.98687744140625
0.015164416,10.00213623046875,9.98687744140625
0.01516544,9.95635986328125,9.98687744140625
0.015166464,10.01739501953125,9.98687744140625
0.015167488,9.97161865234375,9.98687744140625
0.015168512,10.01739501953125,9.98687744140625
0.015169536,9.97161865234375,9.98687744140625
0.01517056,10.00213623046875,9.98687744140625
0.015171584,9.979248046875,9.98687744140625
0.015172608,10.009765625,9.98687744140625
0.015173632,9.97161865234375,9.98687744140625
0.015174656,10.0250244140625,9.98687744140625
0.01517568,9.94873046875,9.98687744140625
0.015176704,10.00213623046875,9.98687744140625
0.015177728,9.98687744140625,9.98687744140625
0.015178752,9.979248046875,9.98687744140625
0.015179776,9.98687744140625,9.98687744140625
0.0151808,9.979248046875,9.98687744140625
0.015181824,9.9945068359375,9.98687744140625
0.015182848,10.00213623046875,9.98687744140625
0.015183872,9.98687744140625,9.98687744140625
0.015184896,10.009765625,9.98687744140625
0.01518592,9.979248046875,9.98687744140625
0.015186944,10.00213623046875,9.98687744140625
0.015187968,10.009765625,9.98687744140625
0.015188992,9.979248046875,9.98687744140625
0.015190016,10.01739501953125,9.98687744140625
0.01519104,10.00213623046875,9.98687744140625
0.015192064,9.979248046875,9.98687744140625
0.015193088,9.94110107421875,9.98687744140625
0.015194112,9.94110107421875,9.98687744140625
0.015195136,9.9639892578125,9.98687744140625
0.01519616,10.009765625,9.98687744140625
0.015197184,9.98687744140625,9.98687744140625
0.015198208,10.009765625,9.98687744140625
0.015199232,9.97161865234375,9.98687744140625
0.015200256,10.00213623046875,9.98687744140625
0.01520128,10.009765625,9.98687744140625
0.015202304,9.979248046875,9.98687744140625
0.015203328,10.00213623046875,9.98687744140625
0.015204352,10.01739501953125,9.98687744140625
0.015205376,9.979248046875,9.98687744140625
0.0152064,9.9945068359375,9.98687744140625
0.015207424,9.98687744140625,9.98687744140625
0.015208448,9.98687744140625,9.98687744140625
0.015209472,9.98687744140625,9.98687744140625
0.015210496,9.97161865234375,9.98687744140625
0.01521152,9.9945068359375,9.98687744140625
0.015212544,9.979248046875,9.98687744140625
0.015213568,9.979248046875,9.98687744140625
0.015214592,9.9945068359375,9.98687744140625
0.015215616,9.98687744140625,9.98687744140625
0.01521664,10.00213623046875,9.98687744140625
0.015217664,10.00213623046875,9.98687744140625
0.015218688,10.009765625,9.98687744140625
0.015219712,9.97161865234375,9.98687744140625
0.015220736,10.03265380859375,9.98687744140625
0.01522176,9.97161865234375,9.98687744140625
0.015222784,9.9945068359375,9.98687744140625
0.015223808,9.9945068359375,9.98687744140625
0.015224832,10.009765625,9.98687744140625
0.015225856,9.9639892578125,9.98687744140625
0.01522688,10.009765625,9.98687744140625
0.015227904,9.979248046875,9.98687744140625
0.015228928,9.979248046875,9.98687744140625
0.015229952,9.97161865234375,9.98687744140625
0.015230976,10.009765625,9.98687744140625
0.015232,9.9639892578125,9.98687744140625
0.015233024,10.00213623046875,9.98687744140625
0.015234048,10.009765625,9.98687744140625
0.015235072,9.9945068359375,9.98687744140625
0.015236096,10.01739501953125,9.98687744140625
0.01523712,9.979248046875,9.98687744140625
0.015238144,9.979248046875,9.98687744140625
0.015239168,9.9639892578125,9.98687744140625
0.015240192,9.9945068359375,9.98687744140625
0.015241216,9.9945068359375,9.98687744140625
0.01524224,10.009765625,9.98687744140625
0.015243264,9.98687744140625,9.98687744140625
0.015244288,10.009765625,9.98687744140625
0.015245312,9.979248046875,9.98687744140625
0.015246336,9.98687744140625,9.98687744140625
0.01524736,9.979248046875,9.98687744140625
0.015248384,9.9945068359375,9.98687744140625
0.015249408,10.00213623046875,9.98687744140625
0.015250432,9.97161865234375,9.98687744140625
0.015251456,10.009765625,9.98687744140625
0.01525248,9.9639892578125,9.98687744140625
0.015253504,10.009765625,9.98687744140625
0.015254528,9.9639892578125,9.98687744140625
0.015255552,10.009765625,9.98687744140625
0.015256576,9.97161865234375,9.98687744140625
0.0152576,10.01739501953125,9.98687744140625
0.015258624,9.979248046875,9.98687744140625
0.015259648,9.98687744140625,9.98687744140625
0.015260672,10.009765625,9.98687744140625
0.015261696,9.97161865234375,9.98687744140625
0.01526272,10.009765625,9.98687744140625
0.015263744,9.98687744140625,9.98687744140625
0.015264768,9.98687744140625,9.98687744140625
0.015265792,9.98687744140625,9.98687744140625
0.015266816,9.979248046875,9.98687744140625
0.01526784,9.98687744140625,9.98687744140625
0.015268864,9.98687744140625,9.98687744140625
0.015269888,9.98687744140625,9.98687744140625
0.015270912,9.9945068359375,9.98687744140625
0.015271936,9.98687744140625,9.98687744140625
0.01527296,10.00213623046875,9.9945068359375
0.015273984,9.9945068359375,9.98687744140625
0.015275008,9.9945068359375,9.98687744140625
0.015276032,9.9945068359375,9.98687744140625
0.015277056,10.00213623046875,9.98687744140625
0.01527808,10.009765625,9.98687744140625
0.015279104,9.97161865234375,9.98687744140625
0.015280128,10.01739501953125,9.98687744140625
0.015281152,9.98687744140625,9.98687744140625
0.015282176,9.979248046875,9.98687744140625
0.0152832,9.94110107421875,9.98687744140625
0.015284224,9.94873046875,9.98687744140625
0.015285248,9.979248046875,9.98687744140625
0.015286272,9.979248046875,9.98687744140625
0.015287296,10.01739501953125,9.9945068359375
0.01528832,9.979248046875,9.98687744140625
0.015289344,10.00213623046875,9.98687744140625
0.015290368,9.9945068359375,9.98687744140625
0.015291392,10.00213623046875,9.98687744140625
0.015292416,10.00213623046875,9.98687744140625
0.01529344,10.009765625,9.98687744140625
0.015294464,9.979248046875,9.98687744140625
0.015295488,10.009765625,9.98687744140625
0.015296512,9.97161865234375,9.98687744140625
0.015297536,10.009765625,9.98687744140625
0.01529856,9.95635986328125,9.98687744140625
0.015299584,10.00213623046875,9.98687744140625
0.015300608,9.98687744140625,9.98687744140625
0.015301632,9.979248046875,9.98687744140625
0.015302656,9.979248046875,9.98687744140625
0.01530368,9.979248046875,9.98687744140625
0.015304704,9.97161865234375,9.98687744140625
0.015305728,10.01739501953125,9.98687744140625
0.015306752,9.97161865234375,9.98687744140625
0.015307776,10.009765625,9.98687744140625
0.0153088,9.979248046875,9.98687744140625
0.015309824,10.01739501953125,9.98687744140625
0.015310848,9.97161865234375,9.98687744140625
0.015311872,10.040283203125,9.98687744140625
0.015312896,9.95635986328125,9.98687744140625
0.01531392,10.009765625,9.98687744140625
0.015314944,9.97161865234375,9.98687744140625
0.015315968,10.009765625,9.98687744140625
0.015316992,9.95635986328125,9.98687744140625
0.015318016,10.009765625,9.98687744140625
0.01531904,9.9639892578125,9.98687744140625
0.015320064,9.9945068359375,9.98687744140625
0.015321088,9.98687744140625,9.98687744140625
0.015322112,9.98687744140625,9.98687744140625
0.015323136,9.9945068359375,9.98687744140625
0.01532416,10.009765625,9.98687744140625
0.015325184,10.00213623046875,9.98687744140625
0.015326208,10.009765625,9.98687744140625
0.015327232,9.9639892578125,9.98687744140625
0.015328256,9.98687744140625,9.98687744140625
0.01532928,9.9639892578125,9.98687744140625
0.015330304,10.00213623046875,9.98687744140625
0.015331328,10.01739501953125,9.98687744140625
0.015332352,9.97161865234375,9.98687744140625
0.015333376,10.0250244140625,9.98687744140625
0.0153344,9.9639892578125,9.98687744140625
0.015335424,10.01739501953125,9.98687744140625
0.015336448,9.95635986328125,9.98687744140625
0.015337472,10.009765625,9.98687744140625
0.015338496,9.9945068359375,9.98687744140625
0.01533952,9.9945068359375,9.98687744140625
0.015340544,10.00213623046875,9.98687744140625
0.015341568,9.98687744140625,9.98687744140625
0.015342592,9.9945068359375,9.98687744140625
0.015343616,10.009765625,9.98687744140625
0.01534464,9.979248046875,9.98687744140625
0.015345664,9.98687744140625,9.98687744140625
0.015346688,10.009765625,9.98687744140625
0.015347712,9.9639892578125,9.98687744140625
0.015348736,10.00213623046875,9.98687744140625
0.01534976,10.00213623046875,9.98687744140625
0.015350784,10.00213623046875,9.98687744140625
0.015351808,9.98687744140625,9.98687744140625
0.015352832,9.98687744140625,9.98687744140625
0.015353856,9.98687744140625,9.98687744140625
0.01535488,9.9945068359375,9.9945068359375
0.015355904,9.979248046875,9.98687744140625
0.015356928,9.98687744140625,9.98687744140625
0.015357952,9.9945068359375,9.98687744140625
0.015358976,10.00213623046875,9.98687744140625
0.01536,10.00213623046875,9.98687744140625
0.015361024,10.009765625,9.98687744140625
0.015362048,9.97161865234375,9.98687744140625
0.015363072,10.0250244140625,9.98687744140625
0.015364096,9.98687744140625,9.98687744140625
0.01536512,10.00213623046875,9.98687744140625
0.015366144,10.00213623046875,9.98687744140625
0.015367168,10.01739501953125,9.98687744140625
0.015368192,9.979248046875,9.98687744140625
0.015369216,10.01739501953125,9.98687744140625
0.01537024,9.95635986328125,9.98687744140625
0.015371264,9.979248046875,9.98687744140625
0.015372288,9.97161865234375,9.98687744140625
0.015373312,9.98687744140625,9.98687744140625
0.015374336,10.00213623046875,9.98687744140625
0.01537536,10.00213623046875,9.98687744140625
0.015376384,10.01739501953125,9.98687744140625
0.015377408,9.979248046875,9.98687744140625
0.015378432,9.9945068359375,9.98687744140625
0.015379456,10.009765625,9.98687744140625
0.01538048,9.98687744140625,9.98687744140625
0.015381504,10.00213623046875,9.98687744140625
0.015382528,10.009765625,9.98687744140625
0.015383552,9.97161865234375,9.98687744140625
0.015384576,9.98687744140625,9.98687744140625
0.0153856,10.00213623046875,9.98687744140625
0.015386624,9.97161865234375,9.98687744140625
0.015387648,9.9945068359375,9.98687744140625
0.015388672,9.98687744140625,9.98687744140625
0.015389696,9.9945068359375,9.98687744140625
0.01539072,9.9945068359375,9.98687744140625
0.015391744,9.98687744140625,9.98687744140625
0.015392768,9.9945068359375,9.98687744140625
0.015393792,10.009765625,9.98687744140625
0.015394816,9.9639892578125,9.98687744140625
0.01539584,10.01739501953125,9.98687744140625
0.015396864,9.97161865234375,9.98687744140625
0.015397888,9.9945068359375,9.98687744140625
0.015398912,9.9945068359375,9.98687744140625
0.015399936,10.00213623046875,9.98687744140625
0.01540096,9.98687744140625,9.98687744140625
0.015401984,9.9945068359375,9.98687744140625
0.015403008,10.00213623046875,9.98687744140625
0.015404032,9.97161865234375,9.98687744140625
0.015405056,10.009765625,9.98687744140625
0.01540608,9.97161865234375,9.98687744140625
0.015407104,9.98687744140625,9.98687744140625
0.015408128,9.9945068359375,9.98687744140625
0.015409152,9.9945068359375,9.98687744140625
0.015410176,9.9945068359375,9.98687744140625
0.0154112,10.01739501953125,9.98687744140625
0.015412224,9.98687744140625,9.9945068359375
0.015413248,9.98687744140625,9.98687744140625
0.015414272,9.95635986328125,9.98687744140625
0.015415296,9.97161865234375,9.98687744140625
0.01541632,9.979248046875,9.98687744140625
0.015417344,9.9945068359375,9.98687744140625
0.015418368,10.009765625,9.98687744140625
0.015419392,9.979248046875,9.98687744140625
0.015420416,10.00213623046875,9.98687744140625
0.01542144,10.00213623046875,9.98687744140625
0.015422464,9.9639892578125,9.98687744140625
0.015423488,10.0250244140625,9.98687744140625
0.015424512,9.979248046875,9.98687744140625
0.015425536,9.9945068359375,9.98687744140625
0.01542656,10.00213623046875,9.98687744140625
0.015427584,9.98687744140625,9.98687744140625
0.015428608,9.97161865234375,9.98687744140625
0.015429632,10.00213623046875,9.98687744140625
0.015430656,9.9639892578125,9.98687744140625
0.01543168,10.01739501953125,9.98687744140625
0.015432704,9.9639892578125,9.98687744140625
0.015433728,10.01739501953125,9.98687744140625
0.015434752,9.98687744140625,9.98687744140625
0.015435776,9.98687744140625,9.98687744140625
0.0154368,10.00213623046875,9.98687744140625
0.015437824,9.9639892578125,9.98687744140625
0.015438848,10.01739501953125,9.98687744140625
0.015439872,9.9639892578125,9.98687744140625
0.015440896,10.01739501953125,9.98687744140625
0.01544192,9.97161865234375,9.98687744140625
0.015442944,10.009765625,9.98687744140625
0.015443968,9.9639892578125,9.98687744140625
0.015444992,9.9945068359375,9.98687744140625
0.015446016,9.979248046875,9.98687744140625
0.01544704,9.979248046875,9.98687744140625
0.015448064,9.979248046875,9.98687744140625
0.015449088,9.9945068359375,9.98687744140625
0.015450112,9.9945068359375,9.98687744140625
0.015451136,9.979248046875,9.98687744140625
0.01545216,9.98687744140625,9.98687744140625
0.015453184,9.98687744140625,9.98687744140625
0.015454208,9.9945068359375,9.98687744140625
0.015455232,10.00213623046875,9.98687744140625
0.015456256,9.98687744140625,9.98687744140625
0.01545728,10.009765625,9.98687744140625
0.015458304,9.94873046875,9.98687744140625
0.015459328,9.9945068359375,9.98687744140625
0.015460352,9.9639892578125,9.98687744140625
0.015461376,10.009765625,9.98687744140625
0.0154624,9.9639892578125,9.98687744140625
0.015463424,10.0250244140625,9.98687744140625
0.015464448,9.97161865234375,9.98687744140625
0.015465472,10.009765625,9.98687744140625
0.015466496,9.98687744140625,9.98687744140625
0.01546752,9.9945068359375,9.98687744140625
0.015468544,10.00213623046875,9.98687744140625
0.015469568,9.97161865234375,9.98687744140625
0.015470592,10.01739501953125,9.98687744140625
0.015471616,9.9639892578125,9.98687744140625
0.01547264,10.009765625,9.98687744140625
0.015473664,9.979248046875,9.98687744140625
0.015474688,9.98687744140625,9.98687744140625
0.015475712,9.9945068359375,9.98687744140625
0.015476736,9.98687744140625,9.98687744140625
0.01547776,9.9945068359375,9.98687744140625
0.015478784,9.9945068359375,9.98687744140625
0.015479808,9.9945068359375,9.98687744140625
0.015480832,9.9945068359375,9.98687744140625
0.015481856,9.97161865234375,9.98687744140625
0.01548288,9.98687744140625,9.98687744140625
0.015483904,10.00213623046875,9.98687744140625
0.015484928,10.00213623046875,9.98687744140625
0.015485952,9.98687744140625,9.98687744140625
0.015486976,9.98687744140625,9.98687744140625
0.015488,9.9945068359375,9.98687744140625
0.015489024,10.00213623046875,9.98687744140625
0.015490048,9.9945068359375,9.98687744140625
0.015491072,10.009765625,9.98687744140625
0.015492096,9.979248046875,9.98687744140625
0.01549312,9.9945068359375,9.98687744140625
0.015494144,10.00213623046875,9.98687744140625
0.015495168,9.9945068359375,9.98687744140625
0.015496192,10.00213623046875,9.98687744140625
0.015497216,9.9945068359375,9.98687744140625
0.01549824,10.009765625,9.98687744140625
0.015499264,9.97161865234375,9.98687744140625
0.015500288,10.009765625,9.98687744140625
0.015501312,9.9639892578125,9.98687744140625
0.015502336,9.9945068359375,9.98687744140625
0.01550336,10.009765625,9.98687744140625
0.015504384,9.97161865234375,9.98687744140625
0.015505408,10.01739501953125,9.98687744140625
0.015506432,9.97161865234375,9.98687744140625
0.015507456,10.01739501953125,9.98687744140625
0.01550848,9.97161865234375,9.98687744140625
0.015509504,10.00213623046875,9.98687744140625
0.015510528,10.009765625,9.98687744140625
0.015511552,9.98687744140625,9.98687744140625
0.015512576,9.9945068359375,9.98687744140625
0.0155136,10.009765625,9.98687744140625
0.015514624,9.9639892578125,9.98687744140625
0.015515648,10.0250244140625,9.98687744140625
0.015516672,9.97161865234375,9.98687744140625
0.015517696,9.9945068359375,9.98687744140625
0.01551872,9.979248046875,9.98687744140625
0.015519744,9.98687744140625,9.98687744140625
0.015520768,10.009765625,9.98687744140625
0.015521792,9.979248046875,9.98687744140625
0.015522816,9.979248046875,9.98687744140625
0.01552384,10.00213623046875,9.98687744140625
0.015524864,9.97161865234375,9.98687744140625
0.015525888,10.03265380859375,9.98687744140625
0.015526912,9.97161865234375,9.98687744140625
0.015527936,9.9945068359375,9.98687744140625
0.01552896,10.00213623046875,9.98687744140625
0.015529984,9.9945068359375,9.98687744140625
0.015531008,10.00213623046875,9.98687744140625
0.015532032,9.9639892578125,9.98687744140625
0.015533056,10.01739501953125,9.98687744140625
0.01553408,9.97161865234375,9.98687744140625
0.015535104,10.01739501953125,9.98687744140625
0.015536128,9.9639892578125,9.98687744140625
0.015537152,10.009765625,9.98687744140625
0.015538176,9.97161865234375,9.98687744140625
0.0155392,10.01739501953125,9.98687744140625
0.015540224,9.979248046875,9.98687744140625
0.015541248,9.98687744140625,9.98687744140625
0.015542272,9.98687744140625,9.98687744140625
0.015543296,9.9945068359375,9.98687744140625
0.01554432,10.009765625,9.98687744140625
0.015545344,9.9639892578125,9.98687744140625
0.015546368,10.01739501953125,9.98687744140625
0.015547392,9.97161865234375,9.98687744140625
0.015548416,9.98687744140625,9.98687744140625
0.01554944,10.00213623046875,9.98687744140625
0.015550464,9.9945068359375,9.98687744140625
0.015551488,9.9945068359375,9.98687744140625
0.015552512,9.9945068359375,9.98687744140625
0.015553536,9.979248046875,9.98687744140625
0.01555456,9.98687744140625,9.98687744140625
0.015555584,9.98687744140625,9.98687744140625
0.015556608,9.9945068359375,9.98687744140625
0.015557632,9.98687744140625,9.98687744140625
0.015558656,9.9945068359375,9.98687744140625
0.01555968,9.9945068359375,9.98687744140625
0.015560704,9.9945068359375,9.98687744140625
0.015561728,10.00213623046875,9.98687744140625
0.015562752,9.979248046875,9.98687744140625
0.015563776,9.9945068359375,9.98687744140625
0.0155648,10.01739501953125,9.98687744140625
0.015565824,9.97161865234375,9.9945068359375
0.015566848,10.01739501953125,9.98687744140625
0.015567872,9.979248046875,9.98687744140625
0.015568896,9.98687744140625,9.98687744140625
0.01556992,9.9945068359375,9.98687744140625
0.015570944,9.9945068359375,9.98687744140625
0.015571968,10.00213623046875,9.98687744140625
0.015572992,9.94110107421875,9.98687744140625
0.015574016,9.9945068359375,9.98687744140625
0.01557504,9.9945068359375,9.98687744140625
0.015576064,9.9945068359375,9.98687744140625
0.015577088,10.00213623046875,9.98687744140625
0.015578112,9.98687744140625,9.98687744140625
0.015579136,9.9945068359375,9.98687744140625
0.01558016,10.00213623046875,9.98687744140625
0.015581184,9.97161865234375,9.98687744140625
0.015582208,10.00213623046875,9.98687744140625
0.015583232,9.9639892578125,9.98687744140625
0.015584256,10.03265380859375,9.98687744140625
0.01558528,9.94873046875,9.98687744140625
0.015586304,10.01739501953125,9.98687744140625
0.015587328,9.979248046875,9.98687744140625
0.015588352,9.9945068359375,9.98687744140625
0.015589376,9.9945068359375,9.9945068359375
0.0155904,10.00213623046875,9.98687744140625
0.015591424,9.95635986328125,9.98687744140625
0.015592448,10.00213623046875,9.98687744140625
0.015593472,9.97161865234375,9.98687744140625
0.015594496,10.0250244140625,9.98687744140625
0.01559552,9.979248046875,9.98687744140625
0.015596544,9.979248046875,9.98687744140625
0.015597568,10.009765625,9.98687744140625
0.015598592,9.98687744140625,9.98687744140625
0.015599616,9.98687744140625,9.98687744140625
0.01560064,9.9945068359375,9.98687744140625
0.015601664,10.009765625,9.98687744140625
0.015602688,9.97161865234375,9.98687744140625
0.015603712,9.98687744140625,9.98687744140625
0.015604736,10.00213623046875,9.98687744140625
0.01560576,10.009765625,9.98687744140625
0.015606784,9.9639892578125,9.98687744140625
0.015607808,10.009765625,9.98687744140625
0.015608832,9.97161865234375,9.98687744140625
0.015609856,9.979248046875,9.98687744140625
0.01561088,9.979248046875,9.98687744140625
0.015611904,9.9945068359375,9.98687744140625
0.015612928,9.979248046875,9.98687744140625
0.015613952,9.9945068359375,9.98687744140625
0.015614976,10.00213623046875,9.98687744140625
0.015616,9.9639892578125,9.98687744140625
0.015617024,10.0250244140625,9.98687744140625
0.015618048,9.979248046875,9.98687744140625
0.015619072,9.9945068359375,9.98687744140625
0.015620096,10.009765625,9.98687744140625
0.01562112,9.9639892578125,9.98687744140625
0.015622144,10.0250244140625,9.98687744140625
0.015623168,9.97161865234375,9.98687744140625
0.015624192,9.9945068359375,9.98687744140625
0.015625216,9.98687744140625,9.98687744140625
0.01562624,9.9945068359375,9.98687744140625
0.015627264,10.00213623046875,9.98687744140625
0.015628288,9.94110107421875,9.98687744140625
0.015629312,9.9945068359375,9.98687744140625
0.015630336,10.00213623046875,9.98687744140625
0.01563136,9.9945068359375,9.98687744140625
0.015632384,9.98687744140625,9.98687744140625
0.015633408,9.9945068359375,9.98687744140625
0.015634432,9.9945068359375,9.98687744140625
0.015635456,10.00213623046875,9.98687744140625
0.01563648,9.97161865234375,9.98687744140625
0.015637504,9.98687744140625,9.98687744140625
0.015638528,9.98687744140625,9.98687744140625
0.015639552,9.9945068359375,9.98687744140625
0.015640576,10.009765625,9.98687744140625
0.0156416,9.97161865234375,9.98687744140625
0.015642624,10.01739501953125,9.98687744140625
0.015643648,9.97161865234375,9.98687744140625
0.015644672,9.9945068359375,9.98687744140625
0.015645696,9.9945068359375,9.98687744140625
0.01564672,9.98687744140625,9.98687744140625
0.015647744,9.9945068359375,9.98687744140625
0.015648768,9.9945068359375,9.98687744140625
0.015649792,9.98687744140625,9.98687744140625
0.015650816,9.98687744140625,9.98687744140625
0.01565184,9.9945068359375,9.98687744140625
0.015652864,9.9945068359375,9.98687744140625
0.015653888,10.00213623046875,9.98687744140625
0.015654912,10.00213623046875,9.98687744140625
0.015655936,10.00213623046875,9.98687744140625
0.01565696,9.98687744140625,9.98687744140625
0.015657984,10.00213623046875,9.98687744140625
0.015659008,9.9945068359375,9.98687744140625
0.015660032,9.9945068359375,9.98687744140625
0.015661056,9.9945068359375,9.98687744140625
0.01566208,9.9945068359375,9.98687744140625
0.015663104,9.98687744140625,9.98687744140625
0.015664128,9.98687744140625,9.98687744140625
0.015665152,9.979248046875,9.98687744140625
0.015666176,9.98687744140625,9.98687744140625
0.0156672,10.00213623046875,9.98687744140625
0.015668224,9.95635986328125,9.98687744140625
0.015669248,10.01739501953125,9.98687744140625
0.015670272,9.979248046875,9.98687744140625
0.015671296,9.9945068359375,9.98687744140625
0.01567232,10.00213623046875,9.98687744140625
0.015673344,9.9639892578125,9.98687744140625
0.015674368,10.01739501953125,9.98687744140625
0.015675392,9.979248046875,9.98687744140625
0.015676416,9.9945068359375,9.98687744140625
0.01567744,9.98687744140625,9.98687744140625
0.015678464,10.00213623046875,9.98687744140625
0.015679488,9.97161865234375,9.98687744140625
0.015680512,10.01739501953125,9.98687744140625
0.015681536,9.98687744140625,9.98687744140625
0.01568256,9.979248046875,9.98687744140625
0.015683584,9.98687744140625,9.98687744140625
0.015684608,9.9945068359375,9.98687744140625
0.015685632,9.9945068359375,9.98687744140625
0.015686656,10.009765625,9.98687744140625
0.01568768,9.9639892578125,9.98687744140625
0.015688704,10.01739501953125,9.98687744140625
0.015689728,9.98687744140625,9.98687744140625
0.015690752,10.00213623046875,9.98687744140625
0.015691776,9.97161865234375,9.98687744140625
0.0156928,10.0250244140625,9.98687744140625
0.015693824,9.979248046875,9.98687744140625
0.015694848,9.98687744140625,9.98687744140625
0.015695872,9.98687744140625,9.98687744140625
0.015696896,9.98687744140625,9.98687744140625
0.01569792,9.9945068359375,9.98687744140625
0.015698944,9.979248046875,9.98687744140625
0.015699968,9.9945068359375,9.98687744140625
0.015700992,9.98687744140625,9.98687744140625
0.015702016,9.979248046875,9.98687744140625
0.01570304,9.98687744140625,9.9945068359375
0.015704064,10.00213623046875,9.98687744140625
0.015705088,9.95635986328125,9.98687744140625
0.015706112,10.01739501953125,9.98687744140625
0.015707136,9.97161865234375,9.98687744140625
0.01570816,10.00213623046875,9.98687744140625
0.015709184,9.97161865234375,9.98687744140625
0.015710208,9.9945068359375,9.98687744140625
0.015711232,10.00213623046875,9.98687744140625
0.015712256,10.00213623046875,9.98687744140625
0.01571328,9.97161865234375,9.98687744140625
0.015714304,10.00213623046875,9.98687744140625
0.015715328,9.9945068359375,9.98687744140625
0.015716352,9.9945068359375,9.98687744140625
0.015717376,9.9945068359375,9.98687744140625
0.0157184,9.9945068359375,9.98687744140625
0.015719424,9.98687744140625,9.98687744140625
0.015720448,9.9945068359375,9.98687744140625
0.015721472,9.98687744140625,9.98687744140625
0.015722496,9.98687744140625,9.98687744140625
0.01572352,9.9945068359375,9.98687744140625
0.015724544,9.9945068359375,9.98687744140625
0.015725568,9.9945068359375,9.98687744140625
0.015726592,10.00213623046875,9.98687744140625
0.015727616,9.9639892578125,9.98687744140625
0.01572864,10.0250244140625,9.9945068359375
0.015729664,9.9945068359375,9.98687744140625
0.015730688,9.9945068359375,9.98687744140625
0.015731712,10.00213623046875,9.98687744140625
0.015732736,9.98687744140625,9.98687744140625
0.01573376,10.00213623046875,9.98687744140625
0.015734784,10.009765625,9.9945068359375
0.015735808,9.95635986328125,9.98687744140625
0.015736832,10.009765625,9.98687744140625
0.015737856,9.97161865234375,9.98687744140625
0.01573888,10.009765625,9.98687744140625
0.015739904,9.95635986328125,9.98687744140625
0.015740928,10.01739501953125,9.98687744140625
0.015741952,9.979248046875,9.98687744140625
0.015742976,9.9945068359375,9.98687744140625
0.015744,9.9945068359375,9.98687744140625
0.015745024,10.009765625,9.98687744140625
0.015746048,9.979248046875,9.98687744140625
0.015747072,9.9945068359375,9.98687744140625
0.015748096,10.00213623046875,9.98687744140625
0.01574912,10.00213623046875,9.98687744140625
0.015750144,9.95635986328125,9.98687744140625
0.015751168,10.009765625,9.98687744140625
0.015752192,9.97161865234375,9.98687744140625
0.015753216,9.979248046875,9.98687744140625
0.01575424,10.00213623046875,9.98687744140625
0.015755264,9.97161865234375,9.98687744140625
0.015756288,9.9639892578125,9.98687744140625
0.015757312,10.01739501953125,9.98687744140625
0.015758336,9.97161865234375,9.98687744140625
0.01575936,9.979248046875,9.98687744140625
0.015760384,9.9945068359375,9.98687744140625
0.015761408,10.00213623046875,9.98687744140625
0.015762432,9.95635986328125,9.98687744140625
0.015763456,10.0250244140625,9.98687744140625
0.01576448,9.97161865234375,9.98687744140625
0.015765504,10.01739501953125,9.98687744140625
0.015766528,9.979248046875,9.98687744140625
0.015767552,9.98687744140625,9.98687744140625
0.015768576,10.009765625,9.98687744140625
0.0157696,9.97161865234375,9.98687744140625
0.015770624,9.9945068359375,9.98687744140625
0.015771648,9.98687744140625,9.98687744140625
0.015772672,10.00213623046875,9.98687744140625
0.015773696,9.95635986328125,9.98687744140625
0.01577472,10.009765625,9.98687744140625
0.015775744,9.979248046875,9.98687744140625
0.015776768,9.9945068359375,9.98687744140625
0.015777792,10.00213623046875,9.98687744140625
0.015778816,9.97161865234375,9.98687744140625
0.01577984,9.9945068359375,9.98687744140625
0.015780864,10.00213623046875,9.98687744140625
0.015781888,9.97161865234375,9.98687744140625
0.015782912,10.009765625,9.98687744140625
0.015783936,9.979248046875,9.98687744140625
0.01578496,9.98687744140625,9.98687744140625
0.015785984,10.00213623046875,9.98687744140625
0.015787008,9.97161865234375,9.98687744140625
0.015788032,10.009765625,9.98687744140625
0.015789056,9.97161865234375,9.98687744140625
0.01579008,9.9945068359375,9.98687744140625
0.015791104,9.979248046875,9.98687744140625
0.015792128,9.9945068359375,9.98687744140625
0.015793152,9.9945068359375,9.98687744140625
0.015794176,9.9945068359375,9.98687744140625
0.0157952,10.00213623046875,9.98687744140625
0.015796224,10.00213623046875,9.9945068359375
0.015797248,9.9945068359375,9.98687744140625
0.015798272,9.9945068359375,9.98687744140625
0.015799296,9.9945068359375,9.98687744140625
0.01580032,10.00213623046875,9.98687744140625
0.015801344,9.9639892578125,9.98687744140625
0.015802368,10.01739501953125,9.98687744140625
0.015803392,9.97161865234375,9.98687744140625
0.015804416,10.00213623046875,9.98687744140625
0.01580544,10.00213623046875,9.98687744140625
0.015806464,9.9945068359375,9.98687744140625
0.015807488,10.009765625,9.98687744140625
0.015808512,9.9639892578125,9.98687744140625
0.015809536,9.9945068359375,9.98687744140625
0.01581056,9.98687744140625,9.98687744140625
0.015811584,10.00213623046875,9.98687744140625
0.015812608,9.9945068359375,9.98687744140625
0.015813632,9.9945068359375,9.98687744140625
0.015814656,9.9945068359375,9.98687744140625
0.01581568,10.00213623046875,9.98687744140625
0.015816704,10.009765625,9.98687744140625
0.015817728,9.9639892578125,9.98687744140625
0.015818752,10.03265380859375,9.98687744140625
0.015819776,9.95635986328125,9.98687744140625
0.0158208,10.01739501953125,9.98687744140625
0.015821824,9.979248046875,9.98687744140625
0.015822848,9.9945068359375,9.98687744140625
0.015823872,10.00213623046875,9.98687744140625
0.015824896,9.9639892578125,9.98687744140625
0.01582592,10.00213623046875,9.98687744140625
0.015826944,9.94873046875,9.98687744140625
0.015827968,10.00213623046875,9.98687744140625
0.015828992,9.9945068359375,9.98687744140625
0.015830016,9.9945068359375,9.98687744140625
0.01583104,9.98687744140625,9.98687744140625
0.015832064,9.979248046875,9.98687744140625
0.015833088,10.00213623046875,9.98687744140625
0.015834112,9.9639892578125,9.98687744140625
0.015835136,10.00213623046875,9.98687744140625
0.01583616,10.00213623046875,9.98687744140625
0.015837184,9.97161865234375,9.98687744140625
0.015838208,10.0250244140625,9.98687744140625
0.015839232,9.9639892578125,9.98687744140625
0.015840256,10.0250244140625,9.98687744140625
0.01584128,9.98687744140625,9.98687744140625
0.015842304,10.00213623046875,9.98687744140625
0.015843328,9.97161865234375,9.98687744140625
0.015844352,9.98687744140625,9.98687744140625
0.015845376,9.98687744140625,9.98687744140625
0.0158464,9.979248046875,9.98687744140625
0.015847424,9.98687744140625,9.98687744140625
0.015848448,10.009765625,9.98687744140625
0.015849472,9.95635986328125,9.98687744140625
0.015850496,10.0250244140625,9.98687744140625
0.01585152,9.97161865234375,9.98687744140625
0.015852544,9.98687744140625,9.98687744140625
0.015853568,10.00213623046875,9.98687744140625
0.015854592,9.98687744140625,9.98687744140625
0.015855616,9.9945068359375,9.98687744140625
0.01585664,9.98687744140625,9.98687744140625
0.015857664,10.009765625,9.98687744140625
0.015858688,9.97161865234375,9.98687744140625
0.015859712,9.98687744140625,9.98687744140625
0.015860736,10.00213623046875,9.98687744140625
0.01586176,9.97161865234375,9.98687744140625
0.015862784,10.00213623046875,9.98687744140625
0.015863808,9.94873046875,9.98687744140625
0.015864832,10.01739501953125,9.98687744140625
0.015865856,9.97161865234375,9.98687744140625
0.01586688,10.01739501953125,9.98687744140625
0.015867904,9.97161865234375,9.98687744140625
0.015868928,9.9945068359375,9.98687744140625
0.015869952,9.98687744140625,9.98687744140625
0.015870976,9.98687744140625,9.98687744140625
0.015872,10.00213623046875,9.98687744140625
0.015873024,9.9639892578125,9.98687744140625
0.015874048,10.01739501953125,9.98687744140625
0.015875072,9.97161865234375,9.98687744140625
0.015876096,10.00213623046875,9.98687744140625
0.01587712,9.9945068359375,9.98687744140625
0.015878144,9.9945068359375,9.98687744140625
0.015879168,9.9945068359375,9.98687744140625
0.015880192,10.009765625,9.98687744140625
0.015881216,9.95635986328125,9.98687744140625
0.01588224,10.00213623046875,9.98687744140625
0.015883264,9.9945068359375,9.98687744140625
0.015884288,9.9945068359375,9.98687744140625
0.015885312,9.9945068359375,9.98687744140625
0.015886336,9.98687744140625,9.98687744140625
0.01588736,9.9945068359375,9.98687744140625
0.015888384,10.00213623046875,9.98687744140625
0.015889408,9.98687744140625,9.98687744140625
0.015890432,10.00213623046875,9.98687744140625
0.015891456,9.95635986328125,9.98687744140625
0.01589248,10.01739501953125,9.98687744140625
0.015893504,9.9639892578125,9.98687744140625
0.015894528,10.01739501953125,9.9945068359375
0.015895552,9.95635986328125,9.98687744140625
0.015896576,10.009765625,9.98687744140625
0.0158976,9.9639892578125,9.98687744140625
0.015898624,10.009765625,9.98687744140625
0.015899648,9.94873046875,9.98687744140625
0.015900672,10.00213623046875,9.98687744140625
0.015901696,10.00213623046875,9.98687744140625
0.01590272,9.94873046875,9.98687744140625
0.015903744,10.00213623046875,9.98687744140625
0.015904768,9.9639892578125,9.9945068359375
0.015905792,10.009765625,9.98687744140625
0.015906816,9.9639892578125,9.98687744140625
0.01590784,10.00213623046875,9.98687744140625
0.015908864,9.979248046875,9.98687744140625
0.015909888,9.979248046875,9.98687744140625
0.015910912,9.9945068359375,9.98687744140625
0.015911936,10.00213623046875,9.98687744140625
0.01591296,10.00213623046875,9.98687744140625
0.015913984,9.9945068359375,9.98687744140625
0.015915008,9.98687744140625,9.98687744140625
0.015916032,9.9945068359375,9.98687744140625
0.015917056,9.979248046875,9.98687744140625
0.01591808,9.98687744140625,9.98687744140625
0.015919104,9.9945068359375,9.98687744140625
0.015920128,9.979248046875,9.98687744140625
0.015921152,9.979248046875,9.98687744140625
0.015922176,9.979248046875,9.98687744140625
0.0159232,9.9945068359375,9.98687744140625
0.015924224,10.00213623046875,9.98687744140625
0.015925248,9.97161865234375,9.98687744140625
0.015926272,9.9945068359375,9.9945068359375
0.015927296,9.9945068359375,9.98687744140625
0.01592832,9.98687744140625,9.98687744140625
0.015929344,9.9945068359375,9.98687744140625
0.015930368,10.00213623046875,9.98687744140625
0.015931392,10.00213623046875,9.98687744140625
0.015932416,9.98687744140625,9.98687744140625
0.01593344,9.98687744140625,9.98687744140625
0.015934464,9.9945068359375,9.98687744140625
0.015935488,9.9945068359375,9.98687744140625
0.015936512,10.00213623046875,9.98687744140625
0.015937536,9.9945068359375,9.98687744140625
0.01593856,9.9945068359375,9.98687744140625
0.015939584,9.9945068359375,9.98687744140625
0.015940608,10.00213623046875,9.98687744140625
0.015941632,10.009765625,9.98687744140625
0.015942656,9.97161865234375,9.98687744140625
0.01594368,10.009765625,9.98687744140625
0.015944704,9.97161865234375,9.98687744140625
0.015945728,9.9945068359375,9.98687744140625
0.015946752,10.009765625,9.98687744140625
0.015947776,9.95635986328125,9.98687744140625
0.0159488,10.01739501953125,9.98687744140625
0.015949824,9.97161865234375,9.98687744140625
0.015950848,10.01739501953125,9.98687744140625
0.015951872,9.97161865234375,9.98687744140625
0.015952896,9.98687744140625,9.98687744140625
0.01595392,9.9945068359375,9.98687744140625
0.015954944,10.00213623046875,9.98687744140625
0.015955968,9.98687744140625,9.98687744140625
0.015956992,9.9945068359375,9.98687744140625
0.015958016,10.009765625,9.98687744140625
0.01595904,9.95635986328125,9.98687744140625
0.015960064,10.03265380859375,9.98687744140625
0.015961088,9.94873046875,9.98687744140625
0.015962112,10.009765625,9.98687744140625
0.015963136,9.9639892578125,9.98687744140625
0.01596416,10.009765625,9.98687744140625
0.015965184,9.97161865234375,9.98687744140625
0.015966208,10.0250244140625,9.98687744140625
0.015967232,9.979248046875,9.98687744140625
0.015968256,9.98687744140625,9.98687744140625
0.01596928,9.979248046875,9.98687744140625
0.015970304,9.9945068359375,9.98687744140625
0.015971328,9.979248046875,9.98687744140625
0.015972352,9.98687744140625,9.98687744140625
0.015973376,9.98687744140625,9.98687744140625
0.0159744,9.9945068359375,9.98687744140625
0.015975424,9.9945068359375,9.98687744140625
0.015976448,10.00213623046875,9.98687744140625
0.015977472,9.9945068359375,9.98687744140625
0.015978496,10.00213623046875,9.98687744140625
0.01597952,10.00213623046875,9.98687744140625
0.015980544,10.009765625,9.98687744140625
0.015981568,9.98687744140625,9.98687744140625
0.015982592,9.9945068359375,9.98687744140625
0.015983616,10.009765625,9.98687744140625
0.01598464,9.97161865234375,9.98687744140625
0.015985664,9.9945068359375,9.98687744140625
0.015986688,9.9945068359375,9.98687744140625
0.015987712,9.9945068359375,9.98687744140625
0.015988736,9.9945068359375,9.98687744140625
0.01598976,9.98687744140625,9.98687744140625
0.015990784,9.98687744140625,9.98687744140625
0.015991808,9.98687744140625,9.98687744140625
0.015992832,9.9945068359375,9.98687744140625
0.015993856,10.009765625,9.98687744140625
0.01599488,9.9639892578125,9.98687744140625
0.015995904,10.0250244140625,9.98687744140625
0.015996928,9.9639892578125,9.98687744140625
0.015997952,10.03265380859375,9.98687744140625
0.015998976,9.98687744140625,9.98687744140625
0.016,9.9945068359375,9.98687744140625
0.016001024,9.9945068359375,9.98687744140625
0.016002048,9.9945068359375,9.98687744140625
0.016003072,10.009765625,9.98687744140625
0.016004096,9.9639892578125,9.98687744140625
0.01600512,10.01739501953125,9.98687744140625
0.016006144,9.97161865234375,9.98687744140625
0.016007168,9.98687744140625,9.98687744140625
0.016008192,9.979248046875,9.98687744140625
0.016009216,9.9945068359375,9.98687744140625
0.01601024,9.98687744140625,9.98687744140625
0.016011264,9.98687744140625,9.98687744140625
0.016012288,9.9945068359375,9.98687744140625
0.016013312,9.98687744140625,9.98687744140625
0.016014336,9.98687744140625,9.98687744140625
0.01601536,9.98687744140625,9.98687744140625
0.016016384,10.009765625,9.98687744140625
0.016017408,9.979248046875,9.98687744140625
0.016018432,9.98687744140625,9.98687744140625
0.016019456,9.98687744140625,9.98687744140625
0.01602048,10.00213623046875,9.98687744140625
0.016021504,9.97161865234375,9.98687744140625
0.016022528,9.98687744140625,9.98687744140625
0.016023552,10.009765625,9.98687744140625
0.016024576,9.97161865234375,9.98687744140625
0.0160256,9.979248046875,9.98687744140625
0.016026624,9.979248046875,9.98687744140625
0.016027648,9.9945068359375,9.98687744140625
0.016028672,9.9945068359375,9.98687744140625
0.016029696,10.009765625,9.98687744140625
0.01603072,9.9639892578125,9.98687744140625
0.016031744,10.03265380859375,9.98687744140625
0.016032768,9.95635986328125,9.98687744140625
0.016033792,10.0250244140625,9.98687744140625
0.016034816,9.979248046875,9.98687744140625
0.01603584,10.00213623046875,9.98687744140625
0.016036864,9.979248046875,9.98687744140625
0.016037888,10.009765625,9.98687744140625
0.016038912,9.97161865234375,9.98687744140625
0.016039936,9.9945068359375,9.98687744140625
0.01604096,10.00213623046875,9.98687744140625
0.016041984,9.9639892578125,9.98687744140625
0.016043008,10.01739501953125,9.98687744140625
0.016044032,9.95635986328125,9.98687744140625
0.016045056,10.009765625,9.98687744140625
0.01604608,9.979248046875,9.98687744140625
0.016047104,9.98687744140625,9.98687744140625
0.016048128,9.9945068359375,9.98687744140625
0.016049152,10.009765625,9.98687744140625
0.016050176,9.97161865234375,9.98687744140625
0.0160512,9.98687744140625,9.98687744140625
0.016052224,10.00213623046875,9.98687744140625
0.016053248,9.9639892578125,9.98687744140625
0.016054272,10.01739501953125,9.98687744140625
0.016055296,9.97161865234375,9.98687744140625
0.01605632,10.00213623046875,9.98687744140625
0.016057344,9.97161865234375,9.98687744140625
0.016058368,9.979248046875,9.98687744140625
0.016059392,9.98687744140625,9.98687744140625
0.016060416,9.98687744140625,9.98687744140625
0.01606144,9.98687744140625,9.98687744140625
0.016062464,9.979248046875,9.98687744140625
0.016063488,10.00213623046875,9.98687744140625
0.016064512,9.98687744140625,9.98687744140625
0.016065536,10.00213623046875,9.98687744140625
0.01606656,10.00213623046875,9.98687744140625
0.016067584,9.9639892578125,9.98687744140625
0.016068608,10.01739501953125,9.98687744140625
0.016069632,9.98687744140625,9.98687744140625
0.016070656,9.9945068359375,9.98687744140625
0.01607168,9.9945068359375,9.98687744140625
0.016072704,10.009765625,9.98687744140625
0.016073728,9.97161865234375,9.98687744140625
0.016074752,10.009765625,9.98687744140625
0.016075776,9.979248046875,9.98687744140625
0.0160768,9.98687744140625,9.98687744140625
0.016077824,9.979248046875,9.98687744140625
0.016078848,9.98687744140625,9.98687744140625
0.016079872,10.00213623046875,9.98687744140625
0.016080896,9.97161865234375,9.98687744140625
0.01608192,10.0250244140625,9.98687744140625
0.016082944,9.97161865234375,9.9945068359375
0.016083968,10.01739501953125,9.98687744140625
0.016084992,9.979248046875,9.98687744140625
0.016086016,9.9945068359375,9.98687744140625
0.01608704,10.00213623046875,9.98687744140625
0.016088064,10.00213623046875,9.98687744140625
0.016089088,9.97161865234375,9.98687744140625
0.016090112,10.00213623046875,9.98687744140625
0.016091136,9.9639892578125,9.98687744140625
0.01609216,10.01739501953125,9.98687744140625
0.016093184,9.979248046875,9.98687744140625
0.016094208,9.98687744140625,9.98687744140625
0.016095232,9.98687744140625,9.98687744140625
0.016096256,9.979248046875,9.98687744140625
0.01609728,9.9945068359375,9.98687744140625
0.016098304,9.9945068359375,9.98687744140625
0.016099328,9.9945068359375,9.98687744140625
0.016100352,9.98687744140625,9.98687744140625
0.016101376,9.9945068359375,9.98687744140625
0.0161024,10.00213623046875,9.98687744140625
0.016103424,9.979248046875,9.98687744140625
0.016104448,9.97161865234375,9.98687744140625
0.016105472,10.00213623046875,9.98687744140625
0.016106496,9.9945068359375,9.98687744140625
0.01610752,9.98687744140625,9.98687744140625
0.016108544,9.98687744140625,9.98687744140625
0.016109568,10.00213623046875,9.98687744140625
0.016110592,9.95635986328125,9.98687744140625
0.016111616,10.0250244140625,9.98687744140625
0.01611264,9.9639892578125,9.98687744140625
0.016113664,10.009765625,9.98687744140625
0.016114688,9.9639892578125,9.98687744140625
0.016115712,10.009765625,9.98687744140625
0.016116736,9.95635986328125,9.98687744140625
0.01611776,10.00213623046875,9.98687744140625
0.016118784,9.97161865234375,9.98687744140625
0.016119808,10.00213623046875,9.98687744140625
0.016120832,9.979248046875,9.98687744140625
0.016121856,9.9945068359375,9.98687744140625
0.01612288,10.01739501953125,9.98687744140625
0.016123904,9.979248046875,9.98687744140625
0.016124928,9.98687744140625,9.98687744140625
0.016125952,10.00213623046875,9.98687744140625
0.016126976,10.009765625,9.98687744140625
0.016128,9.95635986328125,9.98687744140625
0.016129024,10.00213623046875,9.98687744140625
0.016130048,10.00213623046875,9.98687744140625
0.016131072,9.98687744140625,9.98687744140625
0.016132096,9.98687744140625,9.98687744140625
0.01613312,9.98687744140625,9.98687744140625
0.016134144,9.98687744140625,9.98687744140625
0.016135168,9.9945068359375,9.98687744140625
0.016136192,9.9945068359375,9.98687744140625
0.016137216,9.9945068359375,9.98687744140625
0.01613824,10.00213623046875,9.98687744140625
0.016139264,10.009765625,9.98687744140625
0.016140288,9.979248046875,9.9945068359375
0.016141312,10.00213623046875,9.98687744140625
0.016142336,9.97161865234375,9.98687744140625
0.01614336,10.009765625,9.98687744140625
0.016144384,9.9639892578125,9.98687744140625
0.016145408,10.01739501953125,9.98687744140625
0.016146432,9.979248046875,9.98687744140625
0.016147456,9.98687744140625,9.98687744140625
0.01614848,10.00213623046875,9.98687744140625
0.016149504,9.979248046875,9.98687744140625
0.016150528,9.979248046875,9.98687744140625
0.016151552,9.9945068359375,9.98687744140625
0.016152576,10.00213623046875,9.98687744140625
0.0161536,9.9945068359375,9.98687744140625
0.016154624,9.9945068359375,9.98687744140625
0.016155648,10.00213623046875,9.98687744140625
0.016156672,10.00213623046875,9.98687744140625
0.016157696,9.979248046875,9.98687744140625
0.01615872,10.00213623046875,9.98687744140625
0.016159744,9.97161865234375,9.98687744140625
0.016160768,10.00213623046875,9.98687744140625
0.016161792,9.979248046875,9.98687744140625
0.016162816,9.98687744140625,9.98687744140625
0.01616384,10.00213623046875,9.98687744140625
0.016164864,9.9945068359375,9.98687744140625
0.016165888,10.00213623046875,9.98687744140625
0.016166912,10.00213623046875,9.98687744140625
0.016167936,9.979248046875,9.98687744140625
0.01616896,9.9945068359375,9.98687744140625
0.016169984,9.98687744140625,9.98687744140625
0.016171008,9.9945068359375,9.98687744140625
0.016172032,9.98687744140625,9.98687744140625
0.016173056,10.00213623046875,9.98687744140625
0.01617408,10.00213623046875,9.98687744140625
0.016175104,10.01739501953125,9.9945068359375
0.016176128,9.97161865234375,9.98687744140625
0.016177152,10.01739501953125,9.98687744140625
0.016178176,9.97161865234375,9.98687744140625
0.0161792,9.9945068359375,9.98687744140625
0.016180224,10.00213623046875,9.98687744140625
0.016181248,9.98687744140625,9.98687744140625
0.016182272,10.00213623046875,9.98687744140625
0.016183296,9.97161865234375,9.98687744140625
0.01618432,10.00213623046875,9.98687744140625
0.016185344,9.9639892578125,9.98687744140625
0.016186368,10.0250244140625,9.98687744140625
0.016187392,9.97161865234375,9.98687744140625
0.016188416,9.9945068359375,9.98687744140625
0.01618944,10.00213623046875,9.98687744140625
0.016190464,9.97161865234375,9.98687744140625
0.016191488,10.01739501953125,9.98687744140625
0.016192512,9.979248046875,9.98687744140625
0.016193536,10.00213623046875,9.98687744140625
0.01619456,9.97161865234375,9.98687744140625
0.016195584,10.009765625,9.98687744140625
0.016196608,9.9639892578125,9.98687744140625
0.016197632,10.0250244140625,9.98687744140625
0.016198656,9.98687744140625,9.98687744140625
0.01619968,10.00213623046875,9.98687744140625
0.016200704,9.979248046875,9.98687744140625
0.016201728,9.9945068359375,9.98687744140625
0.016202752,9.9945068359375,9.98687744140625
0.016203776,9.979248046875,9.98687744140625
0.0162048,9.98687744140625,9.98687744140625
0.016205824,10.00213623046875,9.98687744140625
0.016206848,9.9639892578125,9.98687744140625
0.016207872,10.01739501953125,9.98687744140625
0.016208896,9.979248046875,9.98687744140625
0.01620992,9.98687744140625,9.98687744140625
0.016210944,9.9945068359375,9.98687744140625
0.016211968,9.9945068359375,9.98687744140625
0.016212992,9.9945068359375,9.98687744140625
0.016214016,10.00213623046875,9.98687744140625
0.01621504,9.9639892578125,9.98687744140625
0.016216064,10.00213623046875,9.98687744140625
0.016217088,9.9639892578125,9.98687744140625
0.016218112,10.009765625,9.98687744140625
0.016219136,9.95635986328125,9.98687744140625
0.01622016,9.9945068359375,9.98687744140625
0.016221184,9.9945068359375,9.98687744140625
0.016222208,9.9945068359375,9.98687744140625
0.016223232,9.98687744140625,9.98687744140625
0.016224256,9.9945068359375,9.98687744140625
0.01622528,10.00213623046875,9.98687744140625
0.016226304,9.97161865234375,9.98687744140625
0.016227328,9.979248046875,9.98687744140625
0.016228352,10.009765625,9.98687744140625
0.016229376,9.9639892578125,9.98687744140625
0.0162304,10.0250244140625,9.98687744140625
0.016231424,9.97161865234375,9.98687744140625
0.016232448,9.98687744140625,9.98687744140625
0.016233472,10.009765625,9.98687744140625
0.016234496,9.97161865234375,9.98687744140625
0.01623552,9.9945068359375,9.98687744140625
0.016236544,9.9945068359375,9.98687744140625
0.016237568,9.98687744140625,9.98687744140625
0.016238592,9.98687744140625,9.98687744140625
0.016239616,9.98687744140625,9.98687744140625
0.01624064,9.979248046875,9.98687744140625
0.016241664,9.979248046875,9.98687744140625
0.016242688,9.9639892578125,9.98687744140625
0.016243712,10.01739501953125,9.98687744140625
0.016244736,9.97161865234375,9.98687744140625
0.01624576,9.9945068359375,9.98687744140625
0.016246784,10.00213623046875,9.98687744140625
0.016247808,10.00213623046875,9.98687744140625
0.016248832,9.9945068359375,9.98687744140625
0.016249856,9.98687744140625,9.98687744140625
0.01625088,10.009765625,9.98687744140625
0.016251904,9.9639892578125,9.98687744140625
0.016252928,10.01739501953125,9.98687744140625
0.016253952,9.97161865234375,9.98687744140625
0.016254976,10.009765625,9.98687744140625
0.016256,9.94873046875,9.98687744140625
0.016257024,10.01739501953125,9.98687744140625
0.016258048,9.9639892578125,9.98687744140625
0.016259072,10.009765625,9.98687744140625
0.016260096,9.979248046875,9.98687744140625
0.01626112,9.98687744140625,9.98687744140625
0.016262144,10.00213623046875,9.98687744140625
0.016263168,9.9639892578125,9.98687744140625
0.016264192,10.009765625,9.98687744140625
0.016265216,9.979248046875,9.98687744140625
0.01626624,9.9945068359375,9.98687744140625
0.016267264,9.98687744140625,9.98687744140625
0.016268288,10.00213623046875,9.98687744140625
0.016269312,10.00213623046875,9.98687744140625
0.016270336,9.97161865234375,9.98687744140625
0.01627136,10.009765625,9.98687744140625
0.016272384,9.9639892578125,9.98687744140625
0.016273408,10.009765625,9.98687744140625
0.016274432,9.94873046875,9.98687744140625
0.016275456,10.01739501953125,9.9945068359375
0.01627648,9.97161865234375,9.98687744140625
0.016277504,10.00213623046875,9.98687744140625
0.016278528,10.00213623046875,9.98687744140625
0.016279552,9.9945068359375,9.98687744140625
0.016280576,9.98687744140625,9.98687744140625
0.0162816,10.009765625,9.98687744140625
0.016282624,9.979248046875,9.98687744140625
0.016283648,10.00213623046875,9.98687744140625
0.016284672,9.9945068359375,9.98687744140625
0.016285696,9.9945068359375,9.98687744140625
0.01628672,9.979248046875,9.98687744140625
0.016287744,9.98687744140625,9.98687744140625
0.016288768,9.98687744140625,9.98687744140625
0.016289792,9.979248046875,9.98687744140625
0.016290816,9.98687744140625,9.98687744140625
0.01629184,9.9945068359375,9.98687744140625
0.016292864,9.98687744140625,9.98687744140625
0.016293888,9.98687744140625,9.98687744140625
0.016294912,9.98687744140625,9.98687744140625
0.016295936,10.00213623046875,9.98687744140625
0.01629696,10.00213623046875,9.98687744140625
0.016297984,9.97161865234375,9.98687744140625
0.016299008,9.9945068359375,9.9945068359375
0.016300032,9.9945068359375,9.98687744140625
0.016301056,10.00213623046875,9.98687744140625
0.01630208,9.979248046875,9.98687744140625
0.016303104,10.00213623046875,9.98687744140625
0.016304128,9.979248046875,9.98687744140625
0.016305152,9.98687744140625,9.98687744140625
0.016306176,9.979248046875,9.98687744140625
0.0163072,9.98687744140625,9.98687744140625
0.016308224,10.00213623046875,9.98687744140625
0.016309248,9.97161865234375,9.98687744140625
0.016310272,9.979248046875,9.98687744140625
0.016311296,9.9945068359375,9.98687744140625
0.01631232,9.9945068359375,9.98687744140625
0.016313344,10.00213623046875,9.98687744140625
0.016314368,10.009765625,9.98687744140625
0.016315392,9.97161865234375,9.98687744140625
0.016316416,10.0250244140625,9.98687744140625
0.01631744,9.979248046875,9.98687744140625
0.016318464,10.00213623046875,9.98687744140625
0.016319488,10.00213623046875,9.98687744140625
0.016320512,9.9945068359375,9.98687744140625
0.016321536,10.00213623046875,9.98687744140625
0.01632256,9.97161865234375,9.98687744140625
0.016323584,10.01739501953125,9.98687744140625
0.016324608,9.97161865234375,9.98687744140625
0.016325632,10.03265380859375,9.98687744140625
0.016326656,9.97161865234375,9.98687744140625
0.01632768,9.9945068359375,9.98687744140625
0.016328704,10.009765625,9.98687744140625
0.016329728,9.97161865234375,9.98687744140625
0.016330752,10.00213623046875,9.98687744140625
0.016331776,9.97161865234375,9.98687744140625
0.0163328,9.9945068359375,9.98687744140625
0.016333824,10.00213623046875,9.98687744140625
0.016334848,9.98687744140625,9.98687744140625
0.016335872,10.00213623046875,9.98687744140625
0.016336896,10.00213623046875,9.98687744140625
0.01633792,9.979248046875,9.98687744140625
0.016338944,9.9945068359375,9.98687744140625
0.016339968,9.9945068359375,9.98687744140625
0.016340992,9.979248046875,9.98687744140625
0.016342016,9.9945068359375,9.98687744140625
0.01634304,9.98687744140625,9.98687744140625
0.016344064,9.9945068359375,9.98687744140625
0.016345088,9.9945068359375,9.98687744140625
0.016346112,10.009765625,9.98687744140625
0.016347136,9.98687744140625,9.98687744140625
0.01634816,10.00213623046875,9.98687744140625
0.016349184,9.9639892578125,9.98687744140625
0.016350208,10.00213623046875,9.98687744140625
0.016351232,9.97161865234375,9.98687744140625
0.016352256,9.98687744140625,9.98687744140625
0.01635328,9.979248046875,9.98687744140625
0.016354304,9.9945068359375,9.98687744140625
0.016355328,9.9945068359375,9.98687744140625
0.016356352,9.979248046875,9.98687744140625
0.016357376,9.98687744140625,9.98687744140625
0.0163584,9.98687744140625,9.98687744140625
0.016359424,9.979248046875,9.98687744140625
0.016360448,9.9945068359375,9.98687744140625
0.016361472,9.98687744140625,9.98687744140625
0.016362496,10.00213623046875,9.98687744140625
0.01636352,9.979248046875,9.98687744140625
0.016364544,9.9945068359375,9.98687744140625
0.016365568,10.00213623046875,9.98687744140625
0.016366592,9.97161865234375,9.98687744140625
0.016367616,10.01739501953125,9.98687744140625
0.01636864,9.97161865234375,9.98687744140625
0.016369664,10.01739501953125,9.98687744140625
0.016370688,9.9639892578125,9.9945068359375
0.016371712,10.009765625,9.98687744140625
0.016372736,9.97161865234375,9.98687744140625
0.01637376,9.98687744140625,9.98687744140625
0.016374784,9.979248046875,9.98687744140625
0.016375808,9.9639892578125,9.98687744140625
0.016376832,10.009765625,9.98687744140625
0.016377856,9.9639892578125,9.98687744140625
0.01637888,10.009765625,9.98687744140625
0.016379904,9.979248046875,9.98687744140625
0.016380928,9.98687744140625,9.98687744140625
0.016381952,10.00213623046875,9.98687744140625
0.016382976,9.97161865234375,9.9945068359375
0.016384,10.009765625,9.98687744140625
0.016385024,9.979248046875,9.98687744140625
0.016386048,9.98687744140625,9.98687744140625
0.016387072,9.98687744140625,9.98687744140625
0.016388096,9.98687744140625,9.98687744140625
0.01638912,10.00213623046875,9.98687744140625
0.016390144,9.9945068359375,9.98687744140625
0.016391168,9.9945068359375,9.98687744140625
0.016392192,9.979248046875,9.98687744140625
0.016393216,9.979248046875,9.98687744140625
0.01639424,9.98687744140625,9.98687744140625
0.016395264,9.9945068359375,9.98687744140625
0.016396288,9.979248046875,9.98687744140625
0.016397312,9.98687744140625,9.98687744140625
0.016398336,9.9945068359375,9.98687744140625
0.01639936,10.00213623046875,9.98687744140625
0.016400384,9.9945068359375,9.98687744140625
0.016401408,10.00213623046875,9.98687744140625
0.016402432,10.009765625,9.98687744140625
0.016403456,9.97161865234375,9.98687744140625
0.01640448,10.01739501953125,9.98687744140625
0.016405504,9.979248046875,9.98687744140625
0.016406528,9.9945068359375,9.98687744140625
0.016407552,10.00213623046875,9.98687744140625
0.016408576,10.00213623046875,9.98687744140625
0.0164096,10.00213623046875,9.98687744140625
0.016410624,9.94873046875,9.98687744140625
0.016411648,10.009765625,9.98687744140625
0.016412672,9.9639892578125,9.98687744140625
0.016413696,10.00213623046875,9.98687744140625
0.01641472,9.9945068359375,9.98687744140625
0.016415744,10.00213623046875,9.98687744140625
0.016416768,9.9945068359375,9.98687744140625
0.016417792,10.00213623046875,9.98687744140625
0.016418816,10.009765625,9.98687744140625
0.01641984,9.9639892578125,9.98687744140625
0.016420864,10.01739501953125,9.98687744140625
0.016421888,9.97161865234375,9.98687744140625
0.016422912,9.9945068359375,9.98687744140625
0.016423936,10.00213623046875,9.98687744140625
0.01642496,9.9945068359375,9.98687744140625
0.016425984,9.98687744140625,9.98687744140625
0.016427008,9.9945068359375,9.98687744140625
0.016428032,9.9945068359375,9.98687744140625
0.016429056,9.9945068359375,9.98687744140625
0.01643008,10.009765625,9.98687744140625
0.016431104,9.9639892578125,9.98687744140625
0.016432128,10.009765625,9.98687744140625
0.016433152,9.979248046875,9.98687744140625
0.016434176,10.009765625,9.98687744140625
0.0164352,9.9639892578125,9.98687744140625
0.016436224,10.0250244140625,9.98687744140625
0.016437248,9.97161865234375,9.98687744140625
0.016438272,10.01739501953125,9.98687744140625
0.016439296,9.9639892578125,9.98687744140625
0.01644032,10.01739501953125,9.98687744140625
0.016441344,9.98687744140625,9.98687744140625
0.016442368,9.98687744140625,9.98687744140625
0.016443392,9.979248046875,9.98687744140625
0.016444416,9.98687744140625,9.98687744140625
0.01644544,9.98687744140625,9.98687744140625
0.016446464,9.9945068359375,9.98687744140625
0.016447488,10.00213623046875,9.98687744140625
0.016448512,10.00213623046875,9.98687744140625
0.016449536,9.979248046875,9.98687744140625
0.01645056,9.9945068359375,9.98687744140625
0.016451584,10.00213623046875,9.98687744140625
0.016452608,9.979248046875,9.98687744140625
0.016453632,9.98687744140625,9.98687744140625
0.016454656,9.98687744140625,9.98687744140625
0.01645568,9.9945068359375,9.98687744140625
0.016456704,9.9945068359375,9.98687744140625
0.016457728,9.9945068359375,9.98687744140625
0.016458752,9.98687744140625,9.98687744140625
0.016459776,9.98687744140625,9.98687744140625
0.0164608,10.00213623046875,9.98687744140625
0.016461824,9.9639892578125,9.98687744140625
0.016462848,10.01739501953125,9.98687744140625
0.016463872,9.9639892578125,9.98687744140625
0.016464896,10.00213623046875,9.98687744140625
0.01646592,9.97161865234375,9.98687744140625
0.016466944,10.00213623046875,9.98687744140625
0.016467968,9.9945068359375,9.98687744140625
0.016468992,10.01739501953125,9.98687744140625
0.016470016,9.97161865234375,9.98687744140625
0.01647104,9.9945068359375,9.98687744140625
0.016472064,10.00213623046875,9.98687744140625
0.016473088,10.009765625,9.98687744140625
0.016474112,9.9639892578125,9.98687744140625
0.016475136,10.009765625,9.98687744140625
0.01647616,9.97161865234375,9.98687744140625
0.016477184,10.01739501953125,9.98687744140625
0.016478208,9.979248046875,9.98687744140625
0.016479232,9.98687744140625,9.98687744140625
0.016480256,9.9945068359375,9.98687744140625
0.01648128,9.9945068359375,9.98687744140625
0.016482304,9.9945068359375,9.98687744140625
0.016483328,10.00213623046875,9.98687744140625
0.016484352,10.00213623046875,9.98687744140625
0.016485376,9.9639892578125,9.98687744140625
0.0164864,10.009765625,9.98687744140625
0.016487424,9.979248046875,9.98687744140625
0.016488448,10.00213623046875,9.98687744140625
0.016489472,9.9945068359375,9.98687744140625
0.016490496,9.98687744140625,9.98687744140625
0.01649152,10.00213623046875,9.98687744140625
0.016492544,9.9945068359375,9.98687744140625
0.016493568,10.00213623046875,9.98687744140625
0.016494592,9.97161865234375,9.98687744140625
0.016495616,9.98687744140625,9.98687744140625
0.01649664,9.9945068359375,9.98687744140625
0.016497664,10.00213623046875,9.98687744140625
0.016498688,9.9945068359375,9.98687744140625
0.016499712,9.979248046875,9.98687744140625
0.016500736,10.00213623046875,9.98687744140625
0.01650176,9.9639892578125,9.98687744140625
0.016502784,10.009765625,9.98687744140625
0.016503808,9.97161865234375,9.98687744140625
0.016504832,9.98687744140625,9.98687744140625
0.016505856,9.98687744140625,9.98687744140625
0.01650688,9.979248046875,9.98687744140625
0.016507904,9.97161865234375,9.98687744140625
0.016508928,9.979248046875,9.98687744140625
0.016509952,9.98687744140625,9.98687744140625
0.016510976,9.98687744140625,9.98687744140625
0.016512,9.98687744140625,9.98687744140625
0.016513024,9.979248046875,9.98687744140625
0.016514048,9.98687744140625,9.98687744140625
0.016515072,10.00213623046875,9.98687744140625
0.016516096,9.98687744140625,9.98687744140625
0.01651712,10.00213623046875,9.98687744140625
0.016518144,9.98687744140625,9.98687744140625
0.016519168,10.009765625,9.98687744140625
0.016520192,9.97161865234375,9.98687744140625
0.016521216,10.01739501953125,9.98687744140625
0.01652224,9.97161865234375,9.98687744140625
0.016523264,10.01739501953125,9.98687744140625
0.016524288,9.95635986328125,9.98687744140625
0.016525312,10.009765625,9.98687744140625
0.016526336,9.9639892578125,9.98687744140625
0.01652736,10.00213623046875,9.98687744140625
0.016528384,10.00213623046875,9.98687744140625
0.016529408,9.98687744140625,9.98687744140625
0.016530432,9.9945068359375,9.9945068359375
0.016531456,10.00213623046875,9.98687744140625
0.01653248,10.00213623046875,9.98687744140625
0.016533504,10.00213623046875,9.98687744140625
0.016534528,9.97161865234375,9.98687744140625
0.016535552,10.00213623046875,9.98687744140625
0.016536576,9.9639892578125,9.98687744140625
0.0165376,10.01739501953125,9.98687744140625
0.016538624,9.979248046875,9.98687744140625
0.016539648,9.9945068359375,9.98687744140625
0.016540672,9.9945068359375,9.98687744140625
0.016541696,9.9945068359375,9.98687744140625
0.01654272,9.98687744140625,9.98687744140625
0.016543744,10.00213623046875,9.98687744140625
0.016544768,9.94873046875,9.98687744140625
0.016545792,10.009765625,9.98687744140625
0.016546816,9.9639892578125,9.98687744140625
0.01654784,10.01739501953125,9.98687744140625
0.016548864,9.9639892578125,9.98687744140625
0.016549888,10.0250244140625,9.98687744140625
0.016550912,9.97161865234375,9.98687744140625
0.016551936,9.98687744140625,9.98687744140625
0.01655296,9.98687744140625,9.98687744140625
0.016553984,9.9945068359375,9.98687744140625
0.016555008,9.9945068359375,9.98687744140625
0.016556032,10.00213623046875,9.98687744140625
0.016557056,9.9945068359375,9.98687744140625
0.01655808,10.00213623046875,9.98687744140625
0.016559104,9.95635986328125,9.98687744140625
0.016560128,10.009765625,9.98687744140625
0.016561152,9.9639892578125,9.98687744140625
0.016562176,10.00213623046875,9.98687744140625
0.0165632,9.97161865234375,9.98687744140625
0.016564224,9.98687744140625,9.98687744140625
0.016565248,9.9945068359375,9.98687744140625
0.016566272,9.9945068359375,9.98687744140625
0.016567296,9.98687744140625,9.98687744140625
0.01656832,9.9945068359375,9.98687744140625
0.016569344,9.9945068359375,9.98687744140625
0.016570368,10.009765625,9.9945068359375
0.016571392,9.97161865234375,9.98687744140625
0.016572416,10.01739501953125,9.98687744140625
0.01657344,9.979248046875,9.98687744140625
0.016574464,9.98687744140625,9.98687744140625
0.016575488,9.9945068359375,9.98687744140625
0.016576512,9.98687744140625,9.98687744140625
0.016577536,9.98687744140625,9.98687744140625
0.01657856,10.00213623046875,9.98687744140625
0.016579584,9.98687744140625,9.98687744140625
0.016580608,9.98687744140625,9.98687744140625
0.016581632,10.00213623046875,9.98687744140625
0.016582656,10.00213623046875,9.98687744140625
0.01658368,9.97161865234375,9.98687744140625
0.016584704,10.009765625,9.98687744140625
0.016585728,9.97161865234375,9.98687744140625
0.016586752,9.98687744140625,9.98687744140625
0.016587776,10.00213623046875,9.98687744140625
0.0165888,9.979248046875,9.98687744140625
0.016589824,9.98687744140625,9.98687744140625
0.016590848,10.009765625,9.98687744140625
0.016591872,9.9639892578125,9.98687744140625
0.016592896,9.9945068359375,9.98687744140625
0.01659392,10.009765625,9.98687744140625
0.016594944,9.97161865234375,9.98687744140625
0.016595968,10.009765625,9.98687744140625
0.016596992,9.979248046875,9.98687744140625
0.016598016,9.9945068359375,9.98687744140625
0.01659904,10.00213623046875,9.98687744140625
0.016600064,9.9639892578125,9.98687744140625
0.016601088,10.01739501953125,9.98687744140625
0.016602112,9.97161865234375,9.98687744140625
0.016603136,9.9945068359375,9.98687744140625
0.01660416,9.98687744140625,9.98687744140625
0.016605184,9.98687744140625,9.98687744140625
0.016606208,9.9945068359375,9.98687744140625
0.016607232,9.979248046875,9.98687744140625
0.016608256,9.979248046875,9.98687744140625
0.01660928,9.979248046875,9.98687744140625
0.016610304,9.9945068359375,9.98687744140625
0.016611328,9.9945068359375,9.98687744140625
0.016612352,9.98687744140625,9.98687744140625
0.016613376,9.979248046875,9.98687744140625
0.0166144,9.9945068359375,9.98687744140625
0.016615424,10.009765625,9.98687744140625
0.016616448,9.95635986328125,9.98687744140625
0.016617472,10.009765625,9.98687744140625
0.016618496,9.97161865234375,9.98687744140625
0.01661952,10.009765625,9.98687744140625
0.016620544,9.95635986328125,9.98687744140625
0.016621568,10.009765625,9.98687744140625
0.016622592,9.94873046875,9.98687744140625
0.016623616,10.00213623046875,9.98687744140625
0.01662464,9.9945068359375,9.98687744140625
0.016625664,9.98687744140625,9.98687744140625
0.016626688,9.98687744140625,9.98687744140625
0.016627712,9.9945068359375,9.98687744140625
0.016628736,9.98687744140625,9.98687744140625
0.01662976,9.98687744140625,9.98687744140625
0.016630784,9.9945068359375,9.98687744140625
0.016631808,10.00213623046875,9.98687744140625
0.016632832,9.9945068359375,9.98687744140625
0.016633856,10.009765625,9.98687744140625
0.01663488,9.9639892578125,9.98687744140625
0.016635904,10.0250244140625,9.98687744140625
0.016636928,9.97161865234375,9.98687744140625
0.016637952,9.98687744140625,9.98687744140625
0.016638976,9.9945068359375,9.98687744140625
0.01664,9.9945068359375,9.9945068359375
0.016641024,9.979248046875,9.98687744140625
0.016642048,9.98687744140625,9.98687744140625
0.016643072,9.9945068359375,9.98687744140625
0.016644096,9.9945068359375,9.98687744140625
0.01664512,9.98687744140625,9.98687744140625
0.016646144,9.979248046875,9.98687744140625
0.016647168,10.00213623046875,9.98687744140625
0.016648192,10.00213623046875,9.98687744140625
0.016649216,10.00213623046875,9.9945068359375
0.01665024,10.00213623046875,9.98687744140625
0.016651264,9.9945068359375,9.98687744140625
0.016652288,10.00213623046875,9.98687744140625
0.016653312,10.00213623046875,9.98687744140625
0.016654336,9.9945068359375,9.98687744140625
0.01665536,10.00213623046875,9.98687744140625
0.016656384,9.98687744140625,9.98687744140625
0.016657408,9.9945068359375,9.98687744140625
0.016658432,9.9945068359375,9.98687744140625
0.016659456,9.9945068359375,9.98687744140625
0.01666048,10.01739501953125,9.98687744140625
0.016661504,9.979248046875,9.98687744140625
0.016662528,10.00213623046875,9.98687744140625
0.016663552,9.98687744140625,9.98687744140625
0.016664576,10.00213623046875,9.98687744140625
0.0166656,9.97161865234375,9.98687744140625
0.016666624,9.979248046875,9.98687744140625
0.016667648,10.00213623046875,9.98687744140625
0.016668672,9.97161865234375,9.98687744140625
0.016669696,9.98687744140625,9.98687744140625
0.01667072,9.9945068359375,9.98687744140625
0.016671744,10.00213623046875,9.98687744140625
0.016672768,9.95635986328125,9.98687744140625
0.016673792,10.00213623046875,9.98687744140625
0.016674816,9.9639892578125,9.98687744140625
0.01667584,10.01739501953125,9.98687744140625
0.016676864,9.9639892578125,9.98687744140625
0.016677888,10.01739501953125,9.98687744140625
0.016678912,9.9639892578125,9.98687744140625
0.016679936,10.01739501953125,9.98687744140625
0.01668096,9.97161865234375,9.98687744140625
0.016681984,9.9945068359375,9.98687744140625
0.016683008,10.009765625,9.98687744140625
0.016684032,9.97161865234375,9.98687744140625
0.016685056,9.9945068359375,9.98687744140625
0.01668608,10.00213623046875,9.98687744140625
0.016687104,9.95635986328125,9.98687744140625
0.016688128,10.00213623046875,9.98687744140625
0.016689152,9.98687744140625,9.98687744140625
0.016690176,9.979248046875,9.98687744140625
0.0166912,9.9945068359375,9.98687744140625
0.016692224,9.9945068359375,9.98687744140625
0.016693248,9.9945068359375,9.98687744140625
0.016694272,9.9945068359375,9.98687744140625
0.016695296,9.98687744140625,9.98687744140625
0.01669632,10.00213623046875,9.98687744140625
0.016697344,10.009765625,9.98687744140625
0.016698368,9.97161865234375,9.98687744140625
0.016699392,10.00213623046875,9.98687744140625
0.016700416,9.97161865234375,9.98687744140625
0.01670144,9.98687744140625,9.98687744140625
0.016702464,10.00213623046875,9.98687744140625
0.016703488,9.98687744140625,9.98687744140625
0.016704512,9.98687744140625,9.98687744140625
0.016705536,10.00213623046875,9.98687744140625
0.01670656,9.97161865234375,9.98687744140625
0.016707584,9.98687744140625,9.98687744140625
0.016708608,9.98687744140625,9.98687744140625
0.016709632,10.00213623046875,9.98687744140625
0.016710656,10.009765625,9.9945068359375
0.01671168,9.95635986328125,9.98687744140625
0.016712704,10.0250244140625,9.98687744140625
0.016713728,9.98687744140625,9.98687744140625
0.016714752,9.9945068359375,9.98687744140625
0.016715776,9.98687744140625,9.98687744140625
0.0167168,10.00213623046875,9.98687744140625
0.016717824,9.979248046875,9.98687744140625
0.016718848,9.98687744140625,9.98687744140625
0.016719872,9.98687744140625,9.98687744140625
0.016720896,10.00213623046875,9.98687744140625
0.01672192,10.00213623046875,9.98687744140625
0.016722944,9.9639892578125,9.98687744140625
0.016723968,10.009765625,9.98687744140625
0.016724992,9.97161865234375,9.98687744140625
0.016726016,9.9945068359375,9.98687744140625
0.01672704,10.00213623046875,9.98687744140625
0.016728064,10.009765625,9.98687744140625
0.016729088,9.979248046875,9.98687744140625
0.016730112,9.98687744140625,9.98687744140625
0.016731136,10.00213623046875,9.98687744140625
0.01673216,9.9639892578125,9.98687744140625
0.016733184,10.01739501953125,9.98687744140625
0.016734208,9.97161865234375,9.98687744140625
0.016735232,10.00213623046875,9.98687744140625
0.016736256,9.9945068359375,9.98687744140625
0.01673728,9.979248046875,9.98687744140625
0.016738304,9.98687744140625,9.98687744140625
0.016739328,9.98687744140625,9.98687744140625
0.016740352,10.00213623046875,9.98687744140625
0.016741376,10.00213623046875,9.98687744140625
0.0167424,9.9639892578125,9.98687744140625
0.016743424,10.0250244140625,9.9945068359375
0.016744448,9.979248046875,9.9945068359375
0.016745472,10.00213623046875,9.98687744140625
0.016746496,9.97161865234375,9.98687744140625
0.01674752,10.009765625,9.98687744140625
0.016748544,9.979248046875,9.98687744140625
0.016749568,9.9945068359375,9.98687744140625
0.016750592,10.00213623046875,9.98687744140625
0.016751616,9.95635986328125,9.98687744140625
0.01675264,10.00213623046875,9.98687744140625
0.016753664,9.97161865234375,9.98687744140625
0.016754688,9.9639892578125,9.98687744140625
0.016755712,10.009765625,9.98687744140625
0.016756736,9.9639892578125,9.98687744140625
0.01675776,10.009765625,9.98687744140625
0.016758784,9.97161865234375,9.98687744140625
0.016759808,10.01739501953125,9.98687744140625
0.016760832,9.97161865234375,9.98687744140625
0.016761856,9.98687744140625,9.98687744140625
0.01676288,10.00213623046875,9.98687744140625
0.016763904,10.00213623046875,9.98687744140625
0.016764928,9.9945068359375,9.98687744140625
0.016765952,10.009765625,9.98687744140625
0.016766976,9.979248046875,9.98687744140625
0.016768,9.98687744140625,9.98687744140625
0.016769024,9.97161865234375,9.98687744140625
0.016770048,9.97161865234375,9.98687744140625
0.016771072,10.009765625,9.98687744140625
0.016772096,9.9639892578125,9.98687744140625
0.01677312,10.0250244140625,9.98687744140625
0.016774144,9.98687744140625,9.98687744140625
0.016775168,10.00213623046875,9.98687744140625
0.016776192,9.979248046875,9.98687744140625
